"Question","Answer","Sources"
"Can hypertension lead to obesity","**Introduction**
Hypertension and obesity are two of the most common chronic conditions worldwide, and their relationship is well‑documented in the literature.  The prevailing evidence shows that excess adiposity is a major driver of elevated blood pressure, whereas the reverse—hypertension causing weight gain—is not supported by the data retrieved in this review.
**Key Findings**
1. **Obesity as a causal factor for hypertension**
* The ARIC study and other cohort data demonstrate that each unit increase in BMI raises the risk of heart failure and other cardiovascular events, with obesity accounting for 65–78 % of essential hypertension cases.  (File 41, level 0)
* Mechanistic studies describe how adipose tissue secretes leptin, TNF‑α, and other cytokines that stimulate sympathetic activity and the renin‑angiotensin‑aldosterone system (RAAS), leading to sodium retention and increased arterial pressure.  (File 32, level 0)
2. **Hypertension does not initiate obesity**
* None of the retrieved sources report a causal pathway in which elevated blood pressure leads to increased adiposity.  The literature consistently frames hypertension as a consequence of metabolic and hemodynamic changes driven by excess weight.
* The only documented link between hypertension and weight is the potential for certain antihypertensive medications (e.g., beta‑blockers, thiazide diuretics) to promote modest weight gain.  This effect is pharmacologic, not a direct causal relationship between the disease states.
3. **Clinical observations**
* Patients with hypertension often experience weight gain when treated with medications that alter fluid balance or metabolic rate, but this is an iatrogenic side effect rather than hypertension itself causing obesity.
* Weight loss—through diet, exercise, or bariatric surgery—consistently lowers blood pressure, reinforcing the directionality of the relationship.  (File 41, level 0; File 32, level 0)
**Clinical Implications**
- **Screening and Prevention**: Clinicians should prioritize weight assessment and counseling in hypertensive patients, as obesity is a modifiable risk factor that can worsen blood pressure control and increase cardiovascular risk.
- **Medication Choice**: When initiating antihypertensive therapy, consider agents with a neutral or weight‑loss effect (e.g., ACE inhibitors, ARBs, calcium‑channel blockers) in patients with obesity or at risk of weight gain.
- **Monitoring**: Track weight changes in patients on antihypertensive regimens that are known to influence body mass, and adjust treatment or add lifestyle interventions accordingly.
**Conclusion**
The evidence from the hierarchical sources unequivocally indicates that obesity is a major contributor to the development and persistence of hypertension, but hypertension itself does not cause obesity.  Any weight changes observed in hypertensive patients are most often related to pharmacologic therapy rather than the disease process.  Therefore, management strategies should focus on weight reduction to improve blood pressure control and reduce cardiovascular morbidity.","**1. File 41 - [Obesity and cardiovascular health_extracted.pdf] - file_41_chunk_3_level_0**
heart failure data from the aric study showed that the risk of developing heart failure related to obesity independent of other metabolic risk factors is higher compared with other forms of cvd with hazard ratios for se vere obesity (bmi >35 vs. normal weight) of 3.74 [95% confidence interval (ci) 3.24-4.31] for heart failure (hf), 2.00 (95% ci 1.67-2.40) for coronary heart disease (chd), and 1.75 (95% ci 1.40-2.20) for stroke (p < 0.0001 for comparisons of hf vs. chd or stroke).13 obesity is associated with structural and functional changes in the heart that adversely affects haemodynamics and left ventricular (lv) structure and function. obesity leads to an increase in total blood and stroke volume. in normotensive patients, there is also a decrease in systemic vascular resistance, and the initial net effect is increased car diac output.16 however over time, the left shift in the frank-starling curve due to an increased blood volume and preload results in negative lv remodelling, including lv chamber enlargement and hypertrophy.16 other adverse responses to obesity include increases in intracardiac fill ing pressures as well as elevated pulmonary artery pressure. these long-term structural and haemodynamic adaptations predispose obese individuals to both diastolic and systolic heart failure.17 data from the framingham heart study suggest for every increase in unit of bmi, there is a 5% increased risk of developing heart failure in men and a 7% increased risk in women. the number of years a person is severely ob ese significantly impacts the prevalence of congestive heart failure, with a prevalence of 70 and 90% after 20 and 30 years, respectively.18 in add ition to the direct effects of obesity on cardiac structure and function, the cascade of obesity-induced metabolic dysfunction and disease states are major contributors to obesity-related heart failure.17 hypertension individuals with hypertension defined as an untreated systolic blood pressure >140 mmhg or diastolic blood pressure >90 mmhg, or the use of antihypertensive medications, have a two-to three-fold in creased risk for all cvd events compared with non-hypertensive indi viduals. the relative risks of stroke and heart failure with hypertension are greater than for coronary heart disease.19 the relationship between obesity and hypertension is well established with estimates that obesity accounts for 65-78% of cases of essential hypertension9 (figure 1). numerous clinical trials and population studies have elucidated the me chanisms of obesity-related hypertension including insulin-and leptin-mediated stimulation of the sympathetic nervous system activating the renin-angiotensin-aldosterone system (raas) system and renal sodium retention, direct activation of the raas system by increased angiotensi nogen, angiotensin ii, aldosterone, and inflammatory cytokine production in adipose tissue.20 enhanced renal sodium absorption shifts the pressure natriuresis curve to the right, thereby necessitating higher arterial pres sure to excrete the salt intake and maintain sodium balance and volume homeostasis. this mechanism explains the sodium sensitivity of obese pa tients with hypertension and the need for diuretic therapy in many of these patients.20 dyslipidaemia dyslipidaemia is the largest contributing factor to the development of atherosclerosis and subsequent atherosclerotic cvd in obese individuals.21 numerous clinical trials including all the statin trials, popu lation studies, and mendelian randomization studies have clearly de monstrated the causal role of apo-b-containing lipoproteins in the initiation of atherosclerosis. the entrance of apo-b lipoprotein particles within the arterial wall is the fundamental step that initiates and drives the atherosclerotic process from beginning to end.22 obesity and obesity-related metabolic diseases are strongly linked to dyslipidaemia that promotes atherosclerosis. approximately 60-70% of patients with obesity have abnormal lipids including elevated serum triglycerides, very low density lipoprotein, apolipoprotein b, non-hdl-c levels, and low serum hdl-c.

**2. File 32 - [Hypertension_extracted.pdf] - file_32_chunk_2_level_0**
it is generally known that there are racial and ethnic differences in the prevalence of hypertension. for instance, compared to other ethnic groups, african americans in the united states have a much greater frequency of hypertension. genetic, socioeconomic, healthcare access and cultural variables all have an impact on these discrepancies. the large percentage of untreated and uncontrolled instances of hypertension is one of the on-going difficulties in controlling the condition. many people with hypertension are uninformed that they have the condition, and even among those who are, many struggle to maintain appropriate blood pressure management. this discrepancy emphasizes the necessity of raising hypertension awareness, early detection, and treatment regimen adherence. beyond only being common, hypertension has a significant impact on healthcare and public health. it carries a considerable chance of developing cardiovascular conditions such heart attacks, strokes, heart failure, and kidney problems. it adds to the overall burden of non-communicable diseases (ncds), a major cause of death across the globe. uncontrolled hypertension complications, like heart attacks and strokes, lead to high healthcare expenses, long-term incapacity, and early death. in addition to its negative effects on health, high blood pressure costs the healthcare system a lot of money due to an increase in hospital stays, medication use, and outpatient visits (ncd risk factor collaboration, 2017). the need for improved hypertension prevention and management is urgent given this cost to society. obesity obesity stands out as one of the most significant and changeable contributors among the many risk factors of hypertension. the excessive build-up of adipose tissue in the body, which is primarily caused by an imbalance between calorie intake and expenditure, is what is referred to as obesity. it is well acknowledged as a significant risk factor for the onset, development, and inadequate management of hypertension. there is no indication of a threshold, and epidemiological studies have repeatedly found a constant, nearly linear direct association between bmi and blood pressure. numerous intricate physiological mechanisms underlie the link between obesity and hypertension. adipose tissue's secretion of pro-inflammatory cytokines and adipokines is one such mechanism. tumor necrosis factor-alpha (tnf-), leptin, and other bioactive chemicals encourage systemic inflammation and oxidative stress, which results in endothelial dysfunction and vascular remodelling. insulin signalling is interfered with by substances originating from adipose tissue, which is a condition closely related to obesity. nitric oxide and endothelin-1 are two examples of the delicately balanced chemicals that are further upset by insulin resistance, impairing vasodilation and enhancing vasoconstriction, respectively. additionally, dyslipidaemia, which is linked to obesity and is characterized by high triglyceride levels and low levels of hdl cholesterol, is linked to atherosclerosis and hypertension. another important factor in the connection between obesity and hypertension is the renin-angiotensin-aldosterone system (raas). angiotensinogen and other raas constituents, such as adiponectin, are produced by adipose tissue, an active endocrine organ. increased blood pressure, volume expansion, and salt and water retention are caused by the raas being overactive. high sodium intake high sodium consumption is one of the modifiable risk factors that has received the most tehreem riaz, muhammad akram, umme laila, rida zainab, muhammad talha khalil, momina iftikhar, fethi ahmet ozdemir, gawel solowski, marcos altable, adonis sfera, marium ahsan, muhammad ateeq islam, pragnesh parmar. the global epidemiology, risk factors and treatment of hypertension. iaim, 2023; 10: 10-18. page 13 attention due to its important involvement in the onset and progression of hypertension. for cellular activity and fluid equilibrium to be maintained, sodium, an important electrolyte, is required. the pure study indicated that in 2010, the world's daily sodium intake was 3, 950 mg, which is significantly more than the 2, 300 mg or less per day that is suggested in all published standards. however, an abundant diet of processed and salty foods, as well as excessive sodium consumption, has been identified as a significant risk factor for hypertension. the consumption of sodium has been linked to higher blood pressure in randomized clinical trials, observational epidemiologic research, and animal studies. most cross-sectional observational research on the relationship between blood pressure or hypertension and sodium intake or 24-hour urine sodium excretion found a substantial, positive, and favorable linear relationship. high sodium consumption and hypertension are mostly correlated because of how it affects fluid retention and vascular tone. the imbalance between sodium and potassium is upset by too much sodium, which causes intracellular sodium build-up. this build-up causes water retention, which raises blood volume and, as a result, blood pressure.

**3. File 41 - [Obesity and cardiovascular health_extracted.pdf] - file_41_chunk_1_level_0**
obesity results in a state of chronic inflammation, abnormal hormonal and immune system responses, and ultimately systemic metabolic dysregulation.1 the aeti ology of obesity is multifactorial with genetics, environmental factors, socioeconomic status, and behavioural factors all contributing to the development and persistence of obesity. obesity is a major risk factor for many of the most prevalent global chronic diseases including dia betes, hypertension, cardiovascular disease (cvd), kidney disease, chronic respiratory disease, and multiple types of cancers. it is esti mated that obesity is directly responsible for at least 200 000 new can cer cases each year across europe.2 the direct and indirect costs to society are immense placing significant strain on the health systems and other social resources in many countries. the world health organization (who) defines overweight individuals as having a body mass index (bmi) >25 kg/m2 and obese indi viduals having a bmi >30 kg/m2.2 although bmi is not a perfect measure of obesity, it is easy to calculate and in most groups of people correlates well with the percentage of body fat and body fat mass. the prevalence of obesity has risen to epidemic levels in many countries in the past 50 years. as of 2011, nearly 1.5 billion people worldwide were overweight or ob ese, and it is estimated that almost 60% of adults and nearly one in three children (29% of boys and 27% of girls) in the who european region are overweight or obese.2 in 2018, age-adjusted prevalence of obesity among adults in the usa based upon data collected for national health and nutrition examination survey (nhanes) was 42.4%.3 initially a disease of wealthy people in high-income nations, obesity is now a disease of the poor due to global socioeconomic forces including the adoption of global free trade and economic growth and urbanization of low-and middle-income countries.3 in wealthy nations like the usa, overweight and obesity disproportionately affects low-income and minority residents. non-hispanic black women have the highest rates of obesity in the usa --nearly 57%, compared with 44% in hispanic american women, 40% in non-hispanic white women, and 17% of non-hispanic asian women.3 physiologically, humans evolved to store calories and conserve energy. this likely conveyed a reproductive and survival advantage, buffering against starvation and avoiding disease-induced anorexia (the thrifty gene hypothesis).4 while storing some amount of fat would have been advantageous, storing large amounts of fat would have increased suscep tibility to predation. it is hypothesized that this absence of predation se lection in the last 30 000 years allowed for genes that promote energy storage and obesity to persist and drift forward in the genetic journey of human evolution rather than be selected out (the drifty gene hypoth esis).4, 5 while genetic susceptibility for obesity plays a role in our current obesity epidemic, the evolution of our current obesogenic environment in the last 50 years is the catalyst for the rapid rise in obesity rates in this time frame. the modern western lifestyle, particularly the overconsumption of hyperpalatable, calorie-dense foods, lack of physical activity (pa), and increased sedentary behaviours facilitated by dramatic shifts in global food production, economic changes in types of employment, transporta tion, the rise of suburban living, and loss of communal green spaces, con tributes to the rising obesity rates.6 as this western lifestyle has spread globally, we have seen the global rise in obesity in less economically devel oped nations across various ethnicities and across all age groups. once significant weight gain and obesity occurs for the individual, weight loss through healthy lifestyle interventions including severe cal orie restricted diets, education about healthy food choices, and increas ing pa and scheduled exercise most often fail to achieve and maintain significant weight loss (defined as 5-10% loss of initial body weight). randomized controlled trials looking at weight loss through lifestyle interventions in obese individuals with and without diabetes, such as the look ahead trial, have demonstrated modest metabolic benefits without a reduction in cardiovascular events or mortality benefit. in addition, lifestyle interventions for the management of obesity involv ing severe calorie restriction almost always demonstrate rapid weight regain even when weight maintenance therapy is provided.7, 8 undoubtedly, the key to combating the obesity pandemic is preventing people from becoming obese in the first place. this may sound like a modest goal but given the skyrocketing rates of obesity in children of all ages including infants and toddlers, this is no small task. understanding the genetic predisposition and pathophysiology of obes ity will inform the best prevention efforts both at the population health and individual level. contribution of obesity to cardiovascular disease and cardiovascular risk factors obesity directly and indirectly promotes cvd.

**4. File 41 - [Obesity and cardiovascular health_extracted.pdf] - file_41_summary_1_part_0_level_1**
obesity markedly increases risk of heart failure, with severe obesity (bmi≥35) conferring a hazard ratio of 3.74 versus normal weight, higher than for coronary heart disease (2.00) or stroke (1.75). obesity induces structural and haemodynamic cardiac changes—volume overload, lv chamber enlargement, hypertrophy, elevated filling pressures—that predispose to both diastolic and systolic heart failure. each bmi unit raises heart failure risk by 5% in men and 7% in women, and long-term severe obesity raises congestive heart failure prevalence to 70–90% after 20–30 years. obesity also drives hypertension and dyslipidemia through sympathetic, ras, and inflammatory pathways, accounting for 65–78% of essential hypertension and 60–70% of abnormal lipid profiles, thereby accelerating atherosclerosis.

**5. File 32 - [Hypertension_extracted.pdf] - file_32_summary_0_part_0_level_1**
hypertension is a global chronic disease affecting 1.13 billion people, with high prevalence especially in low- and middle-income countries and among older adults, men early and women post-menopause, and african americans in the us; major modifiable risk factors include obesity, high sodium intake, physical inactivity, and excessive alcohol consumption, each linked to mechanisms such as inflammation, endothelial dysfunction, raas activation, and sympathetic overactivity that raise blood pressure; uncontrolled hypertension leads to cardiovascular events, kidney disease, and significant health system costs, yet many patients remain unaware or untreated, underscoring the need for awareness, early detection, and adherence to therapy; effective management requires a holistic approach combining pharmacologic treatment, lifestyle changes, and emerging therapies targeting root causes, aiming to reduce global burden and improve cardiovascular outcomes.

**6. File 41 - [Obesity and cardiovascular health_extracted.pdf] - file_41_chunk_15_level_0**
us population data. arch intern med 1993; 153: 598-615.20. hall je, do carmo jm, da silva aa, wang z, hall me. obesity-induced hypertension-- interaction of neurohumoral and renal mechanisms. circ res 2015; 116: 991-1006.21. wickramasinghe m, weaver ju. practical guide to obesity. st. louis, missouri: elsevier; 2018. p99-108.22. sniderman ad, thanassoulis g, glavinovic t, navar am, pencina m, catapano a, et al. apolipoprotein b particles and cardiovascular disease: a narrative review. jama cardiol 2019; 4: 1287-1295.23. klop b, elte jw, cabezas mc. dyslipidemia in obesity: mechanisms and potential tar gets. nutrients 2013; 5: 1218-1240.24. rosell m, appleby p, spencer e, key t. weight gain over 5 years in 21, 966 meat-eating, fish-eating, vegetarian, and vegan men and women in epic-oxford. int j obes 2006; 30: 1389-1396.25. hill jo, wyatt hr, peters jc. energy balance and obesity. circulation 2012; 126: 126-132.26. gbd 2017 dalys and hale collaborators. global, regional, and national disability-adjusted life-years (dalys) for 359 diseases and injuries and healthy life ex pectancy (hale) for 195 countries and territories, 1990-2017: a systematic analysis for the global burden of disease study 2017. lancet 2018; 392: 1859-1922.27. wynder el, lemon fr. cancer, coronary artery disease and smoking: a preliminary re port on differences in incidence between seventh-day adventists and others. calif med 1958; 89: 267.28. diesel jc, eckhardt cl, day nl, brooks mm, arslanian sa, bodnar lm. gestational weight gain and offspring longitudinal growth in early life. ann nutr metab 2015; 67: 49-57.29. diesel jc, eckhardt cl, day nl, brooks mm, arslanian sa, bodnar lm. is gestational weight gain associated with offspring obesity at 36 months? pediatr obes 2015; 10: 305-310.30. sridhar sb, darbinian j, ehrlich sf, markman ma, gunderson ep, ferrara a, et al. maternal gestational weight gain and offspring risk for childhood overweight or obesity. am j obstet gynecol 2014; 211: 259.e1-259.e8.31. poston lp. gestational weight gain. in uptodate. waltham, ma: uptodate inc. http: // (10 january 2023). 32. piercy kl, troiano rp, ballard rm, carlson sa, fulton je, galuska da, et al. the physical activity guidelines for americans. jama 2018; 320: 2020-2028.33. ma j, qiao y, zhao p, li w, katzmarzyk pt, chaput j-p, et al. breastfeeding and child hood obesity: a 12-country study. matern child nutr 2020; 16: e12984.34. rito ai, buoncristiano m, spinelli a, salanave b, kunesova m, hejgaard t, et al. association between characteristics at birth, breastfeeding and obesity in 22 countries: the who european childhood obesity surveillance initiative--cosi 2015/2017. obes facts 2019; 12: 226-243.1034 a. welsh et al. 35. flores-barrantes p, iguacel i, iglesia-altaba i, moreno la, rodriguez g. rapid weight gain, infant feeding practices, and subsequent body mass index trajectories: the calina study. nutrients 2020; 12: 3178.36. imai cm, gunnarsdottir i, thorisdottir b, halldorsson ti, thorsdottir i. associations be tween infant feeding practice prior to six months and body mass index at six years of age.

**7. File 32 - [Hypertension_extracted.pdf] - file_32_chunk_3_level_0**
the pure study indicated that in 2010, the world's daily sodium intake was 3, 950 mg, which is significantly more than the 2, 300 mg or less per day that is suggested in all published standards. however, an abundant diet of processed and salty foods, as well as excessive sodium consumption, has been identified as a significant risk factor for hypertension. the consumption of sodium has been linked to higher blood pressure in randomized clinical trials, observational epidemiologic research, and animal studies. most cross-sectional observational research on the relationship between blood pressure or hypertension and sodium intake or 24-hour urine sodium excretion found a substantial, positive, and favorable linear relationship. high sodium consumption and hypertension are mostly correlated because of how it affects fluid retention and vascular tone. the imbalance between sodium and potassium is upset by too much sodium, which causes intracellular sodium build-up. this build-up causes water retention, which raises blood volume and, as a result, blood pressure. the renin-angiotensin-aldosterone system (raas) and sodium play a key role in hypertension. when the raas is activated by high sodium levels, aldosterone is secreted, which encourages sodium reabsorption and potassium excretion. this loop results in on-going fluid retention and raises blood pressure. increased sodium intake can also affect nitric oxide availability and impair endothelial function, which results in vasoconstriction and decreased arterial compliance. a characteristic of hypertension, increased peripheral resistance is a result of these vascular alterations. physical inactivity physical inactivity is one of the risk factors that can be modified because of its important role in the development and exacerbation of hypertension. insufficient physical exercise and sedentary lifestyles have been identified as significant risk factors for the onset and inadequate management of hypertension. urbanized people in high-income countries have substantially higher rates of insufficient physical activity. there is a reduction in the incidence of incident hypertension with even low amounts of physical activity (like walking to work). physical activity lowers blood pressure in people with hypertension and norm tension, according to randomized controlled trials and meta-analyses. physical inactivity and hypertension are linked because of the complex interactions between many physiological processes. through a number of mechanisms, regular physical activity supports cardiovascular health. improved endothelial function is one of the main mechanisms. nitric oxide, a vasodilator that promotes optimal blood channel dilatation and lowers blood pressure, is released while you exercise. additionally, exercise is beneficial for maintaining the equilibrium of the autonomic nervous system. regular exercise improves blood pressure regulation and heart rate variability by decreasing sympathetic nervous system activity and increasing parasympathetic activity. along with obesity, insulin resistance, and metabolic syndrome, which all contribute to the development of hypertension, physical inactivity is also linked to these conditions. being sedentary results in increased body weight and adiposity, this in turn causes inflammation, insulin resistance, and altered lipid metabolism, which eventually affects the control of blood pressure. alcohol consumption alcohol use has drawn a lot of attention among the modifiable risk factors because of its intricate relationship to the onset and worsening of hypertension. while moderate alcohol consumption may have some health benefits for the heart, heavy or excessive drinking increases the risk of hypertension. from 5.9 l per capita in 1990 to 6.5 l in 2017, the world's annual alcohol consumption increased. high levels of tehreem riaz, muhammad akram, umme laila, rida zainab, muhammad talha khalil, momina iftikhar, fethi ahmet ozdemir, gawel solowski, marcos altable, adonis sfera, marium ahsan, muhammad ateeq islam, pragnesh parmar. the global epidemiology, risk factors and treatment of hypertension. iaim, 2023; 10: 10-18. page 14 alcohol consumption have been linked to an increased risk of high blood pressure in numerous observational epidemiologic studies. alcohol consumption and hypertension are linked by intricate physiological pathways. it is well established that alcohol affects blood pressure regulation both acutely and continuously. acute alcohol use causes vascular smooth muscles to relax, which causes vasodilation. this momentary vasodilation can initially drop blood pressure, but due to the cumulative effects of heavy drinking on the cardiovascular system, it can also cause blood pressure to rise for an extended period of time. while heavy drinkers had a higher risk of incident hypertension than either light to moderate drinkers or non-drinkers, light to moderate drinkers had a lower risk than neither group. except for black men, for whom risk was similarly enhanced in light to moderate and heavy drinkers compared to non-drinkers, this pattern was seen in all racial and gender groups. treatment interventions of hypertension lifestyle modification it is crucial to address food choices in the onset and treatment of hypertension.

**8. File 32 - [Hypertension_extracted.pdf] - file_32_chunk_1_level_0**
page 11 hypertension requires a comprehensive strategy that includes awareness-raising, early identification, and individualized therapeutic interventions. key words hypertension, epidemiology, pathogenesis, risk factors, treatment. introduction the significant incidence of hypertension, which varies across geographies, racial groups, and socioeconomic levels, highlights the disease's widespread burden. for designing effective preventative measures and targeted interventions, understanding epidemiological patterns and trends is essential. a trip through complex physiological pathways combining vascular dysfunction, neurohormonal dysregulation, and immune system activation is required to fully understand the pathophysiology of hypertension. these realizations open up new therapy possibilities that target the root causes of hypertension. risk factors are very important in the onset and development of hypertension. a comprehensive framework for preventive measures and individualized therapies is provided by a thorough examination of these risk variables, which range from genetic predisposition to lifestyle choices. additionally, the spectrum of hypertension treatments is always changing and includes pharmaceutical interventions, lifestyle changes, and novel therapies. the key to obtaining optimal blood pressure control and lowering related cardiovascular risks is to take a holistic approach to therapy that takes into account the unique patient profiles. in light of this, the goal of this review article is to bring together recent findings, synthesize clinical knowledge, and provide a comprehensive analysis of the effects of hypertension on the world. this article aims to provide healthcare professionals and researchers with a thorough resource that informs evidence-based practice, ultimately contributing to the global effort to mitigate the burden of hypertension and improve cardiovascular health on a global scale. it does this by elucidating the epidemiology, pathogenesis, risk factors, and treatment modalities. epidemiology of hypertension one of the most prevalent chronic medical illnesses in the world hypertension affects people of all ages, genders, and socioeconomic statuses. it's astounding prevalence around the globe. according to the world health organization (who), 1.13 billion people worldwide were predicted to have hypertension in 2019 (who, 2021). the severity of the issue and its significant negative effects on public health are highlighted by this high prevalence. adults with hypertension are reportedly 46% less likely to be aware of their condition. there are considerable regional and international differences in the prevalence of hypertension. according to ncd risk factor collaboration's 2017 report, high-income countries--particularly those in north america and europe--report lower prevalence rates than low-and middle-income ones--particularly those in south asia, africa, and portions of southeast asia. these gaps can be attributable to lifestyle, social, genetic, and healthcare access differences. age and hypertension go hand in hand, making it more prevalent as people age. the normal physiological changes that take place with ageing, such as changes in blood vessel flexibility and general cardiovascular health, are the cause of this age-dependent pattern. however, hypertension is not just a problem for elderly people; it may also affect younger age groups, like kids and teenagers, mostly as a result of things like obesity and leading sedentary lifestyles. tehreem riaz, muhammad akram, umme laila, rida zainab, muhammad talha khalil, momina iftikhar, fethi ahmet ozdemir, gawel solowski, marcos altable, adonis sfera, marium ahsan, muhammad ateeq islam, pragnesh parmar. the global epidemiology, risk factors and treatment of hypertension. iaim, 2023; 10: 10-18. page 12 across all age categories, there are disparities in the prevalence of hypertension by gender. men are more likely than women to have hypertension in their early adult years. women do, however, seem to have a larger prevalence as people age, especially after menopause. this shift is influenced by hormonal changes, particularly the drop in oestrogen levels during menopause. it is generally known that there are racial and ethnic differences in the prevalence of hypertension. for instance, compared to other ethnic groups, african americans in the united states have a much greater frequency of hypertension. genetic, socioeconomic, healthcare access and cultural variables all have an impact on these discrepancies. the large percentage of untreated and uncontrolled instances of hypertension is one of the on-going difficulties in controlling the condition. many people with hypertension are uninformed that they have the condition, and even among those who are, many struggle to maintain appropriate blood pressure management. this discrepancy emphasizes the necessity of raising hypertension awareness, early detection, and treatment regimen adherence. beyond only being common, hypertension has a significant impact on healthcare and public health. it carries a considerable chance of developing cardiovascular conditions such heart attacks, strokes, heart failure, and kidney problems. it adds to the overall burden of non-communicable diseases (ncds), a major cause of death across the globe.

**9. File 41 - [Obesity and cardiovascular health_extracted.pdf] - file_41_chunk_19_level_0**
campos gm, khoraki j, browning mg, pessoa bm, mazzini gs, wolfe l. changes in util ization of bariatric surgery in the united states from 1993 to 2016. ann surg 2020; 271: 201-209.76. courcoulas ap, christian nj, belle sh, berk pd, flum dr, garcia l, et al. weight change and health outcomes at 3 years after bariatric surgery among individuals with severe obesity. jama 2013; 310: 2416-2425.77. courcoulas ap, king wc, belle sh, berk p, flum dr, garcia l, et al. seven-year weight trajectories and health outcomes in the longitudinal assessment of bariatric surgery (labs) study. jama surg 2018; 153: 427-434.78. maciejewski ml, arterburn de, van scoyoc l, smith va, yancy ws, weidenbacher hj, et al. bariatric surgery and long-term durability of weight loss. jama surg 2016; 151: 1046-1055.79. vest ar, heneghan hm, agarwal s, schauer pr, young jb. bariatric surgery and cardio vascular outcomes: a systematic review. heart 2012; 98: 1763-1777.80. buchwald h, estok r, fahrbach k, banel d, jensen md, pories wj, et al. weight and type 2 diabetes after bariatric surgery: systematic review and meta-analysis. am j med 2009; 122: 248-256.e5.81. gudzune ka, doshi rs, mehta ak, chaudhry zw, jacobs dk, vakil rm, et al. efficacy of commercial weight-loss programs: an updated systematic review. ann intern med 2015; 162: 501-512.82. montesi l, el ghoch m, brodosi l, calugi s, marchesini g, dalle grave r. long-term weight loss maintenance for obesity: a multidisciplinary approach. diabetes metab syndr obes 2016; 9: 37-46.83. diabetes prevention program research group, knowler wc, fowler se, hamman rf, christophi ca, hoffman hj, brenneman at, et al. 10-year follow-up of diabetes inci dence and weight loss in the diabetes prevention program outcomes study. lancet 2009; 374: 1677-1686. obesity and cardiovascular health 1035."
"Who are more likely to have hypertension men or women?","**Brief Introduction**
Hypertension is a leading modifiable risk factor for cardiovascular disease worldwide.  Understanding which sex carries a higher prevalence—and how that prevalence translates into risk—helps clinicians target screening, prevention, and treatment efforts.
**Key Findings**
| Aspect | Men | Women |
|--------|-----|-------|
| **Population‑level prevalence** | 28.4 % (global estimate) | 20.2 % (global estimate) |
| **Relative cardiovascular impact** | Hypertension is a major contributor to heart failure, but coronary disease is the primary driver in men. | Hypertension is the primary risk factor for heart failure in women. |
| **Control of hypertension** | Generally better control rates than women, especially in older age groups. | Hypertension is often less well controlled in older women, contributing to higher relative risk. |
| **Risk‑enhancing factors** | Men have higher prevalence of hypertension overall, but the relative risk increase per unit of blood‑pressure elevation is similar to women. | Women experience a greater relative cardiovascular risk from hypertension, particularly when uncontrolled or in the presence of other female‑specific risk modifiers (e.g., menopause, PCOS). |
**Clinical Implications**
1. **Screening & Diagnosis**
- Men should be screened routinely for hypertension given the higher prevalence.
- Women, especially post‑menopausal or those with reproductive‑health risk factors, should also be screened aggressively because uncontrolled hypertension confers a disproportionate cardiovascular risk.
2. **Management & Control**
- Interventions that improve blood‑pressure control in women (e.g., tailored lifestyle counseling, medication adherence support) may yield larger reductions in cardiovascular events than in men.
- Recognizing that hypertension is less well controlled in older women can prompt earlier intensification of therapy.
3. **Risk Stratification**
- In women, hypertension should be considered a “risk‑enhancing” factor in cardiovascular risk calculators, particularly when combined with other female‑specific factors such as early menopause or PCOS.
- In men, hypertension remains a key component of risk assessment but may be weighted slightly less heavily when coronary disease is the dominant driver.
**Conclusion**
Globally, men are more likely to have hypertension, as reflected by higher prevalence rates.  However, women experience a greater relative cardiovascular impact from hypertension, especially when it is uncontrolled or accompanied by female‑specific risk modifiers.  Clinicians should therefore maintain vigilant screening and aggressive control strategies in both sexes, tailoring interventions to the distinct epidemiologic and pathophysiologic patterns observed in men and women.","**1. File 49 - [Risk Factors for Heart Failure_extracted.pdf] - file_49_summary_2_part_0_level_1**
hypertension was the most common risk factor among incident heart failure cases, present in 66% of patients, and both hypertension and obesity preceded heart failure by more than 10 years, whereas coronary disease led to heart failure more rapidly after onset; the burden of hypertension, obesity, and smoking increased over time, and population attributable risk for coronary disease and hypertension each was about 20%, with a combined 52% of incident heart failure attributable to the studied risk factors; sex-specific patterns showed hypertension as the primary risk factor in women and coronary disease in men, underscoring the need for targeted prevention of these conditions to reduce heart failure incidence; the study's strengths include long follow-up and population-based controls, but limitations include reliance on medical record review and a predominantly caucasian cohort.

**2. File 51 - [Sex-specific differences in cardiovascular risk factors and_extracted.pdf] - file_51_summary_0_part_0_level_2**
women have a greater relative cardiovascular risk from diabetes, smoking, obesity, and hypertension than men, with diabetes increasing risk 3-7× in women versus 2-3× in men, smoking risk 25% higher in women except ages 30-44, obesity raising chd risk 64% in women versus 46% in men, and hypertension less well controlled in older women. female-specific factors such as a u-shaped association with early or late menarche, early menopause (<45 years), polycystic ovary syndrome (≈4× higher type 2 diabetes risk), spontaneous pregnancy loss (1.2-2× higher coronary heart disease risk), and parity or adverse pregnancy outcomes (hypertensive disorders, gestational diabetes, preterm birth) independently predict long-term cardiovascular disease. coronary artery calcium scores and biomarkers can refine risk stratification beyond traditional factors, highlighting the need for sex-specific assessment in cardiovascular risk prediction.

**3. File 26 - [Exercise as a tool for hypertension and resistant_extracted.pdf] - file_26_summary_0_part_0_level_1**
global hypertension prevalence is 20.2% in women and 28.4% in men, with middle-income countries slightly higher than high-income ones. resistant hypertension, defined as uncontrolled blood pressure on three antihypertensive drugs including a diuretic or controlled with four or more drugs, is linked to a 50% increase in cardiovascular events and a two-fold rise in overall risk. despite many available medications, only a small fraction of patients reach target blood pressure, making lifestyle modification—especially exercise—critical. randomized trials and meta-analyses show that aerobic, isometric, and high-intensity interval training lower blood pressure and improve cardiovascular risk factors, endothelial function, and reduce inflammation.

**4. File 51 - [Sex-specific differences in cardiovascular risk factors and_extracted.pdf] - file_51_summary_0_part_0_level_1**
the review examines sex differences in traditional cardiovascular risk factors and female-specific factors such as age of menarche/menopause, pcos, infertility, assisted reproductive technology, pregnancy loss, parity, adverse pregnancy outcomes, autoimmune disease, migraines, and depression, and discusses how coronary artery calcium scores and biomarkers can refine risk stratification. women experience a greater relative cardiovascular risk from diabetes, smoking, obesity, and hypertension than men, with diabetes increasing risk 3-7× in women versus 2-3× in men, smoking risk 25% higher in women except ages 30-44, obesity raising chd risk 64% in women versus 46% in men, and hypertension being less well controlled in older women. both early (≤10-12 years) and late (≥17 years) menarche are associated with a u-shaped increase in cardiovascular disease, linked to obesity, metabolic syndrome, pcos, and reduced lifetime estrogen exposure, while early menopause (<45 years) is a risk-enhancing factor for atherosclerotic cardiovascular disease, stroke, heart failure, and other conditions beyond traditional risk factors. polycystic ovary syndrome, affecting 5-13% of reproductive-aged women, is a sex-specific risk modifier that elevates the likelihood of type 2 diabetes (≈4×), metabolic syndrome (≈2-3×), hypertension, dyslipidemia, and pregnancy-related cardiovascular complications, likely driven by hyperandrogenism and insulin resistance.

**5. File 51 - [Sex-specific differences in cardiovascular risk factors and_extracted.pdf] - file_51_summary_3_part_0_level_1**
female cardiovascular risk is influenced by reproductive factors, menopause timing, and conditions such as polycystic ovary syndrome, which act as risk enhancers across the lifespan. studies show that women experience higher relative risk from smoking and diabetes compared with men, and psychosocial stressors contribute to incident coronary heart disease. diagnostic tools such as coronary artery calcium scoring and breast arterial calcification on mammography provide additional risk stratification beyond traditional risk scores in women. current guidelines recommend incorporating these sex-specific factors into primary prevention strategies to improve cardiovascular outcomes in women.

**6. File 51 - [Sex-specific differences in cardiovascular risk factors and_extracted.pdf] - file_51_chunk_1_level_0**
in this review, we highlight sex differences in traditional risk factors including diabetes, hypertension, obesity, and smoking, as well as female-specific risk factors including age of menarche and menopause, polycystic ovary syndrome (pcos), infertility and the use of assisted reproductive technology (art), spontaneous pregnancy loss, parity, and adverse pregnancy outcomes (apos). we also address female-predominant conditions such as autoimmune diseases, migraines, and depression that independently increase the risk of cvd. lastly, this review looks at the role of the use of coronary artery calcium (cac) scores and biomarkers to help further risk stratify patients and guide preventive recommendations. these topics are also discussed in the paper by kerkhof and tona. of note, in this review, we refer to ""women"" as was described in the original studies reviewed. this gender assignment was presumably made based on female sex assigned at birth. while addressing the cardiovascular health of individuals who are transgender, non-binary, or gender fluid is an important area of much needed research and preventive efforts, it is beyond the scope of this review. in this special issue, cardiovascular disease in transgender individuals is discussed in the review by murphya et al. sex differences in traditional risk factors while women and men mostly share traditional risk factors for cvd, the relative impact of risk factors is variable in part due to biological sex differences and in part due to behavioral practices. sex differences in circulating lipids and lipidomes are discussed in the reviews by holven and roeters van lennep and tabassum et al notably, women with a history of diabetes, smoking, and hypertension have a greater relative risk for cvd compared to men with the same risk factors. specifically for diabetes, although men have a higher prevalence of diabetes, analyses have shown that the presence of diabetes increases cardiovascular risk by approximately 3-7-fold in women as compared to 2-3-fold in men. the incidence of cvd-related mortality, myocardial infarction, heart failure, and stroke are all higher among women with diabetes compared to men with diabetes. though the underlying cause for this difference is unknown, proposed hypotheses include a higher body mass index (bmi), greater systemic inflammation, worse glycemic control, and higher risk profile burden of women at the time of diabetes diagnosis compared to men. rajendran et al. page 2 atherosclerosis. author manuscript; available in pmc 2024 november 01. author manuscript author manuscript author manuscript author manuscript tobacco use is another significant modifiable risk factor with differential impacts on cvd risk for women and men. a meta-analysis of over three million individuals demonstrated that except for women aged 30-44 years, female smokers had a 25% greater risk of cvd than male smokers. oral contraceptives also increase the risk of cvd in women who smoke. other risk factors such as obesity and hypertension have been increasing in prevalence among women compared to men. the framingham study showed that women with obesity have an increased risk of coronary heart disease (chd) of 64% compared to 46% among men with obesity. the prevalence of hypertension is higher among women above the age of 60 compared to men, presumable due in part to the loss of endogenous estrogens during menopause. furthermore, hypertension is less well-controlled in older women than men, another factor contributing to increased cvd risk. 3. menarche age menarche, the onset of menstruation, signals the beginning of the reproductive stage in a woman's life. several large-cohort studies have found associations between early age of menarche and increased risk of cvd as well as associated risk factors such as metabolic syndrome, obesity, and diabetes. with regards to all-cause mortality, studies have shown a 2-4% reduction in mortality for each year of delayed menarche as well as associations between early age of menarche and ischemic heart disease and stroke. a large study from the united kingdom (uk) biobank found an independent association between those who had menarche at <12 years of age and increased risk of cvd and heart failure. there is also evidence from analysis of another uk population-based cohort to suggest a u-shaped relationship between age of menarche and cvd, whereby both early and late menarche are associated with poor cardiovascular outcomes. in that study, women with menarche at < 10 years of age and menarche at >17 years of age had increased risk of chd, as well as cerebrovascular and hypertensive disease. these findings were corroborated in a recent study where early and late menarche were associated with major adverse cardiac events; however, interestingly, there is unclear association between lifetime estrogen exposure and cvd events, which suggests that there may be additional mechanisms underlying the role and timing of menarche in cardiovascular health.

**7. File 51 - [Sex-specific differences in cardiovascular risk factors and_extracted.pdf] - file_51_chunk_10_level_0**
eur j cardiovasc prev rehabil 2009; 16: 174-9. [pubmed: 19247184] 19. huxley rr, woodward m. cigarette smoking as a risk factor for coronary heart disease in women compared with men: a systematic review and meta-analysis of prospective cohort studies. the lancet 2011; 378: 1297-1305.20. gallucci g, tartarone a, lerose r, lalinga av, capobianco am. cardiovascular risk of smoking and benefits of smoking cessation. journal of thoracic disease 2020; 12: 3866. [pubmed: 32802468] 21. wilson pw, d'agostino rb, sullivan l, parise h, kannel wb. overweight and obesity as determinants of cardiovascular risk: the framingham experience. archives of internal medicine 2002; 162: 1867-1872. [pubmed: 12196085] 22. kovell lc, harrington cm, michos ed. update on blood pressure control among us adults with hypertension. jama 2021; 325: 586-587.23. lloyd-jones dm, evans jc, levy d. hypertension in adults across the age spectrum: current outcomes and control in the community. jama 2005; 294: 466-472. [pubmed: 16046653] 24. jacobsen b, oda k, knutsen s, fraser g. age at menarche, total mortality and mortality from ischaemic heart disease and stroke: the adventist health study, 1976-88. international journal of epidemiology 2009; 38: 245-252. [pubmed: 19188208] 25. jacobsen bk, heuch i, kvale g. association of low age at menarche with increased all-cause mortality: a 37-year follow-up of 61, 319 norwegian women. american journal of epidemiology 2007; 166: 1431-1437. [pubmed: 17875585] 26. peters sa, woodward m. women's reproductive factors and incident cardiovascular disease in the uk biobank. heart 2018; 104: 1069-1075. [pubmed: 29335253] 27. zhu f, qi h, bos m, boersma e, kavousi m. female reproductive factors and risk of new-onset heart failure: findings from uk biobank. jacc heart failure 2023.28. canoy d, beral v, balkwill a et al. age at menarche and risks of coronary heart and other vascular diseases in a large uk cohort. circulation 2015; 131: 237-244. [pubmed: 25512444] 29. lee jj, cook-wiens g, johnson bd et al. age at menarche and risk of cardiovascular disease outcomes: findings from the national heart lung and blood institute-sponsored women's ischemia syndrome evaluation. journal of the american heart association 2019; 8: e012406. [pubmed: 31165670] 30. mishra sr, chung hf, waller m, mishra gd. duration of estrogen exposure during reproductive years, age at menarche and age at menopause, and risk of cardiovascular disease events, all-cause and cardiovascular mortality: a systematic review and meta-analysis. bjog: an international journal of obstetrics & gynaecology 2021; 128: 809-821. [pubmed: 32965759] 31. lakshman r, forouhi n, luben r et al. association between age at menarche and risk of diabetes in adults: results from the epic-norfolk cohort study. diabetologia 2008; 51: 781-786. [pubmed: 18320165] 32. lakshman r, forouhi ng, sharp sj et al. early age at menarche associated with cardiovascular disease and mortality. the journal of clinical endocrinology & metabolism 2009; 94: 4953-4960. [pubmed: 19880785] 33. carroll j, saxena r, welt ck. environmental and genetic factors influence age at menarche in women with polycystic ovary syndrome. journal of pediatric endocrinology and metabolism 2012; 25: 459-466. [pubmed: 22876539] 34.

**8. File 51 - [Sex-specific differences in cardiovascular risk factors and_extracted.pdf] - file_51_chunk_2_level_0**
a large study from the united kingdom (uk) biobank found an independent association between those who had menarche at <12 years of age and increased risk of cvd and heart failure. there is also evidence from analysis of another uk population-based cohort to suggest a u-shaped relationship between age of menarche and cvd, whereby both early and late menarche are associated with poor cardiovascular outcomes. in that study, women with menarche at < 10 years of age and menarche at >17 years of age had increased risk of chd, as well as cerebrovascular and hypertensive disease. these findings were corroborated in a recent study where early and late menarche were associated with major adverse cardiac events; however, interestingly, there is unclear association between lifetime estrogen exposure and cvd events, which suggests that there may be additional mechanisms underlying the role and timing of menarche in cardiovascular health. specifically, earlier menarche has been related to obesity and metabolic syndrome. later menarche, on the other hand, has been linked to pcos, as well as decreased lifetime estrogen exposure, which may at least partially explain its association with increased cvd. 4. early menopause the onset of menopause that occurs early (<45 years of age), affecting up to 10% of women, or premature (<40 years of age), affecting 1% of women, is an emerging risk factor for adverse cardiovascular outcomes in women. furthermore, some authors have encouraged using a continuum of menopause age rather than a prespecified cut-off for risk stratification. starting in the 1970s, loss of estrogen at menopause has been hypothesized to play an essential role in the increased incidence of cvd in postmenopausal women. both the 2021 european society of cardiology (esc) prevention guideline rajendran et al. page 3 atherosclerosis. author manuscript; available in pmc 2024 november 01. author manuscript author manuscript author manuscript author manuscript and the 2019 american college of cardiology (acc)/american heart association (aha) prevention guideline have also incorporated premature menopause as a ""risk-enhancing"" or ""risk-modifying"" factor for atherosclerotic cvd (ascvd) to guide patient risk assessment. early menopause has been associated with an increased risk of chd, stroke, and heart failure. in a recent large cohort of postmenopausal women, premature natural and surgical menopause was additionally associated with traditional ascvd risk factors (hypertension, hyperlipidemia, diabetes), as well as aortic stenosis, atrial fibrillation, and venous thromboembolism (vte). this cvd risk associated with premature menopause was also observed after adjustment for prevalent risk factors, suggesting that premature menopause may not only be comorbid with traditional risk factors, but may also increase the risk of developing additional cardiovascular risk factors. the mechanism driving the relationship between early menopause and cvd is thought to be related to the deficiency in protective endogenous estrogens and an increase in endogenous androgens. it is possible that natural versus surgical premature menopause may have differing cardiovascular risk. although no dedicated study has selectively investigated this, a secondary analysis showed significant differences in risk between natural and surgical menopause, but those observed differences did not persist in fully adjusted models and were likely limited by reduced statistical power. an improved understanding of the differences in a gradual versus abrupt loss of ovarian hormones may influence risk prediction and improve guidance in implementing cvd prevention strategies. 5. polycystic ovary syndrome pcos is the most common endocrine disorder that affects reproductive-aged women with a global prevalence between 5-13%. it is complex and heterogenous in presentation with features including ovulatory dysfunction, hyperandrogenism, insulin resistance, and cystic morphology of ovaries by ultrasound. women with pcos often have irregular menstrual cycles, which menstrual irregularity is also independently associated with cvd. furthermore, pcos is a leading cause of infertility. during pregnancy, pcos is associated with greater risk of preeclampsia, gestational diabetes, and cardiovascular complications at delivery. women with pcos have an increased risk of developing metabolic syndrome and associated diseases including type 2 diabetes (t2d), hypertension, and dyslipidemia. specifically, women with pcos are 4 times more likely to develop t2d and 2-3 times more likely to develop metabolic syndrome compared to women without pcos. notably, the esc prevention guideline highlights pcos as a sex-specific ""risk-modifier"" that increases women's risk for future t2d. hyperandrogenism, an important feature of pcos, may drive some of the insulin resistance, as well as increase the risk for atherosclerosis."
"What is hooka and does it have detrimental effect?","**Hookah (Hooka) – Overview and Clinical Impact**
**Introduction**
Hookah, also known as water pipe or shisha, is a traditional smoking device that delivers flavored tobacco (often mixed with molasses, honey, or fruit) through a water‑filled chamber. The smoke is cooled and humidified before inhalation. While culturally popular in many regions, hookah use is increasingly common among adolescents and young adults worldwide.
**Key Findings**
| Feature | Evidence | Clinical Relevance |
|---------|----------|--------------------|
| **Nicotine Exposure** | Smokers can receive up to 1.7 × the nicotine dose of a single cigarette. | Higher nicotine intake promotes dependence and may increase cardiovascular strain. |
| **Carbon Monoxide (CO) Exposure** | Up to 9 × the CO exposure of a single cigarette. | Elevated CO levels can reduce oxygen delivery, contributing to hypoxia‑related complications. |
| **Shared Use & Infection Risk** | Hookah pipes are often shared among multiple users. | Shared mouthpieces facilitate transmission of respiratory pathogens, raising infection risk. |
| **Chemical Burden** | The water filtration does not remove harmful chemicals; smoke still contains carcinogens, heavy metals, and particulate matter. | Exposure to these substances is linked to respiratory, cardiovascular, and oncologic morbidity. |
| **Perceived Safety** | Many users believe hookah is “safer” than cigarettes. | This misconception can lead to increased frequency of use and cumulative exposure. |
**Clinical Implications**
1. **Respiratory Health** – Chronic hookah use is associated with bronchitis, reduced lung function, and increased risk of chronic obstructive pulmonary disease (COPD).
2. **Cardiovascular Risk** – The high CO and nicotine load can elevate blood pressure, heart rate, and arterial stiffness, thereby increasing the likelihood of hypertension and ischemic events.
3. **Oncologic Concerns** – Carcinogenic compounds in hookah smoke contribute to oral, esophageal, and lung cancers, similar to cigarette‑related risks.
4. **Infection Control** – In clinical settings, patients who smoke hookah may present with higher rates of upper‑respiratory infections, especially during outbreaks of viral illnesses.
5. **Public‑Health Messaging** – Healthcare providers should explicitly address the misconception of reduced harm and counsel patients on the full spectrum of risks.
**Conclusion**
Hookah is a water‑pipe smoking modality that delivers nicotine and carbon monoxide at levels exceeding those of a single cigarette, while also exposing users to a range of carcinogenic and toxic substances. Shared use further amplifies infection risk. Consequently, hookah use carries significant detrimental health effects comparable to, and in some respects greater than, conventional cigarette smoking. Clinicians should routinely screen for hookah use, educate patients on its risks, and incorporate cessation strategies tailored to this population.","**1. File 65 - [Various forms of Tobacco products_extracted.pdf] - file_65_chunk_1_level_0**
but this does not reduce the harmful chemicals to filter out. * smokers can get up to 1.7 times the nicotine and up to 9 times the carbon monoxide exposure as a single cigarette* there is also an increased risk of infection** as hooka pipe is shared by many people tobacco pipe/ dokha/ kazami tobacco pipe is a smoking device comprising of a chamber (the bowl) for the tobacco from which a thin hollow stem (shank) emerges, ending in a mouthpiece. dokha is a tobacco of iranian origin mixed with leaves, bark, and herbs. it is traditionally smoked in a midwakh (smaller version of a pipe). kizami is a tobacco product produced in japan and intended for smoking in japanese kiseru pipes (slender version of pipe). kiseru midwakh pipe electronic cigarettes * an e cigarette consists of an atomizer, a power source (battery) and a cartridge or tank. * e-cigarettes produce an aerosol(vapor) by heating a e-liquid that usually contains nicotine, glycerol, ethylene glycol and flavors in propylene glycol. the user inhales vapor instead of smoke, and hence called ""vaping"" electronic cigarettes * e-cigarettes are also called ""e-cigs, "" ""e-hookahs, "" ""mods, "" ""vape pens, "" ""vapes, "" ""tank systems, "" and ""electronic nicotine delivery systems (ends)."" * bystanders can also breathe in this aerosol when the user exhales into the air, (same effect as passive smoking) * some e-cigarettes are made to look like regular cigarettes, cigars, or pipes. some resemble pens, usb sticks, and other everyday items. heated tobacco product (htp) * it is also called heat-not-burnt product; was introduced in 2016. example-iqos * it is also like e-cigarette, consists of a battery-powered heating system and generates an aerosol of nicotine, smoke, tar and other chemicals. * tobacco is heated to 250-350o c, temperature lower than traditional cigarettes (6000 c) * a hybrid between e-cigarette and htp can use both tobacco and e-liquid smokeless tobacco tambakhu and tambakhu pan gutkha / mawa (faki or masala) dip/ snuff or spit tobacco/ naswar creamy snuff / mishri / gadaku (used as a dentifrice) snus (sweden and other scandinavian countries) dry snuff/ tapkir/ bajar dissolvable tobacco & tobacco gum tuibur / tobacco water/ hidakphu tambakhu and tambakhu pan * tobacco leaves, flavored or mixed with slaked lime is chewed raw for 15-20 minutes and then spit out. * it is available as pallets, plug or twist in western countries. * tambkhu pan contains tobacco with slaked lime, with or without betel nuts and other condiments wrapped in a betel leaf. twist gutka, gutkha * it is a chewing tobacco preparation made of crushed areca nut, tobacco, catechu, paraffin wax, slaked lime and sweet or savory flavorings. popular in india, pakistan, other asian countries, and north america. * its users believe that gutka can act as a digestion aid, kill germs, and generally give a sense of well being. in fact 34.4% of smokers have switched to smokeless tobacco use as way to quit. * smokeless tobacco use is highly addictive. the nicotine in smokeless tobacco is more easily absorbed than by smoking cigarettes, increasing its addictiveness. as of 2015 it was the fourth most common addictive product worldwide. khaini/ mawa/zarda/ mainpuri(kapoori) khaini is sun-dried or fermented coarsely cut tobacco leaves mixed with slaked lime. it is placed in mouth between the gums and cheeks and sucked slowly for 10-15 minutes. occasionally, left overnight in the mouth. used in india, nepal, bangladesh. most popular smokeless tobacco product in india. mawa, in addition, also contains thin shavings of areca nut. popular in gujrat. also called as faki, masala. khaini/ mawa/zarda/ mainpuri(kapoori) zarda contains tobacco flavoured with aromatic spices, menthol, herbs, raw kiwam, silver flakes, sandalwood oil etc. lime is provided separately by the manufactures mainpuri is a dry chew containing tobacco with betel nuts, slaked lime, cloves, cardamoms, kewara and sandalwood powder, sometimes also catechue.

**2. File 56 - [The Effects from Physical Exercise on the Blood Glucose Levels_extracted.pdf] - file_56_chunk_0_level_0**
486 | pissn: 1858-3598 eissn: 2502-5791 jurnal ners vol. 15, no. 2, special issue 2020 this is an open access article distributed under the terms of the creative commons attribution 4.0 international license systematic review the effects from physical exercise on the blood glucose levels, hba1c and quality of life of type 2 diabetes mellitus patients: a systematic review novita fajriyah1, i ketut sudiana2, erna dwi wahyuni1 1faculty of nursing, universitas airlangga, surabaya, east java, indonesia 2faculty of medicine, universitas airlangga, surabaya, east java, indonesia abstract introduction: physical inactivity affects the physical and mental health status of t2dm patients. physical training is recommended in several studies and guidelines for the control of t2dm. the present study aimed to analyze the effects of aerobic exercise, resistance and a combination of both on blood glucose levels, hba1c and quality of life for patients with t2dm. methods: this systematic review used prisma (preferred reporting items for systematic reviews and meta-analysis). scopus, science direct and pubmed online databases were extensively searched, focusing on the last five years. the search utilized the phrases ""diabetes, "" ""physical exercise, "" ""glucose"" and ""quality of life."" the inclusion criteria in the study regarding the literature was that it had to be an original article, that the source was a journal, that the article was in english and that it was available in full text. results: we identified 1017 articles where 17 were considered to be relevant for this systematic review. the combination of resistance and aerobic physical exercise seems to have a greater impact on glucose, hba1c and quality of life. aerobic exercise, resistance exercise and a combination of both have benefits when it comes to reducing blood glucose levels and hba1c, as well as improving the quality of life of patients with t2dm. conclusion: the type and intensity of the exercise chosen for the management of t2dm must be adjusted to the clinical condition and the patient's individual physical fitness. further research is needed to assess the combined effects of aerobic exercise and resistance on glucose, hba1c and the quality of life of t2dm adjusted for different age categories. article history received: feb 27, 2020 accepted: april 1, 2020 keywords diabetes mellitus; physical exercise; glucose; , hba1c; quality of life contact erna dwi wahyuni faculty of nursing, universitas airlangga, surabaya, east java, indonesia cite this as: fajriyah, n., sudiana, i. k., wahyuni, e. d the effects from physical exercise on the blood glucose levels, hba1c and quality of life of type 2 diabetes mellitus patients: a systematic review. jurnal ners, special issues, 486-496. doi: introduction type 2 diabetes mellitus (t2dm) includes individuals who have insulin resistance (ir) and usually a relative (not absolute) level of insulin deficiency (american diabetes association (ada), 2016). diabetes and complications are related to long-term complications and the failure of various organ systems (chawla, chawla, & jaggi, 2016). t2dm has become an observable global public health problem. the world health organization reports that the number of people with diabetes has increased from 108 million in 1980 to 422 million in 2014. according to this increase, diabetes will be the seventh leading cause of death by 2030 (who). it has been predicted that by 2025, the world burden of diabetes will be 5.4% of the adult population (rasekaba et al., 2012). current research shows that insulin resistance and b cell dysfunction are major factors in the pathogenesis of t2dm (kahn, cooper, & prato, 2014). however, the disease process is heterogeneous including genetic and environmental determinants such as a lack of physical activity and poor nutrition (hu, 2011)(adamska et al., 2012). physical inactivity jurnal ners | 487 has a negative impact on the quality of life of diabetic patients (colak et al., 2016). psychological problems are relatively common among individuals suffering from t2dm (van der heijden, van dooren, pop, & pouwer, 2013). the rate of mental illness among people with diabetes is almost twice that of people without diabetes.

**3. File 53 - [Sleep and Metabolism_extracted.pdf] - file_53_summary_4_part_0_level_1**
the cited studies examine how sleep quality and duration influence glucose regulation, cortisol, insulin resistance, and type 2 diabetes risk. they report that sleep loss elevates cortisol, alters postprandial hormone responses, and disrupts growth hormone and leptin profiles, contributing to metabolic dysregulation. inflammatory markers such as c-reactive protein, tnf-α receptor 1, and il-6 rise with modest sleep restriction, indicating cardiovascular risk. the research also covers shift-work simulations, spaceflight sleep deprivation models, and the impact of exercise on glucose tolerance.

**4. File 56 - [The Effects from Physical Exercise on the Blood Glucose Levels_extracted.pdf] - file_56_chunk_4_level_0**
there were significant differences between the resistance training group and the control group when it came to reducing glucose levels (p <0.05) (aminilari et al., 2017). in addition, benkar & kanase's study resulted in a decrease in fasting blood glucose levels p<0, 0001(benkar & kanase, 2017). the results of russel et al's research report showed that while undergoing an oral glucose challenge (ogc), blood glucose levels during ogc were significantly lower at each point in time after resistance training, i.e. fasting blood glucose decreased by 0.95 mmol / l (p  0.003). as a result, the area under the glucose-time curve was also lower after resistance training (p, 0.005) (russell et al., 2017). resistance training for 12 weeks can improve glucose homeostasis by increasing insulin sensitivity, i.e. the oral glucose tolerance test (ogtt) result increases after 15, 30, 45 and 90 minutes compared to resting at baseline after 12 weeks of training (p <0.05). hba1c, in the post hoc tests, showed the same result before and after reductions in both groups (short: 213%; p  0.01; length: 218%; p  0.001) (park et al., 2016). russel et al's research shows that resistance training decreases hba1c by 0.16% (1.76 mmol / mol) (p  0.025) (russell et al., 2017). resistance training with a thera-band could enhance muscular strength and improve the quality of life of the elderly (pourtaghi, moghadam, ramazani, vashani, & mohajer, 2017). combined aerobic and resistance exercise kang et al's study confirms that an aerobic training program and a 12-week combination of resistance reduces the fasting blood glucose concentration significantly(liu et al., 2015). in addition, 3 weekly sessions for 60 minutes for 12 weeks is effective at improving glucose control (18% in hba1) (carus et al., 2015). in addition, the hba1c level was reduced by 0.67% to an average sample value below 7.0% after 12 weeks of utt (conners, caputo, coons, fuller, & morgan, 2019). the results of the study of carus et al in 2015 showed a significant increase in hrqol. this was accompanied by much larger relative improvements in the hrqol scores of physical function (53%), vitality (21%) and overall mental health (40%) (carus et al., 2015). discussion this review has systematically assessed the effectiveness of aerobic exercise, resistance training and joint training on blood glucose levels, hba1c and the quality of life of patients with type 2 diabetes mellitus. the most widely used intervention in at least one group was aerobic training 3 times a week for 12 weeks. aerobic exercise is a form of physical exercise that uses the aerobic energy-producing systems that involve large muscle groups. this can increase the capacity and efficiency of this system and it is effective at increasing cardiorespiratory endurance (colberg et al., 2016)(knapen, vancampfort, morien, & marchal, 2015). types of aerobic exercise include running, walking, cycling, swimming and rowing(thent, das, & henry, 2013). the american diabetes association recommends that adults with regular t2dm engage in aerobic activity that lasts for at least 10 minutes with a goal of 30 minutes / day or more almost every day of the week (colberg et al., 2016). the international diabetes societies recommends 150 minutes of aerobic exercise spread over a minimum of 3 days per week at a moderate intensity (40% -59% of the heart rate reserves, 64% - 76% of the maximum heart rate) with no more than 2 consecutive days without sports (mendes et al., 2016). moderate exercise training increases glucose utilization and tolerance, cardiorespiratory fitness, blood pressure and the quality of life and depression status of patients with t2dm over a 12 week exercise training program (lin et al., 2017). exercise training can stimulate the metabolism and blood glucose utilization of t2dm patients. the results of gilani et al.

**5. File 53 - [Sleep and Metabolism_extracted.pdf] - file_53_summary_6_part_0_level_1**
sleep restriction increases inflammatory cytokines such as tnf-α, il-6, and c-reactive protein, raising cardiovascular risk. it also disrupts metabolic hormone rhythms, lowering leptin, raising ghrelin, and boosting hunger and caloric intake, which contributes to obesity and type 2 diabetes. leptin deficiency or resistance alters sleep regulation, and orexin/hypocretin neurons link arousal to energy balance, with their loss causing obesity, insulin resistance, and fragmented sleep. sleep curtailment consistently elevates sympathetic drive, impairs glucose metabolism, and raises body mass index, highlighting sleep as a key modulator of metabolic health.

**6. File 53 - [Sleep and Metabolism_extracted.pdf] - file_53_chunk_10_level_0**
turck, ""endocrine and other biological rhythms, "" in endocrinology, l. j. degoot, ed., pp. 2487-2548, saunders, philadelphia, pa, usa, 1994. a. j. scheen, m. m. byrne, l. plat, r. leproult, and e. van cauter, ""relationships between sleep quality and glucose regulation in normal humans, "" american journal of physiology, vol. 271, no. 2, pp. e261-e270, 1996. r. leproult, g. copinschi, o. buxton, and e. van cauter, ""sleep loss results in an elevation of cortisol levels the next evening, "" sleep, vol. 20, no. 10, pp. 865-870, 1997. s. m. hampton, l. m. morgan, n. lawrence et al., ""post-prandial hormone and metabolic responses in simulated shift work, "" journal of endocrinology, vol. 151, no. 2, pp. 259-267, 1996. d. c. o. ribeiro, s. m. hampton, l. morgan, s. dea-con, and j. arendt, ""altered postprandial hormone and metabolic responses in a simulated shift work environment, "" journal of endocrinology, vol. 158, no. 3, pp. 305-310, 1998. k. spiegel, r. leproult, and e. van cauter, ""metabolic and endocrine changes, "" in sleep deprivation: basic science, physiology, and behavior, c. kushida, ed., vol. 192, pp. 293-318, marcel dekker, new york, ny, usa, 2005. k. spiegel, r. leproult, e. f. colecchia et al., ""adaptation of the 24-h growth hormone profile to a state of sleep debt, "" american journal of physiology, vol. 279, no. 3, pp. r874-r883, 2000. t. vanhelder, j. d. symons, and m. w. radomski, ""effects of sleep deprivation and exercise on glucose tolerance, "" aviation space and environmental medicine, vol. 64, no. 6, pp. 487-492, 1993. k. spiegel, r. leproult, and e. van cauter, ""impact of sleep debt on metabolic and endocrine function, "" the lancet, vol. 354, no. 9188, pp. 1435-1439, 1999. k. spiegel, k. knutson, r. leproult, e. tasali, and e. van cauter, ""sleep loss: a novel risk factor for insulin resistance and type 2 diabetes, "" journal of applied physiology, vol. 99, no. 5, pp. 2008-2019, 2005. k. spiegel, r. leproult, m. l'hermite-bal'eriaux, g. copin-schi, p. d. penev, and e. van cauter, ""leptin levels are depen-dent on sleep duration: relationships with sympathovagal balance, carbohydrate regulation, cortisol, and thyrotropin, "" journal of clinical endocrinology and metabolism, vol. 89, no. 11, pp. 5762-5771, 2004. a. n. vgontzas, e. zoumakis, e. o. bixler et al., ""adverse effects of modest sleep restriction on sleepiness, perfor-mance, and inflammatory cytokines, "" journal of clinical endocrinology and metabolism, vol. 89, no. 5, pp. 2119-2126, 2004. w. t. shearer, j. m. reuben, j. m. mullington et al., ""soluble tnf-a receptor 1 and il-6 plasma levels in humans subjected to the sleep deprivation model of spaceflight, "" journal of allergy and clinical immunology, vol. 107, no. 1, pp. 165-170, 2001. h. k. meier-ewert, p. m. ridker, n. rifai et al., ""effect of sleep loss on c-reactive protein, an inflammatory marker of cardiovascular risk, "" journal of the american college of cardiology, vol. 43, no.

**7. File 53 - [Sleep and Metabolism_extracted.pdf] - file_53_chunk_11_level_0**
bixler et al., ""adverse effects of modest sleep restriction on sleepiness, perfor-mance, and inflammatory cytokines, "" journal of clinical endocrinology and metabolism, vol. 89, no. 5, pp. 2119-2126, 2004. w. t. shearer, j. m. reuben, j. m. mullington et al., ""soluble tnf-a receptor 1 and il-6 plasma levels in humans subjected to the sleep deprivation model of spaceflight, "" journal of allergy and clinical immunology, vol. 107, no. 1, pp. 165-170, 2001. h. k. meier-ewert, p. m. ridker, n. rifai et al., ""effect of sleep loss on c-reactive protein, an inflammatory marker of cardiovascular risk, "" journal of the american college of cardiology, vol. 43, no. 4, pp. 678-683, 2004. a. f. amos, d. j. mccarty, and p. zimmet, ""the rising global burden of diabetes and its complications: estimates and projections to the year 2010, "" diabetic medicine, vol. 14, no. 12, supplement 5, pp. s7-s85, 1997. n. t. ayas, d. p. white, w. k. al-delaimy et al., ""a prospective study of self-reported sleep duration and inci-dent diabetes in women, "" diabetes care, vol. 26, no. 2, pp. 380-384, 2003. l. mallon, j.-e. broman, and j. hetta, ""high incidence of diabetes in men with sleep complaints or short sleep dura-tion: a 12-year follow-up study of a middle-aged population, "" diabetes care, vol. 28, no. 11, pp. 2762-2767, 2005. h. k. yaggi, a. b. araujo, and j. b. mckinlay, ""sleep duration as a risk factor for the development of type 2 diabetes, "" diabetes care, vol. 29, no. 3, pp. 657-661, 2006. s. m. gale, v. d. castracane, and c. s. mantzoros, ""energy homeostasis, obesity and eating disorders: recent advances in endocrinology, "" journal of nutrition, vol. 134, no. 2, pp. 295-298, 2004. c. chin-chance, k. s. polonsky, and d. a. schoeller, ""twenty-four-hour leptin levels respond to cumulative short-term energy imbalance and predict subsequent intake, "" journal of clinical endocrinology and metabolism, vol. 85, no. 8, pp. 2685-2691, 2000. a. dzaja, m. a. dalal, h. himmerich, m. uhr, t. pollm""acher, and a. schuld, ""sleep enhances nocturnal plasma ghrelin levels in healthy subjects, "" american journal of physiology, vol. 286, no. 6, pp. e963-e967, 2004. d. a. schoeller, l. k. cella, m. k. sinha, and j. f. caro, ""entrainment of the diurnal rhythm of plasma leptin to meal timing, "" journal of clinical investigation, vol. 100, no. 7, pp. 1882-1887, 1997. m. i. c. alonso-vale, s. andreotti, s. b. peres et al., ""melatonin enhances leptin expression by rat adipocytes in the presence of insulin, "" american journal of physiology, vol. 288, no. 4, pp. e805-e812, 2005. k. spiegel, r. leproult, m. l'hermite-bal'eriaux, g. copin-schi, p. d. penev, and e. van cauter, ""leptin levels are depen-dent on sleep duration: relationships with sympathovagal balance, carbohydrate regulation, cortisol, and thyrotropin, "" journal of clinical endocrinology and metabolism, vol. 89, no. 11, pp. 5762-5771, 2004. k. spiegel, e. tasali, p. penev, and e.

**8. File 53 - [Sleep and Metabolism_extracted.pdf] - file_53_chunk_12_level_0**
m. i. c. alonso-vale, s. andreotti, s. b. peres et al., ""melatonin enhances leptin expression by rat adipocytes in the presence of insulin, "" american journal of physiology, vol. 288, no. 4, pp. e805-e812, 2005. k. spiegel, r. leproult, m. l'hermite-bal'eriaux, g. copin-schi, p. d. penev, and e. van cauter, ""leptin levels are depen-dent on sleep duration: relationships with sympathovagal balance, carbohydrate regulation, cortisol, and thyrotropin, "" journal of clinical endocrinology and metabolism, vol. 89, no. 11, pp. 5762-5771, 2004. k. spiegel, e. tasali, p. penev, and e. van cauter, ""brief communication: sleep curtailment in healthy young men is associated with decreased leptin levels, elevated ghrelin levels, and increased hunger and appetite, "" annals of internal medicine, vol. 141, no. 11, pp. 846-850, 2004. s. m. schmid, m. hallschmid, k. jauch-chara, j. born, and b. schultes, ""a single night of sleep deprivation increases ghrelin levels and feelings of hunger in normal-weight healthy men, "" journal of sleep research, vol. 17, no. 3, pp. 331-334, 2008. j. m. mullington, j. l. chan, h. p. a. van dongen et al., ""sleep loss reduces diurnal rhythm amplitude of leptin in healthy men, "" journal of neuroendocrinology, vol. 15, no. 9, pp. 851-854, 2003. a. v. nedeltcheva, j. m. kilkus, j. imperial, k. kasza, d. a. schoeller, and p. d. penev, ""sleep curtailment is accompanied by increased intake of calories from snacks, "" american journal of clinical nutrition, vol. 89, no. 1, pp. 126-133, 2009. s. taheri, l. lin, d. austin, t. young, and e. mignot, ""short sleep duration is associated with reduced leptin, elevated ghrelin, and increased body mass index, "" plos medicine, vol. 1, no. 3, article e62, 2004. k. chen, f. li, j. li et al., ""induction of leptin resistance through direct interaction of c-reactive protein with leptin, "" nature medicine, vol. 12, no. 4, pp. 425-432, 2006. international journal of endocrinology 9 b. g. phillips, m. kato, k. narkiewicz, i. choe, and v. k. somers, ""increases in leptin levels, sympathetic drive, and weight gain in obstructive sleep apnea, "" american journal of physiology, vol. 279, no. 1, pp. h234-h237, 2000. a. d. laposky, j. shelton, j. bass, c. dugovic, n. perrino, and f. w. turek, ""altered sleep regulation in leptin-deficient mice, "" american journal of physiology, vol. 290, no. 4, pp. r894-r903, 2006. a. d. laposky, m. a. bradley, d. l. williams, j. bass, and f. w. turek, ""sleep-wake regulation is altered in leptin-resistant (db/db) genetically obese and diabetic mice, "" american journal of physiology, vol. 295, no. 6, pp. r2059-r2066, 2008. j. m. siegel, ""hypocretin (orexin): role in normal behavior and neuropathology, "" annual review of psychology, vol. 55, pp. 125-148, 2004. j. s. flier, ""obesity wars: molecular progress confronts an expanding epidemic, "" cell, vol. 116, no. 2, pp. 337-350, 2004. y. date, y. ueta, h.

**9. File 53 - [Sleep and Metabolism_extracted.pdf] - file_53_chunk_13_level_0**
r894-r903, 2006. a. d. laposky, m. a. bradley, d. l. williams, j. bass, and f. w. turek, ""sleep-wake regulation is altered in leptin-resistant (db/db) genetically obese and diabetic mice, "" american journal of physiology, vol. 295, no. 6, pp. r2059-r2066, 2008. j. m. siegel, ""hypocretin (orexin): role in normal behavior and neuropathology, "" annual review of psychology, vol. 55, pp. 125-148, 2004. j. s. flier, ""obesity wars: molecular progress confronts an expanding epidemic, "" cell, vol. 116, no. 2, pp. 337-350, 2004. y. date, y. ueta, h. yamashita et al., ""orexins, orexigenic hypothalamic peptides, interact with autonomic, neuroen-docrine and neuroregulatory systems, "" proceedings of the national academy of sciences of the united states of america, vol. 96, no. 2, pp. 748-753, 1999. t. nambu, t. sakurai, k. mizukami, y. hosoya, m. yanag-isawa, and k. goto, ""distribution of orexin neurons in the adult rat brain, "" brain research, vol. 827, no. 1-2, pp. 243-260, 1999. a. yamanaka, c. t. beuckmann, j. t. willie et al., ""hypotha-lamic orexin neurons regulate arousal according to energy balance in mice, "" neuron, vol. 38, no. 5, pp. 701-713, 2003. t. sakurai, ""roles of orexin/hypocretin in regulation of sleep/wakefulness and energy homeostasis, "" sleep medicine reviews, vol. 9, no. 4, pp. 231-241, 2005. s. taheri, j. m. zeitzer, and e. mignot, ""the role of hypocretins (orexins) in sleep regulation and narcolepsy, "" annual review of neuroscience, vol. 25, pp. 283-313, 2002. y. honda, y. doi, r. ninomiya, and c. ninomiya, ""increased frequency of non-insulin-dependent diabetes mellitus among narcoleptic patients, "" sleep, vol. 9, no. 1, pp. 254-259, 1986. a. schuld, j. hebebrand, f. geller, and t. pollmacher, ""increased body-mass index in patients with narcolepsy, "" the lancet, vol. 355, no. 9211, pp. 1274-1275, 2000. j. hara, m. yanagisawa, and t. sakurai, ""difference in obe-sity phenotype between orexin-knockout mice and orexin neuron-deficient mice with same genetic background and environmental conditions, "" neuroscience letters, vol. 380, no. 3, pp. 239-242, 2005. s. zhang, j. m. zeitzer, t. sakurai, s. nishino, and e. mignot, ""sleep/wake fragmentation disrupts metabolism in a mouse model of narcolepsy, "" journal of physiology, vol. 581, no. 2, pp. 649-663, 2007. h. tsuneki, s. murata, y. anzawa et al., ""age-related insulin resistance in hypothalamus and peripheral tissues of orexin knockout mice, "" diabetologia, vol. 51, no. 4, pp. 657-667, 2008. s. r. patel, n. t. ayas, m. r. malhotra et al., ""a prospective study of sleep duration and mortality risk in women, "" sleep, vol. 27, no. 3, pp. 440-444, 2004. m. cournot, j.-b. ruidavets, j.-c. marqui'e, y. esquirol, b. baracat, and j. ferri`eres, ""environmental factors associated with body mass index in a population of southern france, "" european journal of cardiovascular prevention and rehabili-tation, vol. 11, no."
"What is the ideal level of blood glucose and how to measure it?","**Introduction**
Blood‑glucose control is central to both the diagnosis of diabetes and the prevention of its micro‑ and macro‑vascular complications.  Clinical practice relies on a combination of *glycated hemoglobin* (HbA1c) and *plasma glucose* measurements to define normal, pre‑diabetic, and diabetic states, and to set individualized treatment targets.  The following synthesis draws exclusively on the hierarchical information retrieved from the RAPTOR system.
---
| **Parameter** | **Ideal/Target Range** | **Clinical Context** | **Source** |
|---------------|------------------------|----------------------|------------|
| **HbA1c** | < 7 % for most non‑pregnant adults; < 6.5 % for many patients per ACC/AHA; < 6.5 % for the general population per ACC/ADA; individualized goals (≤ 7 % to ≤ 9 %) per VA/DOD | Reflects average glucose over the past 2–3 months; used for diagnosis and long‑term control | File 20 chunk 4; File 7 chunk 5 |
| **Fasting Plasma Glucose (FPG)** | 60–99 mg/dL (3.3–5.5 mmol/L) | Normal; 100–125 mg/dL (5.6–6.9 mmol/L)  pre‑diabetes; ≥ 126 mg/dL (≥ 7.0 mmol/L)  diabetes | File 7 chunk 5; File 7 chunk 6 |
| **Random (Casual) Plasma Glucose** | ≥ 200 mg/dL (≥ 11.1 mmol/L) | Diagnostic when combined with symptoms or confirmatory testing | File 7 chunk 5 |
| **Oral Glucose Tolerance Test (OGTT)** | < 140 mg/dL (≤ 7.8 mmol/L) at 2 h after 75 g glucose | < 140 mg/dL  normal; 140–199 mg/dL (7.8–11.0 mmol/L)  pre‑diabetes; ≥ 200 mg/dL (≥ 11.1 mmol/L)  diabetes | File 7 chunk 5 |
| **Post‑prandial (2‑h) Glucose** | < 140 mg/dL (≤ 7.8 mmol/L) | Target for many patients to reduce micro‑vascular risk | File 20 chunk 4 |
| **Method** | **Procedure** | **When Used** | **Advantages** | **Limitations** |
|------------|---------------|---------------|----------------|-----------------|
| **HbA1c (Laboratory or point‑of‑care)** | Blood sample (venous or capillary) analyzed by HPLC, immunoassay, or point‑of‑care device | Baseline diagnosis, monitoring long‑term control, setting treatment goals | Reflects 2–3 month average; not affected by acute fluctuations | Requires laboratory calibration; may be inaccurate in hemoglobinopathies or recent transfusion |
| **Fasting Plasma Glucose (FPG)** | Venous blood after ≥ 8 h fast | Screening, diagnosis, monitoring | Simple, inexpensive | Requires fasting; single‑time point may miss variability |
| **Random (Casual) Plasma Glucose** | Capillary or venous sample at any time | Rapid screening, especially in symptomatic patients | No fasting required | Less specific; needs confirmatory testing |
| **Oral Glucose Tolerance Test (OGTT)** | 75 g glucose drink after overnight fast; blood drawn at 0 h and 2 h | Diagnosis of pre‑diabetes and diabetes, especially in high‑risk groups | Detects impaired glucose tolerance | Time‑consuming; patient burden |
| **Continuous Glucose Monitoring (CGM)** | Sensor inserted subcutaneously; real‑time glucose trend | Intensive diabetes management, hypoglycemia prevention | Provides 24‑h trend data | Cost; requires patient training |
| **Self‑Monitoring of Blood Glucose (SMBG)** | Capillary finger‑stick glucose meter | Day‑to‑day management, dose adjustment | Immediate feedback | Requires patient adherence; meter accuracy varies |
1. **Diagnosis**
- A single HbA1c ≥ 6.5 % or FPG ≥ 126 mg/dL, or a random glucose ≥ 200 mg/dL, confirms diabetes.
- For pre‑diabetes, HbA1c 5.7–6.4 % or FPG 100–125 mg/dL is used; OGTT can further stratify risk.
2. **Treatment Targets**
- Most adults should aim for HbA1c < 7 % (ACC/AHA) or < 6.5 % (ACC/ADA).
- Individualized goals (≤ 7 % to ≤ 9 %) are appropriate for patients with hypoglycemia risk, limited life expectancy, or advanced complications (VA/DOD).
- Fasting glucose < 100 mg/dL and 2‑h post‑prandial < 140 mg/dL are common secondary targets.
3. **Monitoring Strategy**
- HbA1c every 3–6 months for stable patients; more frequent for newly diagnosed or unstable control.
- FPG or SMBG at least once a week for patients on intensive therapy.
- CGM is recommended for patients with hypoglycemia unawareness or those on insulin pumps.
4. **Risk Stratification**
- Elevated HbA1c and fasting glucose correlate with higher risk of micro‑vascular complications (retinopathy, nephropathy, neuropathy) and macro‑vascular disease (myocardial infarction, stroke).
- Tight glycemic control (e.g., ACC/AHA < 6.5 %) has been shown to reduce micro‑vascular endpoints by ~25 % in the UKPDS trial.
The *ideal* blood‑glucose level depends on the clinical goal:
- **Diagnostic thresholds**: HbA1c ≥ 6.5 %, FPG ≥ 126 mg/dL, or random glucose ≥ 200 mg/dL.
- **Therapeutic targets**: HbA1c < 7 % (or < 6.5 % for many patients), fasting glucose < 100 mg/dL, and 2‑h post‑prandial < 140 mg/dL, with individualized adjustments based on patient factors.
Accurate measurement—using HbA1c for long‑term assessment and plasma glucose tests for short‑term control—enables clinicians to diagnose, monitor, and tailor therapy to minimize complications and improve outcomes.","**1. File 7 - [An Insight on Diabetes Mellitus_extracted.pdf] - file_7_chunk_5_level_0**
2024)(wagh et al. 2022). nephropathy kidney damage can progress to renal failure, necessitating dialysis or transplantation (wilson 2023) (pradeepa & mohan 2024). neuropathy nerve damage can result in pain, loss of sensation, and complications like diabetic foot syndrome (przyborowska et al. 2024)(wagh et al. 2022). table 3.2 macrovascular complications-these complications involve large vessels, such as arteries and veins cardiovascular disease increased risk of myocardial infarction and stroke due to vascular damage(saienko et al. 2024)(pradeepa & mohan 2024). peripheral vascular disease reduced blood flow to limbs can lead to severe complications, including amputations(wilson 2023)(wagh et al. 2022). international journal for multidisciplinary research (ijfmr) e-issn: 2582-2160 * website: * email: ijfmr240529100 volume 6, issue 5, september-october 2024 7 diagnostic criteria for diabetes: 1.hba1c test in this method, blood glucose over the previous two to three months is determined. this method of diagnosis has the benefit of not requiring us to fast or consume any liquids. the average blood glucose control you had during the preceding three months is determined by an a1c test, also known as a glycosylated hemoglobin test. the a1c test is advised by the american diabetes association for the diagnosis of diabetes and pre-diabetes. a1c readings above 6.5% are thought to be indicative of diabetes, values between 5.7 and 6.4% are indicative of pre-diabetes, and test results below 5.6% are considered normal, according to the american diabetes association. glycosylated hemoglobin, or hemoglobin a1c, is another name for the hemoglobin a1c test. 2. random (also called casual) plasma glucose test a test for plasma glucose detects the amount of sugar or glucose that is circulating in the bloodstream. simply stated, having blood obtained at a laboratory at any time qualifies as ""random"" or ""casual."" the test will not be impacted by recent eating or fasting. a person may have diabetes if the plasma glucose test result is 200 mg/dl or above. an oral glucose tolerance test, a fasting plasma glucose test, or another random test on a different day will be needed to validate the test findings just to be sure. 3. oral glucose tolerance test (ogtt) if one meets this criterion, the subject will be required to fast for eight hours without eating or drinking anything other than water, after which he or she will be required to consume a liquid that contains a known quantity of glucose--typically 75 grams. two hours before consuming the glucose mixture, the blood is tested. the subject will be requested to stop eating until the exam ends. the term for this type of test is the oral glucose tolerance test (ogtt). normally, the plasma glucose level after fasting is less than 100 mg/dl. levels between 100 mg/dl and 126 mg/dl are indicative of pre-diabetes. diabetes can be diagnosed by measuring fasting plasma glucose levels that are 126 mg/dl or higher. plasma glucose should generally be less than 140 mg/dl two hours after the glucose drink. if the values fall between 140 and 199 mg/dl, the person is diabetic. the plasma glucose readings of 200 mg/dl or higher indicates diabetes. 4. fasting plasma glucose (fpg) this blood test is done after the examiner has gone at least 8 hours without food and drink. a measure between 60 and 99 mg/dl is considered to be normal whereas a condition between 100mg/dl to 126 mg/dl and 126 mg/dl or greater is considered to be pre-diabetic and diabetic respectively. table 4. risk factors associated with gestational diabetes type normal range pre-diabetes diabetes hba1c test <5.7% 5.7-6.4% 6.5% or greater random)plasma glucose test 200 mg/dl or greater oral glucose tolerance test (ogtt) < 140 mg/dl 100mg/dl to 126 mg/dl above 126 mg/dl. fasting plasma glucose (fpg) 60 and 99 mg/dl 100-125 mg/dl 126 mg/dl or greater prevention and management-the prevention of diabetes is a multifaceted challenge that requires a combination of lifestyle interventions, pharmacological approaches, and innovative strategies.

**2. File 7 - [An Insight on Diabetes Mellitus_extracted.pdf] - file_7_chunk_6_level_0**
a measure between 60 and 99 mg/dl is considered to be normal whereas a condition between 100mg/dl to 126 mg/dl and 126 mg/dl or greater is considered to be pre-diabetic and diabetic respectively. table 4. risk factors associated with gestational diabetes type normal range pre-diabetes diabetes hba1c test <5.7% 5.7-6.4% 6.5% or greater random)plasma glucose test 200 mg/dl or greater oral glucose tolerance test (ogtt) < 140 mg/dl 100mg/dl to 126 mg/dl above 126 mg/dl. fasting plasma glucose (fpg) 60 and 99 mg/dl 100-125 mg/dl 126 mg/dl or greater prevention and management-the prevention of diabetes is a multifaceted challenge that requires a combination of lifestyle interventions, pharmacological approaches, and innovative strategies. research indicates that effective international journal for multidisciplinary research (ijfmr) e-issn: 2582-2160 * website: * email: ijfmr240529100 volume 6, issue 5, september-october 2024 8 prevention can significantly reduce the incidence of diabetes, particularly in at-risk populations. lifestyle intervention the diabetes prevention program demonstrated that lifestyle changes, including diet and exercise, reduced diabetes incidence by 58% over 2.8 years (heneghan et al. 2006). however, replicating these interventions in broader healthcare settings remains challenging due to their labor-intensive nature(heneghan et al. 2006). pharmacological approaches medications like metformin have shown a 31% reduction in diabetes incidence, while rosiglitazone demonstrated a 60% reduction in a controlled trial (heneghan et al. 2006). despite these benefits, concerns about side effects, such as heart failure associated with rosiglitazone, highlight the need for careful consideration of drug use in prevention strategies(heneghan et al. 2006). anthropo-therapeutic healing: this holistic approach, integrating allopathic, ayurvedic, and homeopathic treatments, showed better overall wellness in diabetic patients than single-line treatments. (singh, 2024) innovative strategies research suggests that vaccines, such as a combination of insulin fragments and traditional vaccines, may offer a preventive approach for at-risk populations(elliott 1995). community-based prevention programs are essential to effectively test and implement primary prevention measures (tuomilehto & wolf 1987). while significant progress has been made in diabetes prevention, the complexity of the disease necessity ates ongoing research and the development of pragmatic, scalable interventions bibliography 1 risk factors of type 1 diabetes mellitus. doi: 10.33140/bscr.01.01.05 2. aarif, ali., aadil, ayaz., mashooq, ahmad, dar., n., k., singh., showkat, ahmad, bhat a key role of insulin in diabetes mellitus. international journal of scientific research in science, engineering, and technology, 3: 80-85. doi: 10.32628/ijsrset1734146 3. ahsan, masood., aisha, jamal., adnan, anwar., atif, ali, hashmi neurological features and their association with gender in diabetes mellitus patients. cureus, doi: 10.7759/cureus.39687.4. angela, r., boyd., deborah, conway gestational diabetes mellitus. doi: 10.1002/9781119636540.ch19 5. ankit, anand, kharia., akhlesh, kumar, singhai., sonal, kharia complete guide to diabetes. 6. britannica, t. editors of encyclopaedia (2024, july 16). diabetes mellitus. encyclopedia britannica. 7. britannica, t. editors of encyclopaedia (2024, july 26). diabetes mellitus. encyclopedia britannica. 8. carl, heneghan., mary, thompson., rafael, perera prevention of diabetes. bmj, doi: 10.1136/bmj.38996.709340.be 9. christine, march., ingrid, libman., dorothy, j., becker., lynne, l., levitsky from antiquity to modern times: a history of diabetes mellitus and its treatments. hormone research in paediatrics, doi: 10.1159/000526441 10.

**3. File 7 - [An Insight on Diabetes Mellitus_extracted.pdf] - file_7_summary_0_part_0_level_1**
diabetes prevalence is projected to reach 643 million by 2030 and 783 million by 2045, driven by insulin deficiency or resistance that disrupts glucose uptake and leads to hyperglycemia. key risk factors include obesity, increasing age, family history, hypertension, dyslipidemia, and sedentary lifestyle, with gestational diabetes additionally linked to pre pregnancy bmi, physical inactivity, stress, pcos, hypertension, and low birth weight history. complications span microvascular damage such as retinopathy, nephropathy, neuropathy and macrovascular disease including myocardial infarction, stroke, and peripheral vascular disease. diagnostic thresholds define normal fasting plasma glucose as 60-99 mg/dl, pre-diabetes 100-125 mg/dl, and diabetes ≥126 mg/dl, while prevention relies on lifestyle interventions that can reduce incidence by up to 58%, pharmacological agents like metformin and rosiglitazone, holistic anthropo-therapeutic approaches, and emerging vaccine strategies.

**4. File 20 - [Diabetes and cardiovascular disease_extracted.pdf] - file_20_chunk_4_level_0**
diabetes and cardiovascular disease review 1249 october 10, 2015|volume 6|issue 13| wjd| research that pertains to each of these topics. glycemic control as many studies have linked poor glycemic control to worse cv outcomes, current treatment recommen dations for patients with dm place a heavy emphasis on closely monitoring and controlling glycemic levels in an effort to improve cardiac outcomes. the exact glycemic level that should be targeted for diabetics, however, is controversial and varies depending on which organization is making the guideline. for example, the current recommendation by the american association of clinical endocrinologists guidelines has a goal hemo globin a1c (hba1c) of less than or equal to 6.5%, and encourages providers to treat patients with an a1c value greater than 6.5% with a combination of lifestyle modification, weight loss and pharmacological agents. the acc/aha have a slightly more relaxed a1c goal of less than 7% for non-pregnant patients with t1dm or t2dm in order to reduce the risk of microvascular or macrovascular complications. in addition, acc/ aha also qualifies their recommendation by including a recommendation that an a1c goal of greater than 7 may be appropriate for patients with a history of severe hypoglycemia, limited life expectancy, advanced microvascular or macrovascular complications, extensive comorbidities, or for those with long-standing diabetes. the recommendation also states that an a1c goal lower than the general goal of less than 7.0% may be beneficial for certain diabetic patient populations including those with a short duration of diabetes, long life expectancy, and no cvd. the va/dod guidelines use a more individualized algorithm for determining an appropriate a1c goal for diabetic patients. this guideline range from a target a1c of < 7 to < 9 depending on the patient's current health status, comorbid conditions, life expectancy, risk of hypoglycemia and duration of diabetes status. cv outcomes there have been many studies that have investigated the effect of intensive treatment of hyperglycemia on cv outcomes in patients with diabetes. the ukpds trial was one of the first multi-center, randomized control trials to investigate the effect of intensive glycemic control in patients with recently diagnosed t2dm. patients were either randomized to ""conventional"" or ""intensive"" glycemia-lowering therapy and were followed for 10 years. the intensive glycemic group reduced hba1c by 11% over 10 years (median 7.0%) as compared to the group treated with conventional therapy who did not have a significant change in their hba1c (median 7.9%). the primary effect seen in the group with tighter glycemic control was a 12% reduction in all diabetes-related endpoints and a 25% reduction in microvascular disease (primarily through decreased retinopathy). in addition, the intensive therapy group trended towards a mortality and re-infarction than non-diabetics, with one-year mortality rates of nearly 50%. although the exact pathophysiology of cad progression in patients with dm has not yet been determined, the most recent studies postulate that the underlying atherosclerotic process is similar between those with and without dm. it is thought that the higher incidence of myocardial infarction in patients with dm is attributable to increased coagulability. many studies have found that diabetics have increased expression of glycoprotein iib/iiia receptors and vwf, which are responsible for platelet activation. patients with dm also have increased plasminogen activator inhibitor type 1 which could decrease fibrinolysis, increase thrombus formation and accelerate plaque formation. finally, diabetic patients also tend to have decreased circulating anti-coagulants such as protein c and antithrombin iii due in a large part to the proteinuria present with dn. collectively, these factors place patients with dm in a prothrombotic and procoagulant state, which may account for the higher rates of mi seen in diabetic patients. silent myocardial ischemia may also contribute to the higher rates of mi seen in diabetic patients. ische mia and subsequent angina often serves as an early warning system to patients developing obstructive cad. however, those with silent ischemia are often asymptomatic and diagnosed later into the progression of cad, which is associated with higher rates of mi-related mortality and morbidity. silent ischemia is far more prevalent in patients with dm (10%-20%) than those without dm (1%-4%). this disparity may be responsible for the observation seen in some angiographic studies where cad was usually more advanced at the time of diagnosis in diabetic patients.

**5. File 7 - [An Insight on Diabetes Mellitus_extracted.pdf] - file_7_chunk_1_level_0**
this number is expected to rise to 643 million by 2030 and 783 million by 2045. the regulation of glucose is regulated by a polypeptide hormone secreted by b cells in the islets of langerhans of the pancreas in coordination with glucagon, another hormone. when blood sugar levels rise, glucose uptake into the cells for energy and storage is facilitated by the release of insulin, an endocrine hormone secreted by the pancreas. during the fasting stage (between meals), when the blood sugar levels decrease, the level of insulin drops, and glucagon (the other hormone), is released for the breakdown of glycogen (stored glucose in the liver) into glucose by the process called glycogenesis, which then is released into the bloodstream to regulate blood sugar level and other metabolic activities. (abdelrahman, 2016).thus preventing hyperglycemia (bhavya & sanjay 2022)(ali et al. 2017).in diabetes, either insulin production is insufficient, or cells become resistant to its effects, leading to elevated blood glucose levels and subsequent complications(ali et al. 2017)(bolli et al. 2021. in india, about 77 million people under the age of 18 have diabetes (type 2) and about 25 million have pre-diabetes (higher risk of diabetes in the future). more than 50% of people do not know they have diabetes, and this condition can lead to health problems if not diagnosed and treated early. (who, 2022)the blood sugar levels in the human body are maintained by 2 hormones i.e. insulin and glycogen figure 1 mechanism of insulin and glucagon in the regulation of blood sugar levels in the hyperglycemic and hypoglycemic conditions. source: (steinbusch laura, 2011) ancient references and understanding, key discoveries in the 19th and 20th centuries, and modern developments the earliest known references to diabetes date back to ancient egypt around 1500 bce, where symptoms were documented in healing texts(haider & mehdi 2023). ancient indian and chinese medical literature, as well as greek and arab writings, also describe the disease, highlighting its long-standing presence in human history(mahajan & mahajan 2023).in the 19th century, significant advancements included identifying the pancreas's role in diabetes by joseph von mering and oskar minkowski, who demonstrated that pancreas removal in dogs induced diabetes(haider & mehdi international journal for multidisciplinary research (ijfmr) e-issn: 2582-2160 * website: * email: ijfmr240529100 volume 6, issue 5, september-october 2024 3 2023)(march et al. 2022). the landmark discovery of insulin in 1921 by frederick banting and charles best revolutionized diabetes treatment, providing a critical tool for managing type 1 diabetes(mejia-rivera. 2023). the last century has seen rapid advancements in diabetes management, including continuous glucose monitoring and synthetic insulin development, significantly improving patient outcomes(march et al. 2022)(kuzina et al. 2022). despite these advancements, diabetes remains a complex challenge, with ongoing research needed to address its increasing prevalence and the intricacies of its pathophysiology. diabetes mellitus is influenced by a variety of risk factors that can significantly increase an individual's likelihood of developing the condition. understanding these factors is crucial for prevention and management strategies. the following sections outline the key risk factors identified in recent research. key risk factors * obesity: identified as the most significant risk factor, obesity is closely linked to the onset of diabetes. a weight loss of 5% can improve glycemic control and reduce the need for medication(merwass et al. 2024). * age: increasing age is associated with a higher risk of diabetes, particularly in women, as physiological functions decline over time(olaleye et al. 2024). * family history: a genetic predisposition plays a critical role, with family history being a significant risk factor for diabetes(muwakhidah 2023). * hypertension and dyslipidemia: conditions such as high blood pressure and abnormal cholesterol levels further elevate diabetes risk, particularly in obese individuals (merwass et al. 2024)(olaleye et al. 2024). * lifestyle factors: sedentary behavior and poor dietary choices contribute to obesity and, consequently, diabetes risk (merwass et al. 2024) (muwakhidah 2023).

**6. File 7 - [An Insight on Diabetes Mellitus_extracted.pdf] - file_7_chunk_4_level_0**
ethnicity non-caucasian women have a higher prevalence of gdm(liu & liu 2009). family history a strong family history of diabetes, particularly type-2 diabetes, significantly raises the risk(ouyang et al. 2002)(saeed et al. 2016). table 2.2 lifestyle factors associated with gestational diabetes obesity a pre-pregnancy bmi over 25 kg/m2 is a well-established risk factor(liu & liu 2009)(alhinti et al. 2023). physical inactivity lack of exercise is associated with higher gdm risk(saeed et al. 2016). stress pregnancy-related stress has been linked to increased gdm incidence(saeed et al. 2016). table 2.1 other contributing factors associated with gestational diabetes polycystic ovary syndrome (pcos) this condition is increasingly recognized as a risk factor(liu & liu 2009). hypertension high blood pressure during pregnancy is also correlated with gdm(saeed et al. 2016). low birth weight history maternal history of low birth weight can contribute to gdm risk(dode & santos 2009). international journal for multidisciplinary research (ijfmr) e-issn: 2582-2160 * website: * email: ijfmr240529100 volume 6, issue 5, september-october 2024 6 other specific types ""maturity-onset diabetes of the young"" (mody) refers to a broad category of monogenic illnesses characterized by dysfunctional b cells. in 1-2% of patients with diabetes, it is thought to be the underlying cause of the condition; nevertheless, prevalence estimates won't be reliable until extensive population screening studies are carried out. (thanabalasingham g, owen kr, 2011). this form of diabetes is sporadic; it is caused when the body's tissue receptors do not respond to insulin, even when insulin levels are normal. defects in beta cell function may result from autosomal or mitochondrial genetic mutations. in a few instances, abnormal insulin action can have been inherited. diabetes can result from any condition that severely damages the pancreas (such as cystic fibrosis and chronic pancreatitis). diabetes is a condition brought on by diseases linked to the overproduction of insulin-antagonistic hormones; once the excess hormone is eliminated, the condition usually resolves. while some poisons and many medications harm pancreatic beta cells and reduce insulin release, other substances--particularly glucocorticoids, which can cause ""steroid diabetes""--increase insulin resistance. urakami t, 2018 in a study done on mody identifies at least 14 genes to be mutated, including six that encode proteins that correspond to mody subtypes 1-6 in turn: glucokinase (gck), pancreatic and duodenal homeobox 1 (pdx1), neurogenic differentiation 1 (neurod1), hepatocyte nuclear factor (hnf) 4a (hnf4a), and hnf1a (hnf1a). few medical cases have revealed that any damage to the pancreas after a major disease such as cystic fibrosis and chronic pancreatitis may lead to diabetes in some form. complications in diabetes-diabetes mellitus is associated with a range of complications that can significantly impact health and quality of life. understanding these complications is crucial for effective management and prevention as it is associated with both microvascular and macrovascular diseases affecting several organs, including muscle, skin, heart, brain, and kidneys. table 3.1 microvascular complications-these complications involve small blood vessels such as capillaries retinopathy damage to the retina can lead to vision loss, often requiring early detection and management (saienko et al. 2024)(wagh et al. 2022). nephropathy kidney damage can progress to renal failure, necessitating dialysis or transplantation (wilson 2023) (pradeepa & mohan 2024). neuropathy nerve damage can result in pain, loss of sensation, and complications like diabetic foot syndrome (przyborowska et al. 2024)(wagh et al. 2022). table 3.2 macrovascular complications-these complications involve large vessels, such as arteries and veins cardiovascular disease increased risk of myocardial infarction and stroke due to vascular damage(saienko et al. 2024)(pradeepa & mohan 2024). peripheral vascular disease reduced blood flow to limbs can lead to severe complications, including amputations(wilson 2023)(wagh et al. 2022)."
"Give me different ways of improving my cardiovascular health with diet.","**Brief Introduction**
Cardiovascular disease (CVD) remains the leading cause of death worldwide, yet diet is one of the most modifiable risk factors.  Evidence from large cohort studies, randomized trials, and meta‑analyses consistently shows that certain dietary patterns and specific nutrients lower blood pressure, improve lipid profiles, reduce inflammation, and ultimately lower the incidence of coronary heart disease, stroke, and heart failure.  The following synthesis draws on the most robust findings from the literature and highlights practical, evidence‑based dietary strategies that clinicians can recommend to patients seeking to improve cardiovascular health.
---
| Dietary Strategy | Core Components | Evidence Highlights | Practical Take‑away |
|------------------|-----------------|---------------------|--------------------|
| **Mediterranean Diet** | • Extra‑virgin olive oil (EVOO) <br>• Whole grains, legumes, fruits, vegetables <br>• Nuts, seeds, moderate fish/poultry <br>• Limited red meat, sweets, full‑fat dairy | • Randomized trials (e.g., PREDIMED) show 30 % reduction in major CVD events when supplemented with EVOO or nuts. <br>• Meta‑analyses report lower LDL‑C, higher HDL‑C, and reduced inflammatory gene expression. <br>• EVOO alone is linked to a 15 % lower relative risk of CVD and 17 % lower all‑cause mortality. | Encourage “heart‑healthy” portions of EVOO (1–2 Tbsp/day) and a handful of nuts daily; replace butter or margarine with EVOO. |
| **DASH (Dietary Approaches to Stop Hypertension)** | • 4–5 servings of fruits & vegetables <br>• 2–3 servings of low‑fat dairy <br>• 6–8 servings of whole grains <br>• 2–3 servings of poultry/fish <br>• 5–6 Tbsp nuts/seeds <br>• ≤ 2 300 mg sodium/day (or 1 500 mg for a reduced‑sodium version) | • RCTs demonstrate 5–6 mm Hg systolic and 3 mm Hg diastolic reductions in both hypertensive and normotensive adults. <br>• DASH lowers total cholesterol by ~11 mg/dL and LDL‑C by ~11 mg/dL. <br>• In the DISCO trial, DASH reduced non‑calcified coronary plaque by 20 % over 67 weeks. | Emphasize sodium restriction (≤ 2 300 mg/day) and use the DASH food‑group servings as a template for meal planning. |
| **Healthy Plant‑Based Diet** | • Predominantly plant foods (whole grains, fruits, vegetables, nuts, seeds, legumes) <br>• Optional inclusion of dairy, eggs, fish (lacto‑ovo‑vegetarian, pescatarian) <br>• Minimal or no red meat | • Observational cohorts report 20–30 % lower CVD mortality with high plant‑protein intake. <br>• Plant‑based diets are associated with lower blood pressure, improved insulin sensitivity, and reduced atherogenic lipids. | Offer a “plant‑protein” score (≥ 5 servings/day) and advise patients to limit processed meats. |
| **Specific Nutrients & Functional Foods** | • **Potassium** – 4–5 g/day (≈ 4 500 mg) <br>• **Calcium** – 1 000–1 200 mg/day <br>• **Vitamin D** – 800–1 000 IU/day (if deficient) <br>• **Vitamin C** – 500 mg/day (from food) <br>• **Hibiscus tea** – 1–2 cups/day <br>• **Flavonoid‑rich fruits** (apples, berries) & **nitrate‑rich vegetables** (spinach, beetroot) | • Systematic reviews show that higher potassium intake lowers systolic BP by ~4 mm Hg and reduces CVD risk. <br>• Calcium supplementation modestly lowers primary hypertension risk. <br>• Vitamin D and C supplementation are associated with small but significant BP reductions. <br>• Hibiscus tea meta‑analysis reports ~5 mm Hg systolic lowering. <br>• Flavonoid‑rich apples and nitrate‑rich spinach improve endothelial nitric‑oxide production. | Add a serving of leafy greens or a cup of hibiscus tea daily; consider a multivitamin if dietary intake is insufficient. |
| **Reduce Harmful Foods** | • Eliminate trans‑fatty acids <br>• Limit added sugars & sweetened beverages <br>• Minimize processed & red meats | • Trans‑fat restriction in New York led to a 30 % drop in myocardial‑infarction admissions. <br>• Red/processed meat consumption is linked to a 20 % higher risk of incident CVD, stroke, and diabetes. | Replace processed meats with plant proteins; choose whole‑grain breads over refined; avoid sugary drinks. |
| **Increase Fiber & Whole Grains** | • ≥ 25 g fiber/day <br>• ≥ 3 servings of whole grains | • Whole‑grain consumption is associated with a 10 % lower risk of type 2 diabetes and a 15 % lower CVD risk. <br>• Fiber improves gut‑microbiome diversity, which in turn lowers blood pressure and reduces pro‑atherogenic metabolites. | Offer oatmeal, quinoa, barley, and legumes as staples; encourage at least one whole‑grain product per meal. |
| **Emerging & Adjunct Strategies** | • Intermittent fasting (IF) <br>• Ketogenic or low‑carbohydrate diets <br>• Gut‑microbiome‑targeted pre‑/pro‑biotics | • IF shows modest BP and lipid improvements in small trials, but long‑term CVD data are lacking. <br>• Low‑carbohydrate diets have mixed mortality outcomes; benefits appear driven by higher protein and saturated‑fat intake. <br>• Targeting the microbiome (e.g., reducing L‑carnitine from red meat) may attenuate TMAO production. | IF or ketogenic diets can be considered for weight loss or metabolic syndrome, but clinicians should monitor lipid changes and gut‑health markers. |
1. **Prioritize Evidence‑Based Patterns**
The Mediterranean and DASH diets have the strongest, most consistent evidence for reducing major CVD events.  They are also complementary—patients can adopt a Mediterranean‑style food selection while following DASH’s sodium‑restriction framework.
2. **Target Key Nutrients**
• **Potassium** – increases vascular smooth‑muscle relaxation.
• **Calcium** – modest BP lowering when supplemented.
• **Vitamin D & C** – small BP reductions and antioxidant benefits.
• **Flavonoids & nitrates** – improve endothelial function.
• **Omega‑3 fatty acids** – reduce triglycerides and arrhythmia risk (see File 6, vitamin E, etc.).
3. **Limit Harmful Components**
• **Trans‑fats** – eliminate partially hydrogenated oils.
• **Added sugars & sweetened beverages** – reduce to < 5 % of total calories.
• **Red & processed meats** – limit to < 1 serving/week; replace with plant proteins.
• **Excess sodium** – aim for ≤ 2 300 mg/day; consider a reduced‑sodium DASH version if hypertension is present.
4. **Leverage the Gut Microbiome**
High‑fiber, plant‑based foods increase microbial diversity, lowering pro‑atherogenic metabolites such as TMAO.  Incorporating fermented foods or prebiotic fibers can further support cardiovascular‑protective microbiota.
5. **Address Practical Barriers**
• **Cost & access** – nuts, EVOO, and fresh produce can be expensive; suggest budget‑friendly alternatives (e.g., canned beans, frozen vegetables).
• **Cultural preferences** – adapt Mediterranean or DASH templates to local cuisines (e.g., using local olive oils, legumes, or whole‑grain staples).
• **Patient adherence** – use a multidisciplinary team (dietitian, pharmacist, exercise specialist) to reinforce dietary goals and monitor progress.
A combination of well‑structured dietary patterns—Mediterranean, DASH, or a healthy plant‑based diet—alongside targeted nutrient optimization (potassium, calcium, vitamin D/C, flavonoids, and omega‑3s) provides the strongest evidence for improving cardiovascular health.  Reducing trans fats, added sugars, sodium, and processed meats further amplifies these benefits.  While emerging strategies such as intermittent fasting or ketogenic diets show promise, their long‑term cardiovascular outcomes remain uncertain and should be individualized.  Clinicians should tailor recommendations to each patient’s preferences, socioeconomic context, and comorbidities, and consider a team‑based approach to maximize adherence and sustain cardiovascular benefits.","**1. File 6 - [An Exploration of Dietary Strategies for_extracted.pdf] - file_6_summary_0_part_0_level_1**
the references review the impact of various dietary factors on cardiovascular health, including the harmful effects of trans fatty acids, the blood pressure-lowering potential of increased potassium intake, and the benefits of calcium, vitamin d, vitamin c, hibiscus tea, and flavonoid-rich foods. they also examine the role of beer, nuts, dairy, whole grains, and a mediterranean diet in modulating blood pressure, lipid profiles, and the risk of hypertension and coronary heart disease. several systematic reviews and meta-analyses provide evidence for these associations, highlighting dose-response relationships and the importance of dietary patterns. overall, the cited studies emphasize that specific nutrients and dietary patterns can influence cardiovascular risk factors and disease outcomes.

**2. File 2 - [2019 ACCAHA Guideline on the Primary Prevention of Cardiovascular Disease A Report of the American College of CardiologyAmerican Heart Association Task Force on Clinical Practice Guidelines_extracted.pdf] - file_2_summary_29_part_0_level_1**
the text cites numerous studies on diet and cardiovascular outcomes, covering plant-based and mediterranean diets, protein sources, fats, sodium, trans fats, added sugars, carbohydrate intake, low-carbohydrate diets, and red meat consumption. it references acc/aha guidelines, systematic reviews, meta-analyses, and observational cohort studies, as well as science advisories and policy interventions such as trans-fat restrictions and sodium reduction. the cited works link dietary patterns to risk of coronary heart disease, stroke, diabetes, and all-cause mortality. overall, the references provide evidence for dietary recommendations aimed at reducing cardiovascular disease and related mortality.

**3. File 29 - [Heart-Healthy Diet for Cardiovascular Disease Prevention_extracted.pdf] - file_29_summary_7_part_0_level_1**
the mediterranean diet, rich in extra virgin olive oil, whole grains, fruits, vegetables, and lean proteins, lowers cardiovascular disease risk by reducing ldl, raising hdl, and modulating inflammatory and atherogenic genes. the dash diet, with its sodium restriction and emphasis on fruits, vegetables, low-fat dairy, and whole grains, lowers blood pressure, ldl, and non-calcified plaque, improving cardiac function and reducing diabetes risk. plant-based diets, including vegetarian, vegan, and semi-vegetarian patterns, are associated with lower cardiovascular risk, while intermittent fasting regimens such as alternate-day fasting and time-restricted eating show modest weight loss but are not superior to calorie restriction for cardiometabolic outcomes. emerging evidence links the gut microbiome to cardiovascular health through metabolites like trimethylamine-n-oxide, with higher fiber intake and probiotics improving blood pressure and metabolic markers, suggesting a future for precision nutrition and microbiome-targeted therapies.

**4. File 29 - [Heart-Healthy Diet for Cardiovascular Disease Prevention_extracted.pdf] - file_29_chunk_0_level_0**
r e v i e w a heart-healthy diet for cardiovascular disease prevention: where are we now? alaa diab1, 2, l nedda dastmalchi3, martha gulati 4, erin d michos 1, 5 1department of epidemiology, johns hopkins bloomberg school of public health, baltimore, md, usa; 2department of medicine, greater baltimore medical center, baltimore, md, usa; 3division of cardiology, temple university hospital, philadelphia, pa, usa; 4smidt heart institute, cedars-sinai medical center, los angeles, la, usa; 5division of cardiology, department of medicine, johns hopkins university school of medicine, baltimore, md, usa correspondence: erin d michos, department of medicine, division of cardiology, johns hopkins university school of medicine, blalock 524-b, 600 n. wolfe street, baltimore, md, 21287, usa, tel +410-502-6813, email purpose of review: the relationship between cardiovascular health and diet is evolving. lifestyle modifications including diet changes are the primary approach in managing cardiometabolic risk factors. thus, understanding different diets and their impact on cardiovascular health is important in guiding primary and secondary prevention of cardiovascular disease (cvd). yet, there are many barriers and limitations to adopting a heart healthy diet. recent findings: diets rich in fruits, vegetables, legumes, whole grains, and lean protein sources, with minimization/avoidance of processed foods, trans-fats, and sugar sweetened beverages, are recommended by prevention guidelines. the mediterranean, dash, and plant-based diets have all proven cardioprotective in varying degrees and are endorsed by professional healthcare societies, while other emerging diets such as the ketogenic diet and intermittent fasting require more long-term study. the effects of diet on the gut microbiome and on cardiovascular health have opened a new path for precision medicine to improve cardiometabolic risk factors. the effects of certain dietary metabolites, such as trimethylamine n-oxide, on cardiometabolic risk factors, along with the changes in the gut microbiome diversity and gene pathways in relation to cvd management, are being explored. summary: in this review, we provide a comprehensive up-to-date overview on established and emerging diets in cardiovascular health. we discuss the effectiveness of various diets and most importantly the approaches to nutritional counseling where traditional and non-traditional approaches are being practiced, helping patients adopt heart healthy diets. we address the limitations to adopting a heart healthy diet regarding food insecurity, poor access, and socioeconomic burden. lastly, we discuss the need for a multidisciplinary team-based approach, including the role of a nutrition specialist, in implementing culturally-tailored dietary recommendations. understanding the limitations and finding ways to overcome the barriers in implementing heart-healthy diets will take us miles in the path to cvd prevention and management. keywords: cardiovascular disease, diet, guidelines, nutrition, disparities, gut microbiome plain language summary the mediterranean, dash, and plant-based diets remain the leading heart healthy diets that match cardiology professional society recommendations. emerging diets like the ketogenic diet and intermittent fasting are effective weight loss diets with unknown heart protective benefits, and require further studies on whether the benefits outweigh the risks. adopting a heart-healthy diet is a foundational component for cardiovascular disease prevention, but barriers and limitations to adopting heart healthy diets exist and need to be assessed as part of cardiovascular risk assessment. introduction despite the advances in medical management and evidence-supported dietary interventions for improved heart health, cardiovascular disease (cvd) remains the leading cause of death in the united states.1 over time, various diets have been studied for their effectiveness in cvd prevention.2 one of the earliest epidemiological studies investigating the link between diet and cvd was the seven countries study led by ancel keys between 1958 and 1964, which demonstrated vascular health and risk management 2023: 19 237-253 237 (c) 2023 diab et al. this work is published and licensed by dove medical press limited. the full terms of this license are available at and incorporate the creative commons attribution-non commercial (unported, v3.0) license (by accessing the work you hereby accept the terms. non-commercial uses of the work are permitted without any further permission from dove medical press limited, provided the work is properly attributed.

**5. File 29 - [Heart-Healthy Diet for Cardiovascular Disease Prevention_extracted.pdf] - file_29_chunk_13_level_0**
circulation. 2022; 145: e153-e639.2. fischer nm, pallazola va, xun h, cainzos-achirica m, michos ed. the evolution of the heart-healthy diet for vascular health: a walk through time. vasc med. 2020; 25: 184-193.3. menotti a, puddu pe. how the seven countries study contributed to the definition and development of the mediterranean diet concept: a 50-year journey. nutr metab cardiovasc dis. 2015; 25: 245-252.4. delarue j. mediterranean diet and cardiovascular health: an historical perspective. br j nutr. 2021; 1-14.5. yusuf s, hawken s, ounpuu s, et al. effect of potentially modifiable risk factors associated with myocardial infarction in 52 countries (the interheart study): case-control study. lancet. 2004; 364: 937-952.6. miller v, mente a, dehghan m, et al. fruit, vegetable, and legume intake, and cardiovascular disease and deaths in 18 countries (pure): a prospective cohort study. lancet. 2017; 390(10107): 2037-2049.7. arnett dk, blumenthal rs, albert ma, et al. 2019 acc/aha guideline on the primary prevention of cardiovascular disease: executive summary: a report of the american college of cardiology/american heart association task force on clinical practice guidelines. j am coll cardiol. 2019; 74: 1376-1414.8. visseren flj, mach f, smulders ym, et al. 2021 esc guidelines on cardiovascular disease prevention in clinical practice: developed by the task force for cardiovascular disease prevention in clinical practice with representatives of the european society of cardiology and 12 medical societies with the special contribution of the european association of preventive cardiology (eapc). eur heart j. 2021; 42: 3227-3337.9. ferraro ra, fischer nm, xun h, michos ed. nutrition and physical activity recommendations from the united states and european cardiovascular guidelines: a comparative review. curr opin cardiol. 2020; 35: 508-516.10. belardo d, michos ed, blankstein r, et al. practical, evidence-based approaches to nutritional modifications to reduce atherosclerotic cardiovascular disease: an american society for preventive cardiology clinical practice statement. am j prev cardiol. 2022; 10: 100323.11. badimon l, chagas p, chiva-blanch g. diet and cardiovascular disease: effects of foods and nutrients in classical and emerging cardiovascular risk factors. curr med chem. 2019; 26: 3639-3651.12. roth ga, mensah ga, johnson co, et al. global burden of cardiovascular diseases and risk factors, 1990-2019: update from the gbd 2019 study. j am coll cardiol. 2020; 76: 2982-3021.13. divers j, mayer-davis ej, lawrence jm, et al. trends in incidence of type 1 and type 2 diabetes among youths -- selected counties and indian reservations, united states, 2002-2015. mmwr morb mortal wkly rep. 2020; 69: 161-165.14. international diabetes foundation. idf diabetes atlas 10th edition; 2021. available from: accessed december 8, 2022.15. muntner p, hardy st, fine lj, et al. trends in blood pressure control among us adults with hypertension, 1999-2000 to 2017-2018. jama. 2020; 324: 1190-1200.16. world health organization. obesity and overweight. available from: overweight#: . accessed march 24, 2022.17. hales cm, carroll md, fryar cd, ogden cl. prevalence of obesity and severe obesity among adults: united states, 2017-2018. nchs data brief. 2020; 3: 1-8. dovepress vascular health and risk management 2023: 19 248 diab et al dovepress powered by tcpdf (18. powell-wiley tm, poirier p, burke le, et al. obesity and cardiovascular disease: a scientific statement from the american heart association. circulation.

**6. File 29 - [Heart-Healthy Diet for Cardiovascular Disease Prevention_extracted.pdf] - file_29_chunk_2_level_0**
the mediterranean, the dietary approaches to stop hypertension (dash), and plant-based diets all have proven cardiopro tective in varying degrees and are endorsed by professional healthcare societies, while other emerging diets such as the ketogenic diet and intermittent fasting require more long-term study. the effects of diet on the gut microbiome and on cardiovascular health have opened a new path for precision medicine to improve cardiometabolic risk factors. the effects of certain dietary metabolites, such as trimethylamine n-oxide (tmao), on cardiometabolic risk factors, along with the changes in the gut microbiome diversity and gene pathways in relation to cvd management, are being explored. in this review, we will provide a comprehensive up-to-date overview on established and emerging diets for cardiovascular health and cvd prevention. we will address the limitations to adopting a heart healthy diet from food insecurity, poor access, and socioeconomic burden. lastly, we will discuss the need for additional nutritional education in health professional schools, and the importance of a multidisciplinary team to partner with patients to improve their nutritional knowledge and self-efficacy in adopting heart healthy diets. established heart healthy diets three major dietary patterns (the mediterranean diet, the dash diet, and the healthy plant-based diet) (figure 1) have the most evidence for cvd prevention and are described below. the mediterranean diet the mediterranean diet, which was inspired by the eating habits of countries that border the mediterranean sea (ie, spain, italy, and southern greece) is one that is rich in whole-grains, leafy green vegetables, fruits, legumes, unsalted nuts, herbs, spices, and extra virgin olive oil (evoo), with a moderate intake of lean proteins such as fish and poultry, moderate alcohol consumption, and limited intake of red meat and sweets. by its very nature, the mediterranean diet limits or eliminates many of the culprits in the standard american diet that drive cvd-saturated fat, highly processed refined grains and sugars, and red meat.2, 10, 21 the mediterranean diet differs from other dietary patterns as there is dovepress vascular health and risk management 2023: 19 238 diab et al dovepress powered by tcpdf (a greater emphasis on evoo, nuts, reduced dairy consumption, and eating with family.22 the mediterranean diet has been found to be favorable as a food pattern, rather than single nutrient supplementation, as it inherently provides anti-oxidants, reduces inflammation of the vascular wall, modulates pro-atherogenic genes, alters gut microbiome, and improves lipid panels by decreasing low density lipoprotein cholesterol (ldl-c) and raising high density lipoprotein cholesterol (hdl-c).21, 23-25 nutritional genomic studies show that greater adherence to a mediterranean diet blunt the development of an adverse cardiometabolic phenotype in genetically susceptible individuals, with interactions between the mediterranean diet and polymorphisms of the cyclooxygenase-2, interleukin-6, apolipoprotein a2, cholesteryl ester transfer protein plasma, and transcription factor 7-like 2 genes.26 one study found that the mediterranean diet plus evoo prevented increases in levels of pro-atherothrombotic genes such as cox-2, low-density lipoprotein receptor-related protein, and monocyte chemoattractant protein 1 expression compared to a control diet.27 as mentioned above, the benefits of the mediterranean diet were first appreciated in the seven countries study (yugoslavia, italy, greece, finland, the netherlands, japan, and the us), led by ancel keys in 1958, who found there was a higher rate of mortality from coronary heart disease (chd) in men from the us and northern europe in comparison to regions in southern europe.3, 28 the countries in southern europe had higher consumption of olive oil, fruits, vegetables and fish, and lower consumption of meat and animal fats, in comparison to populations in the us and northern europe.

**7. File 2 - [2019 ACCAHA Guideline on the Primary Prevention of Cardiovascular Disease A Report of the American College of CardiologyAmerican Heart Association Task Force on Clinical Practice Guidelines_extracted.pdf] - file_2_chunk_54_level_0**
bmj. 2007; 334: 885-8. s3.1-16. micha r, penalvo jl, cudhea f, et al. association between dietary factors and mortality from heart disease, stroke, and type 2 diabetes in the united states. jama. 2017; 317: 912-24. s3.1-17. kiage jn, merrill pd, robinson cj, et al. intake of trans fat and all-cause mortality in the reasons for geographical and racial differences in stroke (regards) cohort. am j clin nutr. 2013; 97: 1121-8. s3.1-18. lofvenborg je, andersson t, carlsson p-o, et al. sweetened bever-age intake and risk of latent autoimmune diabetes in adults (lada) and type 2 diabetes. eur j endocrinol. 2016; 175: 605-14. s3.1-19. yang q, zhang z, gregg ew, et al. added sugar intake and car-diovascular diseases mortality among us adults. jama intern med. 2014; 174: 516-24. s3.1-20. johnson rk, lichtenstein ah, anderson cam, et al. low-calorie sweetened beverages and cardiometabolic health: a sci-ence advisory from the american heart association. circulation. 2018; 138: e126-40. s3.1-21. shikany jm, safford mm, newby pk, et al. southern dietary pat-tern is associated with hazard of acute coronary heart disease in the reasons for geographic and racial differences in stroke (regards) study. circulation. 2015; 132: 804-14. s3.1-22. seidelmann sb, claggett b, cheng s, et al. dietary carbohydrate intake and mortality: a prospective cohort study and meta-analysis. lancet public health. 2018; 3: e419-28. s3.1-23. trichopoulou a, psaltopoulou t, orfanos p, et al. low-carbohydrate- high-protein diet and long-term survival in a general population cohort. eur j clin nutr. 2007; 61: 575-81. s3.1-24. noto h, goto a, tsujimoto t, et al. low-carbohydrate diets and all-cause mortality: a systematic review and meta-analysis of observa-tional studies. plos one. 2013; 8: e55030. s3.1-25. brandt ej, myerson r, perraillon mc, et al. hospital admissions for myocardial infarction and stroke before and after the trans-fatty acid restrictions in new york. jama cardiol. 2017; 2: 627-34. s3.1-26. micha r, mozaffarian d. trans fatty acids: effects on meta-bolic syndrome, heart disease and diabetes. nat rev endocrinol. 2009; 5: 335-44. s3.1-27. mozaffarian d. dietary and policy priorities for cardiovascular dis-ease, diabetes, and obesity: a comprehensive review. circulation. 2016; 133: 187-225. s3.1-28. weir hk, anderson rn, coleman king sm, et al. heart disease and cancer deaths--trends and projections in the united states, 1969-2020. prev chronic dis. 2016; 13: e157. s3.1-28a. micha r, wallace sk, mozaffarian d. red and processed meat con-sumption and risk of incident coronary heart disease, stroke, and diabetes mellitus: a systematic review and meta-analysis. circulation. 2010; 121: 2271-83. s3.1-29. van horn l, carson jas, appel lj, et al. recommended dietary pattern to achieve adherence to the american heart association/ american college of cardiology (aha/acc) guidelines: a scien-tific statement from the american heart association. circulation. 2016; 134: e505-29. s3.1-30. rimm eb, appel lj, chiuve se, et al. seafood long-chain n-3 polyun-saturated fatty acids and cardiovascular disease: a science advisory from the american heart association. circulation. 2018; 138: e35-47. s3.1-31.

**8. File 6 - [An Exploration of Dietary Strategies for_extracted.pdf] - file_6_chunk_13_level_0**
circulation. 2017, 136: e1-e23.10.1161/cir.0000000000000510 27. mozaffarian d, katan mb, ascherio a, stampfer mj, willett wc: trans fatty acids and cardiovascular disease. n engl j med. 2006, 354: 1601-13.10.1056/nejmra054035 28. aburto nj, hanson s, gutierrez h, hooper l, elliott p, cappuccio fp: effect of increased potassium intake on cardiovascular risk factors and disease: systematic review and meta-analyses. bmj. 2013, 346: f1378.10.1136/bmj.f1378 29. sierksma a, kok fj: beer and health: from myths to science. eur j clin nutr. 2012, 66: 869-70.10.1038/ejcn.2012.30 30. cormick g, ciapponi a, cafferata ml, belizan jm: calcium supplementation for prevention of primary hypertension. cochrane database syst rev. 2015, 2015: cd010037.10.1002/14651858.cd010037.pub2 31. wu sh, ho sc, zhong l: effects of vitamin d supplementation on blood pressure. south med j. 2010, 103: 729-37.10.1097/smj.0b013e3181e6d389 32. serban c, sahebkar a, ursoniu s, andrica f, banach m: effect of sour tea (hibiscus sabdariffa l.) on arterial hypertension: a systematic review and meta-analysis of randomized controlled trials. j hypertens. 2015, 33: 1119-27.10.1097/hjh.0000000000000585 33. juraschek sp, guallar e, appel lj, miller er 3rd: effects of vitamin c supplementation on blood pressure: a meta-analysis of randomized controlled trials. am j clin nutr. 2012, 95: 1079-88.10.3945/ajcn.111.027995 34. marra am, arcopinto m, bossone e, ehlken n, cittadini a, grunig e: pulmonary arterial hypertension-related myopathy: an overview of current data and future perspectives. nutr metab cardiovasc dis. 2015, 25: 131-9.10.1016/j.numecd.2014.10.005 35. bondonno cp, yang x, croft kd, et al.: flavonoid-rich apples and nitrate-rich spinach augment nitric oxide status and improve endothelial function in healthy men and women: a randomized controlled trial. free radic biol med. 2012, 52: 95-102.10.1016/j.freeradbiomed.2011.09.028 36. micha r, wallace sk, mozaffarian d: red and processed meat consumption and risk of incident coronary heart disease, stroke, and diabetes mellitus: a systematic review and meta-analysis. circulation. 2010, 121: 2271-83.10.1161/circulationaha.109.924977 37. aune d, norat t, romundstad p, vatten lj: whole grain and refined grain consumption and the risk of type 2 diabetes: a systematic review and dose-response meta-analysis of cohort studies. eur j epidemiol. 2013, 28: 845-58.10.1007/s10654-013-9852-5 38. sabate j, oda k, ros e: nut consumption and blood lipid levels: a pooled analysis of 25 intervention trials. arch intern med. 2010, 170: 821-7.10.1001/archinternmed.2010.79 39. soedamah-muthu ss, verberne ld, ding el, engberink mf, geleijnse jm: dairy consumption and incidence of hypertension: a dose-response meta-analysis of prospective cohort studies. 2012.10.1161/hypertensionaha.112.195206 40. estruch r, ros e, salas-salvado j, et al.: primary prevention of cardiovascular disease with a mediterranean diet supplemented with extra-virgin olive oil or nuts. n engl j med.

**9. File 29 - [Heart-Healthy Diet for Cardiovascular Disease Prevention_extracted.pdf] - file_29_chunk_4_level_0**
further research has been done to understand why the mediterranean diet is so valuable in reducing cvd risk. one meta-analysis of observational epidemiologic studies evaluated whether evoo itself shows benefit in cvd.37 researchers found that a higher consumption of fats from evoo had a reduced relative risk (rr) of 0.85 (95% ci0.77-0.93) for cvd and of 0.83 (95% ci0.77-0.90) for all-cause mortality. the researchers believed that the anti-inflammatory and antioxidant effects play a role through its abundance of phenolic compounds and vitamin e with the addition of substituting saturated fats from the diet with monounsaturated and polyunsaturated fats.37 additionally, the anti-inflammatory properties of evoo play a role in reducing platelet aggregation.21 the emphasis of high fiber foods, such as whole grains and vegetables, in the mediterranean-style diet provides benefit in the gut microbiome.38 with improvement in the biodiversity of the gut microbiome (as discussed further later in this review), beneficial effects of blood pressure control, reduction in metabolic syndrome and diabetes, lower levels of pro-atherogenic compounds, and ultimately lower rates of cvd have been demonstrated.39 red meat, which is minimized in the traditional mediterranean diet, contains the nutrient l-carnitine, which produces the pro-atherogenic compound g-butyrobetaine (gbb) as it gets converted to trimethylamine and tmao by the gut microbes, both of which accelerate atherosclerosis.40 these favorable elements of the mediterranean dietary pattern are further enhanced by the emphasis of physical activity, which has shown to improve cardiometabolic health and reduce cvd.21 the dash diet the dash diet was created in 1997 by the national heart lung and blood institute to prevent and treat hypertension, a known risk factor for cvd.41 the dash diet is rich in fruits and vegetables, low-fat dairy, whole grain, poultry, fish, nuts, and seeds, while limiting fatty meats, sweets, sugar sweetened beverages, and full-fat dairy products.42 the standard dash diet restricts salt consumption to 2, 300 mg per day. it meets the dietary guidelines for americans' recommenda tion of limiting daily salt consumption to less than 2, 300 mg. a reduced-sodium version of dash limits sodium intake to 1, 500 mg per day. significant reduction in cardiometabolic risk is seen with the dash diet by lowering blood pressure, total cholesterol, and ldl-c, all of which are significant risk factors which are accounted for in the atherosclerotic cvd (ascvd) risk score and eventually leads to improvement in cardiac function and decreased incidence of diabetes.43-46 one of the main key elements of the dash diet in lowering blood pressure is the sodium restriction in comparison to other diets.41, 42, 46 dovepress vascular health and risk management 2023: 19 240 diab et al dovepress powered by tcpdf (a dash diet has been shown to reduce blood pressure in persons with or without hypertension, where in an rct, the dash diet reduced blood pressure by 5-6 mmhg systolic and 3 mmhg diastolic, while also lowering ldl-c by 11 mg/ dl.41 in observational data, a dash-style dietary pattern has also been associated with a lower risk of cvd, heart failure, and diabetes.47, 48 in the dietary intervention to stop coronary atherosclerosis in computed tomography (disco) rct, 92 individuals, 41% women, with non-obstructive coronary atherosclerosis were randomized to either dash diet with optimal medical therapy or control group of just optimal medical treatment.49 at a mean of just 67 weeks, a significant reduction in noncalcified plaque in the dash diet intervention group was found in comparison to the medical treatment alone group.49 the healthy plant-based diet a healthy plant-based diet has been shown to be associated with lower cardiovascular risk.50-55 plant-based diets, a diet consistently of predominantly plants, can be diverse in content, patterns, and even have subsets. the subsets branch into vegetarian (which excludes meat, poultry, seafood, and fish) and vegan (in which all animal food and their products are eliminated from the diet). other plant-based diet subsets include lacto-vegetarians, who consume dairy products, lacto-ovo- vegetarians, who consume dairy and eggs, pesco-vegetarians or pescatarians, who consume fish, dairy, and eggs, and lastly, semi-vegetarians, who exclude red meats, possibly poultry as well.

**10. File 2 - [2019 ACCAHA Guideline on the Primary Prevention of Cardiovascular Disease A Report of the American College of CardiologyAmerican Heart Association Task Force on Clinical Practice Guidelines_extracted.pdf] - file_2_chunk_53_level_0**
j nutr. 2014; 144: 881-9. downloaded from by on september 12, 2025 arnett et al 2019 acc/aha guideline on the primary prevention of cardiovascular disease september 10, 2019 circulation. 2019; 140: e596-e646. doi: 10.1161/cir.0000000000000678 e628 clinical statements and guidelines s3.1-4. satija a, bhupathiraju sn, spiegelman d, et al. healthful and unhealthful plant-based diets and the risk of coronary heart disease in us adults. j am coll cardiol. 2017; 70: 411-22. s3.1-5. sotos-prieto m, bhupathiraju sn, mattei j, et al. association of changes in diet quality with total and cause-specific mortality. n engl j med. 2017; 377: 143-53. s3.1-6. whalen ka, judd s, mccullough ml, et al. paleolithic and mediterranean diet pattern scores are inversely associated with all-cause and cause-specific mortality in adults. j nutr. 2017; 147: 612-20. s3.1-7. bao y, han j, hu fb, et al. association of nut consumption with total and cause-specific mortality. n engl j med. 2013; 369: 2001-11. s3.1-8. bernstein am, sun q, hu fb, et al. major dietary protein sources and risk of coronary heart disease in women. circulation. 2010; 122: 876-83. s3.1-9. song m, fung tt, hu fb, et al. association of animal and plant pro-tein intake with all-cause and cause-specific mortality. jama intern med. 2016; 176: 1453-63. s3.1-10. tharrey m, mariotti f, mashchak a, et al. patterns of plant and animal protein intake are strongly associated with cardiovascular mortality: the adventist health study-2 cohort. int j epidemiol. 2018; 47: 1603-12. s3.1-11. martinez-gonzalez ma, sanchez-tainta a, corella d, et al. a pro-vegetarian food pattern and reduction in total mortality in the prevencion con dieta mediterranea (predimed) study. am j clin nutr 100 suppl 1 2014: 320s-28s. s3.1-12. wang dd, li y, chiuve se, et al. association of specific dietary fats with total and cause-specific mortality. jama intern med. 2016; 176: 1134-45. s3.1-13. dehghan m, mente a, zhang x, et al. associations of fats and carbo-hydrate intake with cardiovascular disease and mortality in 18 coun-tries from five continents (pure): a prospective cohort study. lancet. 2017; 390: 2050-62. s3.1-14. sacks fm, svetkey lp, vollmer wm, et al. effects on blood pres-sure of reduced dietary sodium and the dietary approaches to stop hypertension (dash) diet. dash-sodium collaborative research group. n engl j med. 2001; 344: 3-10. s3.1-15. cook nr, cutler ja, obarzanek e, et al. long term effects of dietary sodium reduction on cardiovascular disease outcomes: observational follow-up of the trials of hypertension prevention (tohp). bmj. 2007; 334: 885-8. s3.1-16. micha r, penalvo jl, cudhea f, et al. association between dietary factors and mortality from heart disease, stroke, and type 2 diabetes in the united states. jama. 2017; 317: 912-24. s3.1-17. kiage jn, merrill pd, robinson cj, et al. intake of trans fat and all-cause mortality in the reasons for geographical and racial differences in stroke (regards) cohort. am j clin nutr. 2013; 97: 1121-8. s3.1-18. lofvenborg je, andersson t, carlsson p-o, et al. sweetened bever-age intake and risk of latent autoimmune diabetes in adults (lada) and type 2 diabetes."
"How can we implement smart wearables for the Detection of Cardiovascular Diseases?","**Implementing Smart Wearables for Cardiovascular Disease Detection – A Practical Roadmap**
---
Cardiovascular disease (CVD) remains the leading cause of mortality worldwide, yet many events are preventable with early detection. Smart wearables—compact, sensor‑embedded devices that continuously capture physiological data—have emerged as a powerful platform for real‑time CVD monitoring. When coupled with artificial intelligence (AI) and machine‑learning (ML) algorithms, these devices can identify arrhythmias, heart failure, and other cardiac abnormalities with accuracy that rivals, and sometimes surpasses, conventional clinical diagnostics. The systematic review by Moshawrab et al. (2023) synthesizes 87 studies spanning 2010‑2022, providing a comprehensive evidence base for how to translate wearable technology into clinical practice.
| Domain | Evidence & Highlights |
|--------|-----------------------|
| **Hardware Platforms** | Wristbands, smart watches, patches, headbands, smart glasses, and even smart textiles are routinely used. Smart watches and wristbands are especially favored for their non‑invasiveness, compactness, and long battery life (see the review’s discussion on device attributes). |
| **Sensors & Physiological Signals** | Electrocardiogram (ECG), photoplethysmography (PPG), blood pressure (BP), heart rate (HR), and temperature are the most common signals. ECG remains the gold standard for arrhythmia detection, with studies reporting >99 % accuracy when processed by deep learning models. |
| **AI/ML Models** | Convolutional Neural Networks (CNNs), Support Vector Machines (SVMs), Decision Trees, and Extreme Learning Machines dominate the literature. Recent work emphasizes explainable AI (XAI), federated learning, and multimodal ML to improve transparency, privacy, and performance. |
| **Datasets** | Public repositories such as MIT‑BIH arrhythmia, noise stress test, and normal sinus rhythm databases are frequently used for training and validation. However, many studies rely on proprietary datasets, underscoring the need for standardized, high‑quality data. |
| **Performance Metrics** | Accuracy, sensitivity, specificity, precision, recall, and F1‑score are reported. ECG‑based systems routinely achieve >99 % accuracy for atrial fibrillation (AF) detection; PPG‑based systems show slightly lower but clinically acceptable performance. |
| **User‑Centric Design** | Non‑invasiveness, compactness, affordability, robustness, ease of use, and long‑lasting power supply are identified as critical factors for patient adoption. |
| **Challenges** | • **Signal Artifacts & Noise** – motion, ambient light, and electrode contact issues degrade data quality. <br>• **Privacy & Security** – continuous data streams raise concerns about data ownership and breach. <br>• **Explainability** – black‑box models hinder clinician trust and regulatory approval. <br>• **Regulatory & Clinical Validation** – many devices lack large‑scale, real‑world validation studies. |
| **Future Directions** | • Federated learning to preserve privacy while leveraging distributed data. <br>• Automated artifact removal pipelines to improve signal fidelity. <br>• Multimodal ML that fuses ECG, PPG, BP, and contextual data (activity, location). <br>• XAI techniques to provide interpretable risk scores and alerts. |
1. **Choose a validated wearable** (e.g., FDA‑cleared smart watch or patch) that records ECG and PPG.
2. **Ensure sensor quality**: high‑resolution ECG electrodes, optical sensors with motion‑artifact suppression, and calibrated BP sensors if available.
3. **Embed secure, low‑power communication modules** (Bluetooth Low Energy, LTE‑M, or NB‑IoT) to transmit data to a secure cloud or edge server.
1. **Continuous streaming** with adaptive sampling rates (e.g., 250 Hz for ECG, 30 Hz for PPG).
2. **Real‑time artifact detection**: use lightweight algorithms (e.g., adaptive filtering, wavelet denoising) on the device or edge gateway.
3. **Data labeling**: integrate with clinical events (e.g., ECG Holter annotations) to create ground truth for supervised learning.
1. **Model selection**: start with a CNN for ECG classification (AF, ventricular tachycardia, etc.) and a hybrid model that fuses PPG‑derived HR variability with ECG features for heart‑failure risk.
2. **Explainability layer**: add SHAP or Grad‑CAM visualizations to highlight ECG segments driving the prediction.
3. **Federated learning**: train models across multiple hospitals or user devices without centralizing raw data, thereby preserving privacy.
4. **Continuous learning**: implement online learning on the edge to adapt to individual patient baselines and evolving signal characteristics.
1. **Risk stratification**: generate a daily CVD risk score (e.g., probability of AF episode > 24 h).
2. **Threshold‑based alerts**: trigger clinician‑reviewed notifications when risk exceeds a predefined level.
3. **Integration with EHR**: push alerts and summary reports into the patient’s electronic health record for seamless workflow.
1. **Pilot studies**: conduct a feasibility trial (e.g., 100 patients wearing the device for 30 days) to assess diagnostic accuracy and user adherence.
2. **Clinical endpoints**: compare wearable‑derived diagnoses with gold‑standard Holter or implantable loop recorder findings.
3. **Regulatory pathway**: document algorithm performance, explainability, and data security measures to satisfy FDA or EMA requirements for medical‑device software.
1. **Transparent privacy policy**: clearly explain data usage, storage, and deletion options.
2. **User interface**: provide intuitive dashboards that show heart‑health trends, battery status, and actionable insights.
3. **Feedback loops**: allow patients to confirm or correct alerts, feeding back into the federated learning system.
| Implication | Impact |
|-------------|--------|
| **Early Arrhythmia Detection** | AF detection accuracy >99 % can reduce stroke risk by enabling timely anticoagulation. |
| **Heart‑Failure Monitoring** | Continuous ECG and BP monitoring can identify reduced ejection fraction early, prompting timely diuretic titration or device therapy. |
| **Population Health** | Aggregated, anonymized risk scores can inform public‑health interventions (e.g., targeted screening in high‑risk communities). |
| **Patient Empowerment** | Real‑time feedback encourages lifestyle modifications (exercise, sleep hygiene) that mitigate CVD progression. |
| **Cost‑Effectiveness** | Wearables reduce the need for in‑office visits and expensive Holter monitors, potentially lowering overall healthcare expenditures. |
Smart wearables, when thoughtfully engineered and coupled with robust AI/ML frameworks, can transform cardiovascular disease detection from a reactive to a proactive paradigm. The evidence base demonstrates that ECG‑based wearables achieve near‑clinical accuracy, while emerging research on federated learning, multimodal data fusion, automated artifact removal, and explainable AI addresses the main barriers to widespread adoption. A successful implementation requires a multidisciplinary effort—device engineers, data scientists, clinicians, and regulatory experts—working together to build secure, interpretable, and patient‑friendly systems that can be seamlessly integrated into routine care. As the field matures, standardized datasets, large‑scale real‑world validation, and clear regulatory pathways will be essential to unlock the full potential of wearable technology for cardiovascular health.","**1. File 54 - [Smart Wearables for the Detection of Cardiovascular Diseases_extracted.pdf] - file_54_summary_10_part_0_level_1**
ai combined with smart wearables is poised to transform cardiovascular disease detection, prediction, and treatment by providing continuous, real-time monitoring that can outperform expert analysis. smart wearables, defined as compact, sensor-embedded devices that learn from their environment, have evolved from early prototypes like the 1961 shoe-sized computer to modern wristbands, patches, and headbands that collect vital signs and contextual data outside clinical settings. a systematic review of the literature identified that these devices enable long-term data collection, improve diagnostic accuracy, and support personalized care, yet challenges such as accuracy, privacy, noise interference, and explainability limit widespread adoption. future research should focus on federated learning for privacy, multimodal machine-learning to enhance precision, automated artifact removal, and improved explainability to build user trust and expand the clinical utility of smart wearables in cardiovascular disease management.

**2. File 54 - [Smart Wearables for the Detection of Cardiovascular Diseases_extracted.pdf] - file_54_summary_4_part_0_level_1**
this systematic review examined 87 papers on smart wearable devices for cardiovascular disease detection and prediction, covering publications from 2010 to 2022. the analysis revealed that wearables, combined with artificial intelligence and machine learning, achieve high accuracy in diagnosing conditions such as atrial fibrillation, heart failure, and other cardiac events. the review highlighted a growing research interest and demonstrated the effectiveness of wearable sensors, but also identified gaps in clinical validation and real-world deployment. further studies are needed to improve reliability, integration with healthcare systems, and to address data privacy and regulatory challenges.

**3. File 54 - [Smart Wearables for the Detection of Cardiovascular Diseases_extracted.pdf] - file_54_summary_12_part_0_level_1**
recent research demonstrates that artificial intelligence integrated with wearable and internet of things devices is increasingly used for cardiovascular monitoring and early detection of heart disease. studies employ diverse machine learning techniques—including deep learning, extreme learning machines, and local spectral ternary pattern analysis—to classify ecg, pulse plethysmograph, and mechanocardiography signals in real-time or edge-based systems. the literature also explores user acceptance, perceived usefulness, and design of smart textiles, intelligent shoes, and smart clothing to support health communication and disaster response. overall, these works highlight the potential of smart wearables to provide continuous, personalized, and cloud-connected monitoring for early intervention and improved patient outcomes.

**4. File 54 - [Smart Wearables for the Detection of Cardiovascular Diseases_extracted.pdf] - file_54_summary_2_part_0_level_1**
the review evaluates supervised learning models for cardiovascular disease detection using smart wearables, focusing on metrics such as accuracy, specificity, sensitivity, precision, recall, and f1-score. among 87 studies, convolutional neural networks, support vector machines, and decision trees were most frequently used, with the mit-bih arrhythmia database being the most common dataset (36 studies) and many studies also using private data. several tools achieved over 99% accuracy, especially ecg-based methods, and smart watches and wristbands are highlighted as practical, noninvasive, compact, affordable, robust, user-friendly, and long-lasting devices for continuous monitoring. current research trends emphasize explainable ai, federated learning, and multimodal machine learning to address the black-box nature of complex models and improve transparency and regulatory compliance.

**5. File 54 - [Smart Wearables for the Detection of Cardiovascular Diseases_extracted.pdf] - file_54_chunk_3_level_0**
therefore, a set of commonly known wearables are displayed in figure 2 below. figure 2. set of commonly known wearables. 1.4. role of smart wearables in cvds over the past decade, smart wearables have been increasingly used as health solutions. their effectiveness and proliferation has been fueled by advances in performance, size, style, and durability, among other factors. examples of smart wearables used to diagnose, track, and treat cardiovascular disease include wristbands, patches, headbands, eyeglasses, and necklaces. the implications of cvd wearables are many. for example, they enable continuous and long-term recording of functional or physiological data, leading to more accurate diagnosis and better health outcomes for patients. in addition, they enable the col-lection of necessary data in locations other than physicians' offices or hospitals, expanding the capacity of healthcare facilities to serve larger numbers of patients over longer periods of time. more importantly, the continuous monitoring capabilities of smart wearables enable more sophisticated knowledge of an individual patient's physiological state and ongoing activity, paving the way for more personalized healthcare and treatment. the devices also became less bulky and aesthetically pleasing, making them less intrusive and more suitable as everyday wearables. one way that smart wearables such as smartphones are benefiting from the widespread use of other devices is through pairing. some reasons for the success of smart wearables adoption and their success points are listed in table 1 below. table 1. success reasons and success points of smart wearables. powered by capabilities smart wearables low power consumption compact size adaptable styles robustness continuous functionality long-term monitoring real-time data sensing communication with internet sensors 2023, 23, 828 5 of 36 1.5. outline and main contributions of this article in this article, the use of smart wearables in the detection, prediction, and treatment of cardiovascular disease was investigated. for this purpose, a systematic literature review was conducted, following the methodology that is explained in section 2. subsequently, in section 3, the results of the performed search are presented. later, the obtained results are analyzed in section 4 and discussed in section 5. then, the challenges hindering the progress in the use of smart wearables are discussed, and future perspectives to solve these challenges are presented. finally, the article is concluded with a concluding section. to the best of our knowledge, there are no systematic reviews addressing the potential of smart wearables for early diagnosis of cvds. for example, in, the authors investigated the application of ai in smart wearables for cardiovascular disease detection. however, the focus of their research was on smart models rather than hardware; the obstacles that have slowed the development of this field are barely addressed, and the same is true for future prospects. furthermore, in, the authors explored the use of smart wearables in life course research, but they did not systematically explore the field or provide a complete vision of contextual implementations. motivated by the large role that smart wearables play in various aspects of daily life and by the lack of a systematic literature review discussing their role in predicting cardiovascular disease, this article therefore attempts to answer the following questions: * what are the applications of using smart wearables to detect and predict cardiovascular disease? * what are the different aspects such as hardware and software used in these implemen-tations? * to what extent are these implementations feasible? * what are the challenges and limitations in this area? * what future perspectives can be pursued to improve the use of smart wearables in cvds management? therefore, this article answers the above questions and thus contributes to academic knowledge by: * systematically reviewing the use of smart wearables in the treatment of cardiovascular disease; * analyzing and discussing the reviewed implementations in a way that facilitates the identification of opportunities for improvement in this area; * naming the barriers to progress in this area; * proposing solutions that can be used to address these barriers; * presenting a collection of research questions and findings that could serve as a starting point for future research. 2. research methodology this section details and explains the methodology used to conduct the systematic review. the steps described here can be used to conduct the same search and review the results or repeat the search in a different time period. 2.1. eligibility criteria in conducting this review, prisma (preferred reporting items for systematic reviews and meta-analyses) was used as a guide for preparing a systematic literature review. the structure of this review was based on the latest prisma checklist (prisma checklist 2020). in accordance with prisma standards, multiple sources were searched for papers that met the scope of this review. four variables were used to select these materials. to be considered reputable, a paper must address artificial intelligence or related fields, present a smart wearable solution, address healthcare, and focus on cardiovascular diseases.

**6. File 54 - [Smart Wearables for the Detection of Cardiovascular Diseases_extracted.pdf] - file_54_chunk_2_level_0**
in general, ai has fantastic potential to transform cardiology in the near future and is often seen as the next revolutionary step in the field due to its potential to accelerate and improve patient care. moreover, ai will soon revolutionize cardiovascular health, as its tools have the potential to outperform experts in detecting and predicting cardiovascular disease. therefore, smart wearables that combine ai and ict are expected to be very useful in cardiovascular disease detection and prediction. 1.3. smart wearables: definitions and overview smart wearables, also known as smart wearable technology or wearable gadgets, are a new breed of compact, rugged, and efficient computing devices made possible by the rapid growth of information and communication technologies and the advancement of electronics, particularly microprocessors. these devices are being hailed as the next generation of ubiquitous technology after smartphones, as they allow access to data at any time and from any location. the topic of smart wearables has evolved rapidly in recent years, and their technologies are now applicable in many other fields. this section provides a definition of ""smart wearables"" and a brief overview of the history of wearable technology. in addition, various categories of smart wearables are discussed in the upcoming sections. 1.3.1. smart wearables: brief history in 1950, alan turing asked the now famous question ""can machines think?"" which marked the beginning of the era of ""smart machines"". since then, researchers around the world have attempted to answer this question by turning computers into intelligent devices. despite its widespread use, the term ""smart"" is not uniformly defined and is presented in different ways by different scholars. in, ""smart"" devices are defined as embedded sensors, processors, and network devices that give smart things the ability to behave based on their own knowledge. in addition, ref. defines them as objects that can learn from their environment and interact with humans. different definitions focus on the capabilities of the devices. for example, smart wearables are defined by the authors in as devices that can be worn by the user at all times to monitor factors such as personal data, vital signs, locations, environment, movements, and more. in this context, a shoe-sized computer developed by edward thorp and claude shannon in 1961 is widely considered to be the first ever wearable computing device. in the 1980s, steve mann developed eyetap glasses that displayed computer-generated images in one eye and added textual information to the user's visual experience. subsequently, in 1996, the u.s. department of defense navy funded a study to monitor the vital signs of its troops, which is widely considered a defining moment in the history of smart wearables. since then, smart wearables have gradually evolved from invasive, heavy, and huge technologies to more adaptable, compact, and lightweight devices. this is because researchers have expanded their projects in this field to different areas of life such as health, fitness, sports, fashion, and even other sectors. 1.3.2. classification of smart wearables over the past few decades, there have been more than a thousand studies on smart wearables. however, smart wearables cannot be classified into a specific category. ac-cordingly, smart wearables are divided into six groups, as described by the authors of ref.: * medical; * industrial; * lifestyle; * fitness; * entertainment; sensors 2023, 23, 828 4 of 36 * gaming. on the other hand, the smart wearables were categorized by the authors of ref. according to their personal features rather than their function. they provided examples of the three categories into which they fall: * watch-type; * necklace or wristband-type; * headmount display-type. however, other technologies, such as electronic patches and health apparel, could not fit within this classification. therefore, a set of commonly known wearables are displayed in figure 2 below. figure 2. set of commonly known wearables. 1.4. role of smart wearables in cvds over the past decade, smart wearables have been increasingly used as health solutions. their effectiveness and proliferation has been fueled by advances in performance, size, style, and durability, among other factors. examples of smart wearables used to diagnose, track, and treat cardiovascular disease include wristbands, patches, headbands, eyeglasses, and necklaces. the implications of cvd wearables are many. for example, they enable continuous and long-term recording of functional or physiological data, leading to more accurate diagnosis and better health outcomes for patients. in addition, they enable the col-lection of necessary data in locations other than physicians' offices or hospitals, expanding the capacity of healthcare facilities to serve larger numbers of patients over longer periods of time.

**7. File 54 - [Smart Wearables for the Detection of Cardiovascular Diseases_extracted.pdf] - file_54_chunk_0_level_0**
citation: moshawrab, m.; adda, m.; bouzouane, a.; ibrahim, h.; raad, a. smart wearables for the detection of cardiovascular diseases: a systematic literature review. sensors 2023, 23, 828.10.3390/s23020828 academic editors: hariton-nicolae costin, cristian rotariu and monica fira received: 20 november 2022 revised: 27 december 2022 accepted: 9 january 2023 published: 11 january 2023 copyright: (c) 2023 by the authors. licensee mdpi, basel, switzerland. this article is an open access article distributed under the terms and conditions of the creative commons attribution (cc by) license (https: // creativecommons.org/licenses/by/ 4.0/). sensors systematic review smart wearables for the detection of cardiovascular diseases: a systematic literature review mohammad moshawrab 1, *, mehdi adda 1, abdenour bouzouane 2, hussein ibrahim 3 and ali raad 4 1 departement de mathematiques, informatique et genie, universite du quebec a rimouski, 300 allee des ursulines, rimouski, qc g5l 3a1, canada 2 departement d'informatique et de mathematique, universite du quebec a chicoutimi, 555 boulevard de l'universite, chicoutimi, qc g7h 2b1, canada 3 institut technologique de maintenance industrielle, 175 rue de la verendrye, sept-iles, qc g4r 5b7, canada 4 faculty of arts & sciences, islamic university of lebanon, wardaniyeh p.o. box 30014, lebanon * correspondence: ; tel.: +1-624-9394 abstract: background: the advancement of information and communication technologies and the growing power of artificial intelligence are successfully transforming a number of concepts that are important to our daily lives. many sectors, including education, healthcare, industry, and others, are benefiting greatly from the use of such resources. the healthcare sector, for example, was an early adopter of smart wearables, which primarily serve as diagnostic tools. in this context, smart wearables have demonstrated their effectiveness in detecting and predicting cardiovascular diseases (cvds), the leading cause of death worldwide. objective: in this study, a systematic literature review of smart wearable applications for cardiovascular disease detection and prediction is presented. after conducting the required search, the documents that met the criteria were analyzed to extract key criteria such as the publication year, vital signs recorded, diseases studied, hardware used, smart models used, datasets used, and performance metrics. methods: this study followed the prisma guidelines by searching ieee, pubmed, and scopus for publications published between 2010 and 2022. once records were located, they were reviewed to determine which ones should be included in the analysis. finally, the analysis was completed, and the relevant data were included in the review along with the relevant articles. results: as a result of the comprehensive search procedures, 87 papers were deemed relevant for further review. in addition, the results are discussed to evaluate the development and use of smart wearable devices for cardiovascular disease management, and the results demonstrate the high efficiency of such wearable devices. conclusions: the results clearly show that interest in this topic has increased. although the results show that smart wearables are quite accurate in detecting, predicting, and even treating cardiovascular disease, further research is needed to improve their use. keywords: cardiovascular diseases; smart wearables; sensors; body sensor networks; machine learning; smart health; wide body area networks 1. introduction healthcare has always been one of the most important issues that people have cared about. given the prevalence of diseases and their impact on people's lives, researchers are always looking for methods to improve medical services and promote public health. in addition, the aging population, shortage of medically trained personnel, lack of equity in services, epidemic planning, and a host of other problems hinder the growth of public health worldwide. however, advances in information and communication technology (ict) offer effective answers to these challenges. in this context, artificial intelligence (ai) is considered the most promising tool for improving healthcare, as it has the potential to be used in virtually all areas of medicine and will transform healthcare for patients sensors 2023, 23, 828. sensors 2023, 23, 828 2 of 36 and communities. this enormous contribution is not due to magic, but to ai's data-processing capabilities, which surpass those of humans, especially when large computations are performed in a short period of time.

**8. File 54 - [Smart Wearables for the Detection of Cardiovascular Diseases_extracted.pdf] - file_54_chunk_23_level_0**
6.2.4. raising trust by enhancing accuracy, privacy, and explainability given the prevalence and devastating impact of cardiovascular disease, there is a growing need for practical and viable solutions that can help detect and even predict the onset of these conditions. consequently, smart wearables have proven to be viable in this area, providing both continuous and real-time monitoring without interfering with daily life routines. however, there is a great need to improve the prediction of cvds using smart wearables, whether through increased accuracy, better explainability, or by addressing other issues that hinder their adoption by users, such as privacy and ethical constraints. this is a well-known fact that does not need further explanation, because when it comes to health, users are only willing to use tools that are highly accurate, understandable, private, and reliable. in other words, greater trust and wider use of smart wearables as tools for predicting cvds will result from improved accuracy, reliability, feasibility, privacy, and explainability of such devices. for this reason, we may summarize the outlook into the following trending research topics. in addition, those research topics are illustrated in figure 11 below (the symbol tr in the list below and in figure 11 refers to the term ""trending research topic""): * tr1: to protect user privacy, smart wearables should employ federated learning for cvds detection; sensors 2023, 23, 828 28 of 36 * tr2: the use of automated artifact and noise removal methods to mitigate the effects of interference and background noise; * tr3: improve the quality of recognition models by analyzing data from numerous modalities and sources using multimodal ml techniques; * tr4: raising precision, explainability, and adaptability will help build users' confi-dence in smart wearables. figure 11. research topics that may serve as solutions to the challenges in the domain. figure 12 below summarizes the challenges-future solutions relationship and illus-trates how future views may act as potential solutions in the domain, all of which can assist to enhance research into the use of smart wearables in the detection of cvds. figure 12. challenges-future solutions chart. 7. conclusions recently, the use of smart wearables in the diagnosis and prediction of cardiovascular disease has received increasing attention. this is partly due to the technological potential of smart wearables and partly due to the data processing power of artificial intelligence and its derivatives, machine learning and deep learning. in this research, we thoroughly sensors 2023, 23, 828 29 of 36 investigated the use of smart wearables to treat fatal heart diseases. the review of the research area showed the high practicality and effectiveness of such methods, reflecting the growing interest that has surged in recent years. however, given the challenges and limitations discussed in this review, there is a large window for improvement that smart wearables should undergo to prove their feasibility and reliability. increasing accuracy, automating noise reduction, solving privacy issues, dealing with heterogeneity, and improv-ing explainability are interesting topics that should be considered when trying to promote the use of smart wearables in the management of cvds. as a result, this review provides a brief overview of a number of relevant topics that can be used as recommendations for further research. author contributions: conceptualization: m.m. and m.a.; formal analysis: m.m.; investigation: m.m.; methodology: m.m. and m.a.; supervision: m.a., a.b., h.i. and a.r.; visualization: m.m.; writing--original draft: m.m.; writing--review & editing: m.a., a.b., h.i. and a.r. all authors have read and agreed to the published version of the manuscript. funding: this research was funded by the natural sciences and engineering research council of canada (nserc) grant number 06351. institutional review board statement: not applicable. informed consent statement: not applicable. data availability statement: the study did not report any data. acknowledgments: we acknowledge the support of centre d'entrepreneuriat et de valorisation des innovations (cevi). conflicts of interest: the authors declare no conflict of interest. references 1. urgent health challenges for the next decade. 13 january 2020. available online: story/photo-story-detail/urgent-health-challenges-for-the-next-decade (accessed on 1 april 2021). 2. holmes, j.; sacchi, l.; bellazzi, r. artificial intelligence in medicine. ann. r. coll. surg. engl. 2004, 86, 334-338.3. maddox, t.m.; rumsfeld, j.s.; payne, p.r. questions for artificial intelligence in health care. jama 2019, 321, 31-32.

**9. File 54 - [Smart Wearables for the Detection of Cardiovascular Diseases_extracted.pdf] - file_54_chunk_18_level_0**
the bih arrhythmia laboratory collected these ambulatory two-channel ecg recordings from 47 patients between 1975 and 1979 and included 48 30-minute samples. the physionet mit-bih atrial fibrillation database, the physionet mit-bih noise stress test database (nstdb), and the physionet mit-bih normal sinus rhythm database were also consulted. figure 7. training datasets in use. 5. results discussion this study systematically collects and analyzes the literature on the use of smart wearables for cardiovascular disease diagnosis and prognosis. however, there is more to be said about the studies discussed so far, especially in terms of their effectiveness and conformity with the latest research areas in artificial intelligence. this topic will be elaborated and explored in this section. 5.1. performance, usability, and feasibility to predict cvds, many tools have been used. the wide range of research is due to the wide range of vital signs and devices used to achieve this goal. ecg, bp, hr, and temperature were all reliable predictors of cardiovascular disease. this is evidenced by the fact that the results of several studies (described in table 2) showing the use of different implementations yielded an accuracy rate of over 99%. however, there are several things to consider when making a final decision on a wearable gadget. the following is a list of features that would make a smart wearable more practical: * noninvasive: the gadget should not penetrate or pierce the skin to collect data; * compact: the wearable device should not be bulky or large, as its main purpose is to monitor health symptoms without interfering with one's life activities; * affordable: the affordability of the device plays a role in how well it fits into every-day life; sensors 2023, 23, 828 22 of 36 * robust: the device should be durable enough to handle cold, hot, humid, or dry weather, as well as harsh operating conditions such as light scratches or bumps; * ease of use: if the hardware used requires little human input, it should have an intuitive interface; * durable power source: the portable device must be powered reliably enough to collect meaningful data over an extended period of time. on the other hand, the electrocardiogram (ecg) is considered the most effective indicator of cardiovascular disease due to its high accuracy in recording the presence of such disease and its practicality and reliability in detecting it. conventional ecg signal acquisition relies on electrodes, which can be uncomfortable to wear during normal daily activities. smart watches and wristbands, on the other hand, are quite effective at capturing ecg signals and are also convenient for a number of other reasons. they are available to everyone and are the best option as they combine a variety of useful features with accurate monitoring of heart rate and other vital signs. commercially available smart watches and wristbands are cheap and have simple user interfaces. they are small, are not in the way, and do not limit people's options. in addition, they are equipped with reliable power sources that allow them to last for a long time. finally, their ability to record a wide range of biometric data makes them an excellent, if not ideal, option for ecg capture devices and thus for predicting cvd parameters. 5.2. latest tech-trends and wearables in cvds alternatively, it is interesting to examine whether or not smart wearables used to control cvd are consistent with current machine learning practices. several subfields of machine learning were identified as current research areas, but ""explainable ai"", ""fed-erated machine learning"", and ""multimodal machine learning"" were most frequently mentioned. the compliance of smart wearables used to detect cvds to those topics is discussed in the following sections. 5.2.1. explainable ai the more complex ai becomes, the more difficult it becomes for humans to understand and reconstruct the thought process of the algorithm. the entire computational process becomes a so-called ""black box"", something that cannot be understood by humans. these black box models are created from scratch using nothing but the raw data. they are so complicated that not even the engineers or data scientists who create them can explain how their artificial intelligence algorithms arrive at their conclusions. insight into the reasoning behind an ai system's results can be very helpful. being able to explain a decision can be critical in allowing stakeholders to challenge or change the conclusion, in meeting regulatory criteria, or in ensuring that the system works as intended by its creators. in this context, and to address the challenges posed by the black-box nature of ai, ml, and dl models, explainable ai (xai) is proposed as a viable solution. the goal of xai is to make the results and outputs generated by machine learning algorithms understandable and reliable to human users.

**10. File 54 - [Smart Wearables for the Detection of Cardiovascular Diseases_extracted.pdf] - file_54_chunk_34_level_0**
proc. acm interact. mob. wearable ubiquitous technol. 2021, 5, 1-19. [crossref] 104. hui, y.; yin, z.; wu, m.; li, d. wearable devices acquired ecg signals detection method using 1d convolutional neural network. in proceedings of the 2021 15th international symposium on medical information and communication technology (ismict), xiamen, china, 14-16 april 2021; pp. 81-85.105. pramukantoro, e.s.; gofuku, a. a heartbeat classifier for continuous prediction using a wearable device. sensors 2022, 22, 5080. [crossref pubmed] 106. pramukantoro, e.s.; gofuku, a. a real-time heartbeat monitoring using wearable device and machine learning. in proceedings of the 2022 ieee 4th global conference on life sciences and technologies (lifetech), osaka, japan, 7-9 march 2022; pp. 270-272.107. kwon, j.m.; jo, y.y.; lee, s.y.; kang, s.; lim, s.y.; lee, m.s.; kim, k.h. artificial intelligence-enhanced smartwatch ecg for heart failure-reduced ejection fraction detection by generating 12-lead ecg. diagnostics 2022, 12, 654. [crossref] 108. zhu, l.; nathan, v.; kuang, j.; kim, j.; avram, r.; olgin, j.; gao, j. atrial fibrillation detection and atrial fibrillation burden estimation via wearables. ieee j. biomed. health inform. 2021, 26, 2063-2074. [crossref] 109. sabbadini, r.; riccio, m.; maresca, l.; irace, a.; breglio, g. atrial fibrillation detection by means of edge computing on wearable device: a feasibility assessment. in proceedings of the 2022 ieee international symposium on medical measurements and applications (memea), messina, italy, 22-24 june 2022; pp. 1-6.110. santala, o.e.; lipponen, j.a.; jantti, h.; rissanen, t.t.; tarvainen, m.p.; laitinen, t.p.; laitinen, t.m.; castren, m.; valiaho, e.s.; rantula, o.a.; et al. continuous mhealth patch monitoring for the algorithm-based detection of atrial fibrillation: feasibility and diagnostic accuracy study. jmir cardio 2022, 6, e31230. [crossref] 111. baraeinejad, b.; shayan, m.f.; vazifeh, a.r.; rashidi, d.; hamedani, m.s.; tavolinejad, h.; gorji, p.; razmara, p.; vaziri, k.; vashaee, d.; et al. design and implementation of an ultralow-power ecg patch and smart cloud-based platform. ieee trans. instrum. meas. 2022, 71, 1-11. [crossref] sensors 2023, 23, 828 34 of 36 112. hiraoka, d.; inui, t.; kawakami, e.; oya, m.; tsuji, a.; honma, k.; kawasaki, y.; ozawa, y.; shiko, y.; ueda, h.; et al. diagnosis of atrial fibrillation using machine learning with wearable devices after cardiac surgery: algorithm development study. jmir form. res. 2022, 6, e35396. [crossref pubmed] 113. shrestha, a.p.; yu, c.-h. ecg data analysis with iot and machine learning. in proceedings of the 2022 ieee 12th annual computing and communication workshop and conference (ccwc), las vegas, nv, usa, 26-29 january 2022; pp. 0323-0327.114. jenifer, a.; jeba, g.; paulraj, l.; kumar, n.; yuvaraj, t.; alen, g.; rozario, p.; amoli, r. edge-based heart disease prediction device using internet of things. in proceedings of the 2022 international conference on applied artificial intelligence and computing (icaaic), salem, india, 9-11 may 2022; pp."
"Is there a relationship between hypertension and stroke?","**Brief Introduction**
Hypertension is a well‑established risk factor for cerebrovascular disease.  The hierarchical evidence retrieved from the RAPTOR system includes large epidemiologic meta‑analyses, randomized‑trial data, and guideline statements that collectively quantify how elevated blood pressure (BP) translates into stroke risk and how BP lowering mitigates that risk.
---
| Source | Evidence | Quantitative Relationship |
|--------|----------|---------------------------|
| **Meta‑analysis of 147 RCTs (File 63, level 2)** | 464 000 participants; 12 000 strokes recorded | • A 10 mm Hg systolic or 5 mm Hg diastolic reduction lowers stroke risk by ~33 % (RR ≈ 0.67). <br>• The effect is consistent across drug classes (thiazides, β‑blockers, ACE‑is, ARBs, CCBs). |
| **Age‑specific regression slopes (File 63, level 1 & 9)** | Individual‑level data from 1 million adults | • For age 60‑69, a 20 mm Hg systolic drop yields a relative risk (RR) of 0.43 (57 % reduction). <br>• The relationship is linear: RR  s × d/20 for systolic, where *s* is the slope for the age group. |
| **Cohort‑based model validation (File 63, level 1)** | 147 trials compared to observational data | • BP‑lowering alone explains the observed 33 % stroke risk reduction in 60‑69‑year olds with baseline 150/90 mm Hg. |
| **Guideline statements (File 36, level 0)** | American Heart Association / American Stroke Association 2014 & 2016 statements | • Hypertension is a primary modifiable risk factor for stroke, especially in women; BP control is recommended for all adults at high cardiovascular risk. |
| **Additional observational evidence (File 63, level 0)** | Multiple cohort studies (e.g., Zhang et al., 2006; Verdecchia et al., 2005) | • Elevated BP independently predicts incident ischemic stroke; risk increases progressively with BP levels. |
**Synthesis of the Relationship**
1. **Causality** – The consistency of the BP‑stroke association across observational cohorts and randomized trials, coupled with the dose‑response pattern (larger BP reductions → greater risk reduction), supports a causal link.
2. **Magnitude** – A 10 mm Hg systolic reduction reduces stroke incidence by roughly one‑third, a clinically meaningful benefit.
3. **Age Modulation** – Younger adults derive proportionally larger absolute risk reductions because of higher baseline incidence, but the relative risk reduction per mm Hg is similar across ages.
4. **Drug Class** – The benefit is largely BP‑mediated; no class‑specific pleiotropic advantage is evident for stroke prevention, except a modest extra benefit for calcium‑channel blockers (~33 % vs. ~27 % for other classes).
5. **Guideline Consensus** – Current professional guidelines endorse BP control as a cornerstone of stroke prevention, particularly in women and in those with additional risk factors (e.g., menopause, autoimmune disease).
| Implication | Practical Take‑away |
|-------------|---------------------|
| **Risk Stratification** | Use age‑specific regression slopes to estimate individual stroke risk reduction achievable with a target BP lowering (e.g., a 20 mm Hg systolic drop in a 65‑year‑old yields ~57 % relative risk reduction). |
| **Treatment Targets** | Aim for ≥10 mm Hg systolic or ≥5 mm Hg diastolic reduction in adults with hypertension to achieve ~33 % stroke risk reduction. |
| **Drug Selection** | Any first‑line antihypertensive class is acceptable for stroke prevention; consider calcium‑channel blockers if a slightly larger stroke benefit is desired. |
| **Population‑Level Impact** | Widespread BP control can substantially lower stroke incidence, especially in high‑risk groups (women, post‑menopausal, autoimmune disease). |
| **Monitoring** | Regular BP measurement and adherence assessment are essential; consider ambulatory BP monitoring for accurate estimation of BP reduction. |
The hierarchical evidence unequivocally demonstrates a strong, dose‑dependent relationship between hypertension and stroke.  Elevated systolic and diastolic BP independently increase stroke risk, and each millimetre‑of‑mercury reduction translates into a measurable, clinically significant decrease in stroke incidence.  These findings are corroborated by large randomized‑trial meta‑analyses, age‑specific regression models, and contemporary guideline recommendations.  Therefore, aggressive BP management remains a cornerstone of primary and secondary stroke prevention across all adult populations.","**1. File 63 - [Use of blood pressure lowering drugs in the prevention_extracted.pdf] - file_63_summary_2_part_0_level_1**
age-specific regression slopes allow calculation of relative risk reduction for any age and blood pressure difference; for age 60-69 a 20 mm hg systolic drop gives a relative risk of 0.43 (57 % reduction) for stroke, with proportional scaling for larger or smaller drops. meta-analysis of short-term placebo trials estimated the blood pressure lowering effect of one standard-dose drug, and cohort studies linked these reductions to proportional decreases in chd (≈24 %) and stroke (≈33 %) in 60-69-year olds with baseline 150/90 mm hg, with larger reductions for higher baseline blood pressure and smaller reductions with age. the predicted risk reductions from the cohort-based model matched observed reductions in 147 trials, validating that blood pressure lowering alone explains the benefit of all drug classes, except a brief extra effect of beta-blockers in recent chd survivors. thus, blood pressure-lowering therapy should be offered to anyone at high cardiovascular risk, as each mm hg reduction lowers chd and stroke risk by a constant proportion regardless of baseline blood pressure, and the number and dose of drugs can be chosen to achieve the desired risk reduction.

**2. File 36 - [Menopause Transition and Cardiovascular Disease Risk Implications for Timing of Early Prevention A Scientific Statement From the American Heart Association_extracted.pdf] - file_36_chunk_54_level_0**
2020; 142: e506-e532. doi: 10.1161/cir.0000000000000912 e532 clinical statements and guidelines 226. bushnell c, mccullough ld, awad ia, chireau mv, fedder wn, furie kl, howard vj, lichtman jh, lisabeth ld, pina il, et al; on behalf of the american heart association stroke council; council on cardio-vascular and stroke nursing; council on clinical cardiology; council on epidemiology and prevention; council for high blood pressure re-search. guidelines for the prevention of stroke in women: a statement for healthcare professionals from the american heart association/ american stroke association [published corrections appear in stroke. 2014; 45: e95 and stroke. 2014; 45: e214]. stroke. 2014; 45: 1545-1588. doi: 10.1161/01.str.0000442009.06663.48 227. lisabeth l, bushnell c. stroke risk in women: the role of meno-pause and hormone therapy. lancet neurol. 2012; 11: 82-91. doi: 10.1016/s1474-442270269-1 228. rocca wa, grossardt br, miller vm, shuster lt, brown rd jr. premature menopause or early menopause and risk of ischemic stroke. menopause. 2012; 19: 272-277. doi: 10.1097/gme.0b013e31822a9937 229. mcsweeney jc, rosenfeld ag, abel wm, braun lt, burke le, daugherty sl, fletcher gf, gulati m, mehta ls, pettey c, et al; on behalf of the ameri-can heart association council on cardiovascular and stroke nursing, council on clinical cardiology, council on epidemiology and prevention, council on hypertension, council on lifestyle and cardiometabolic health, and council on quality of care and outcomes research. prevent-ing and experiencing ischemic heart disease as a woman: state of the science: a scientific statement from the american heart association. cir-culation. 2016; 133: 1302-1331. doi: 10.1161/cir.0000000000000381 230. olszanecka a, posnik-urbanska a, kawecka-jaszcz k, czarnecka d, fedak d. adipocytokines and blood pressure, lipids and glucose me-tabolism in hypertensive perimenopausal women. kardiol pol. 2010; 68: 753-760.231. tikhonoff v, casiglia e, gasparotti f, spinella p. the uncertain effect of menopause on blood pressure. j hum hypertens. 2019; 33: 421-428. doi: 10.1038/s41371-019-0194-y 232. shifren jl, gass ml; nams recommendations for clinical care of midlife women working group. the north american menopause so-ciety recommendations for clinical care of midlife women. menopause. 2014; 21: 1038-1062. doi: 10.1097/gme.0000000000000319 233. finkelstein js, lee h, karlamangla a, et al. antimullerian hormone and impending menopause in late reproductive age: the study of women's health across the nation. j clin endocrinol metab. 2020; 105: e1862-e1871. doi: 10.1210/clinem/dgz283 downloaded from by on september 12, 2025.

**3. File 63 - [Use of blood pressure lowering drugs in the prevention_extracted.pdf] - file_63_summary_2_part_0_level_2**
meta-analysis of 147 randomized trials with 464, 000 participants found that lowering systolic blood pressure by 10 mm hg or diastolic by 5 mm hg reduces coronary heart disease events by about 25 % and stroke by about 33 %, independent of baseline blood pressure or prior cardiovascular disease, and that the relative risk reductions are essentially identical across thiazides, beta-blockers, ace inhibitors, arbs, and calcium-channel blockers, indicating the benefit is mediated solely by blood-pressure lowering rather than class-specific pleiotropic effects. beta-blockers provide an additional ~30 % reduction in chd events for a few years after myocardial infarction, and calcium-channel blockers give a modest extra benefit for stroke (~33 % versus ~27 % for other classes), while a ~25 % reduction in heart failure was observed and no increase in non-vascular mortality was seen, supporting the recommendation that blood-pressure lowering should be applied to all adults.

**4. File 63 - [Use of blood pressure lowering drugs in the prevention_extracted.pdf] - file_63_chunk_36_level_0**
hypertens res 2005; 28: 385-407.12 zhang h, thijs l, staessen ja. blood pressure lowering for primary and secondary prevention of stroke. hypertension 2006; 48: 187-95.13 verdecchia p, reboldig, angelif, gattobigior, bentivogliom, thijsl, et al. angiotensin-converting enzyme inhibitors and calcium channel blockers for coronary heart disease and stroke prevention. hypertension 2005; 46: 386-92.14 lindholm lh, carlberg b, samuelsson o. should b blockers remain first choice in the treatment of primary hypertension? a meta-analysis. lancet 2005; 366: 1545-53.15 carlberg b, samuelsson o, lindholm lh. atenolol in hypertension: is it a wise choice? lancet 2004; 364: 1684-9.16 wiysonge cs, bradley h, mayosi bm, maroney r, mbewu a, opie lh, et al. beta-blockers for hypertension. cochrane database syst rev 2007; :cd002003.17 bradley ha, wiysonge cs, volmink ja, mayosi bm, opie lh. how strong is the evidence of use of beta-blockers as first-line therapy for hypertension? systematic review and meta-analysis. j hypertens 2006; 24: 2131-41.18 khan n, mcalister fa. re-examining the efficacy of b-blockers for the treatment of hypertension: a meta-analysis. cmaj 2006; 12: 1737-42.19 verma s, strauss m. angiotensin receptor blockers and myocardial infarction. bmj 2004; 329: 1248-9.20 pahor m, psaty bm, alderman mh, applegate wb, williamson jd, cavazzini c, et al. health outcomes associated with calcium antagonists compared with other first-line antihypertensive therapies: a meta-analysis of randomised controlled trials. lancet 2000; 356: 1949-54.21 national institute for health and clinical excellence. management of hypertension in adults in primary care. nice clinical guideline 34. london; nice, jun 2006.22 joint national committee on prevention, detection, evaluation, and treatment of high blood pressure. the seventh report of the joint national committee on detection, evaluation, and treatment of high blood pressure. nih publication no 04-5230. aug 2004.2007.23 williams b, poulter nr, brown mj, davis m, mcinnes gt, potter jf, et al. british hypertension society guidelines for hypertension management 2004 (bhs-iv): summary. bmj 2004; 328: 634-9.24 task force for the management of arterial hypertension of the european society of hypertension (esh) and of the european society of cardiology (esc). 2007 guidelines for the management of arterial hypertension. j hypertens 2007; 25: 1105-87.25 prospective studies collaboration. age-specific relevance of usual blood pressure to vascular mortality: a meta-analysis of individual data for one million adults in 61 prospective studies. lancet 2002; 360: 1903-13.26 macmahons, petor, cutlerj, collinsr, sorliep, neatonj, etal.blood pressure, stroke and coronary heart disease. part 1, prolonged differences in blood pressure: prospective observational studies corrected for the regression dilution bias. lancet 1990; 335: 765-74.27 asia pacific cohort studies collaboration. blood pressure and cardiovascular disease in the asia pacific region. j hypertens 2003; 21: 707-16.28 collins r, peto r, macmahon s, hebert p, fiebach nh, eberlein ka, et al. blood pressure, stroke, and coronary heart disease. part 2, short-term reductions in blood pressure: overview of randomised drug trials in their epidemiological context. lancet 1990; 335: 827-38.29 witt bj, ballman kv, brown rd, meverden ra, jacobsen sj, roger vl. the incidence of stroke after myocardial infarction: a meta-analysis.

**5. File 51 - [Sex-specific differences in cardiovascular risk factors and_extracted.pdf] - file_51_summary_2_part_0_level_2**
autoimmune diseases, migraines with aura, and chronic inflammatory conditions significantly elevate cardiovascular risk in women, with risk multipliers ranging from 2 to 50 times and doubled stroke risk for migraine aura. glucocorticoid exposure increases risk while disease-modifying therapies and anti-inflammatory drugs such as canakinumab and colchicine reduce events, and guidelines recommend incorporating these conditions and biomarkers like hs-crp, triglycerides, lipoprotein(a), and apolipoprotein b into risk assessment. reproductive factors, menopause timing, pcso, smoking, diabetes, psychosocial stress, and imaging markers such as coronary artery calcium and breast arterial calcification further refine risk stratification, and current guidelines advise using these sex-specific factors in primary prevention to improve outcomes.

**6. File 63 - [Use of blood pressure lowering drugs in the prevention_extracted.pdf] - file_63_chunk_9_level_0**
age specific slopes of the lines (regression coefficients) were published, permitting the calculation of the predicted proportional reduction in disease events for any age and blood pressure differ-ence. for an age specific regression slope, s (see web extra table 3), and decrease in blood pressure, d, the relative risk is sd/20 for systolic pressure and sd/10 for diastolic pressure. the following examples illustrate the calculations. at age 60-69, the relative risk of stroke is 0.43 (57% decrease) for a 20 mm hg decrease in sys-tolic blood pressure. for a blood pressure decrease twice as great (40 mm hg), the relative risk of 0.43 effectively applies twice (0.43x0.43, or 0.432), which is 0.18 (an 82% decrease). for a reduction in blood pressure half as great, by symmetry the relative risk is 0.43, or 0.431/2, which is 0.66 (a 34% decrease). for a 30 mm hg decrease in blood pressure the relative risk is 0.431.5 (since 30/201.5), which is 0.28 (a 72% decrease). the sloping lines in the lower portion of fig-ure 6 reflect these regression coefficients for stroke and chd events in the age groups 50-59, 60-69, and 70-79 years. the effect of blood pressure lowering drugs in redu-cing therisk of chd eventsand stroke cantherefore be estimated according to the reduction in systolic or dia-stolic blood pressure (or the average of the two), from the regression slope, s, and the decrease in blood pres-sure, d, from the above equations. as an example, the effect of three drugs at half standard dose in preventing stroke in people aged 60-69 with a pretreatment systo-lic blood pressure of 180 mm hg systolic is estimated as: decrease in systolic blood pressure[19.9 +(3x0.078x)]26.9 mm hg, and relative risk of stroke0.4326.9/200.32 (a 68% decrease). results overall, 147 trial reports were included in the analysis: 108 were blood pressure difference trials and 46 drug comparison trials (seven trial reports with two treat-ment groups and a placebo group fell into both cate-gories, treatment versus placebo and one treatment versus the other). table 1 summarises the trials (see web extra tables 1i-iii and 2 for individual data from the trials). forest plots of individual trial results are pre-sented in 55 web extra figures (available at son.qmul.ac.uk/bptrial/) and the summary relative risk estimates and results for heterogeneity testing are shown in web extra table a. results on chd events and stroke are presented first, according to the five questions posed in the introduction, followed by results on heart failure and all cause mortality.

**7. File 63 - [Use of blood pressure lowering drugs in the prevention_extracted.pdf] - file_63_summary_11_part_0_level_1**
this analysis quantified how blood pressure lowering drugs reduce coronary heart disease events and stroke, taking into account dose, baseline blood pressure, and age. it combined data from 147 randomized trials (22, 000 chd events, 12, 000 strokes) and the largest epidemiologic meta-analysis of blood pressure and cardiovascular outcomes. the study also measured effects on heart failure, cancer mortality, other non-vascular mortality, and all-cause mortality. only randomized trials with at least five events, six months follow-up, and no chronic renal failure were included, and trials were grouped by cardiovascular history, drug class, and whether they were blood-pressure-difference or drug-comparison studies, with intention-to-treat analysis.

**8. File 63 - [Use of blood pressure lowering drugs in the prevention_extracted.pdf] - file_63_chunk_3_level_0**
we excluded trials in patients with chronic renal failure because these patients typically have high blood pressure and high rates of cardiovascular disease and their response to standard blood pressure lowering therapy may differ from other people. we also excluded trials in which fewer than five chd events and strokes were recorded or the duration of treatment was less than six months, as these data would contribute little to the overall results and substantially increase the complexity of the analyses. randomised trials were otherwise included irrespective of participants' age, disease sta-tus, blood pressure before treatment, or use of other drugs. data extraction we recorded the numbers of participants having one or more chd events (defined as fatal or non-fatal myo-cardial infarction or sudden cardiac death but exclud-ing ""silent"" infarcts) and one or more strokes (haemorrhagic and ischaemic strokes could not be dis-tinguished). we also recorded the numbers of partici-pants with a new diagnosis of heart failure or an exacerbation of existing heart failure based on new hospital admissions or death from the disorder. two authors (mrl and njw) independently recorded data, with differences resolved by discussion. out-comes were recorded regardless of whether partici-pants took their allocated tablets (intention to treat analysis). change in blood pressure in the trials (value on entry minus the average value during the trial in the treated group, minus the same change in the control group) was recorded on an intention to treat basis by determining the numbers of participants in the treated and in the control groups who stopped attending the clinics (so that their blood pressure reduction was no longer recorded) and taking the dif-ference in blood pressurebetween themto be zero after they left the trial. categories of trial the trials were divided into three predefined cate-gories according to whether the recruitment was based on participants having no history of cardio-vascular disease, a history of chd (acute myocardial infarction, coronary artery disease without recent infarction, or heart failure), or a history of stroke (or other cerebrovascular disease). in the trials of partici-pants with no history of vascular disease, blood pres-sure was usually high, variably defined, and a treat to target approach was used, typically based on one drug with the dose increased before the addition of other drugs to reach the target blood pressure. the control groups were allocated to usual care. in the trials of par-ticipants with a history of chd there was generally no selection by blood pressure and no blood pressure tar-get; treated patients were allocated a specified drug in fixed dose, varied only to avoid adverse effects. in the trials of participants with a history of stroke most fol-lowed the treat to target approach, some followed the specified drug approach. in trials of participants who had acute myocardial infarction on entry sudden deaths while in hospital were not recorded because it was not our objective to assess the efficacy of the drugs in reducing mortality in the period immediately after infarction; the chd events and heart failure episodes we recorded were either those designated as reinfarc-tion or those occurring after hospital discharge. simi-larly in trials of participants who had heart failure on entry, sudden deaths were not recorded (as ischaemia and worsening heart failure could not be distinguished as causes). in trials of participants with chd and who had acute myocardial infarction or heart failure on entry, 29 30 many of the strokes recorded were likely to have been embolic (thrombus formation on an acute infarct or in a dilated left ventricle) and therefore not preventable by blood pressure reduction, so the esti-mate of the reduction in stroke was taken from the trials in which participants had coronary artery disease with-out recent infarction or heart failure. we also categorised the trials into ""blood pressure differencetrials"" and""drugcomparison trials."" (details of each trial are given in web extra tables 1i-iii and 2.) the blood pressure difference trials were those designed to achieve a difference in blood pressure between randomised groups who were given and were not given the study drugs to show the effect of this difference on the incidence of chd events and stroke. ninety two of the 108 trials in this category were placebo controlled, but in 16 the control group was not given a placebo. additional blood pressure lowering drugs were commonly used in the different groups in each trial--for example, in trials comparing an angiotensin converting enzyme inhibitor with pla-cebo in people with chd, participants in both groups might also receive b blockers or calcium channel blockers, whereas in trials in which a treat to target approach was used, add-on drugs were given if neces-sary in both actively treated and placebo treated parti-cipants to reach their blood pressure targets (the target being lower for treated participants than for placebo participants).

**9. File 63 - [Use of blood pressure lowering drugs in the prevention_extracted.pdf] - file_63_chunk_2_level_0**
finally, what is the quantitative effect of taking one or more blood pressure lowering drugs in lowering blood pressure and preventing chd events and stroke according to dose, pretreatment blood pressure, and age? to date no such quantitative summary of effect, taking account of these determining factors, has been made. we answered these questions using the results from 147 randomised trials of blood pressure lowering drugs and chd events (n22 000) and stroke (n 12 000), examined in the context of the results from the largest meta-analysis of epidemiological cohort stu-dies of blood pressure and chd and stroke.25 previous meta-analyses of randomised trials of blood pressure lowering drugs and cardiovascular disease included fewer than 40 trials.1-20 28 we also quantified the effect of blood pressure lowering drugs on the incidence of heart failure and on cancer mortality, other non-vascu- lar mortality, and all cause mortality. methods the database search (by mrl) used medline (1966 to december 2007; any language) to identify randomised trials of blood pressure lowering drugs in which chd events or strokes were recorded (irrespective of whether blood pressure reduction was considered the mechanism of action). search terms were ""anti-hyper- tensive agents"" or ""hypertension"" or ""diuretics, thiazide"" or ""adrenergic beta-antagonists"" or ""angio-tensin-converting enzyme inhibitors"" or ""receptors, angiotensin/antagonists & inhibitors"" or ""tetrazoles"" or ""calcium channel blockers"" or ""vasodilator agents"" or the names of all blood pressure lowering drugs listed in the british national formulary as keywords or text words. limits were medline publication type ""clinical trial"" or ""controlled clinical trial"" or ""randomized con-trolled trial"" or ""meta-analysis"". we also searched the cochrane collaboration and web of science data-bases and the citations in trials and previous meta-ana- lysis and review articles. trials of b blockers people with history of coronary heart disease entry after acute myocardial infarction entry after long term coronary heart disease people with no history of coronary heart disease trials of drugs other than b blockers people with history of coronary heart disease people with no history of coronary heart disease all trials except ones of b blockers in people 0.71 (0.66 to 0.78) 0.69 (0.62 to 0.76) 0.87 (0.71 to 1.06) 0.89 (0.78 to 1.02) 0.85 (0.79 to 0.91) 0.84 (0.79 to 0.90) 0.85 (0.81 to 0.89) 37 27 11 6 37 24 64 0.5 0.7 1 1.4 2 with history of coronary heart disease treatment better placebo better relative risk (95% ci) relative risk (95% ci) no of trials 2524 2155 369 851 5834 3217 9417 no of events fig 1 | relative risk estimates of coronary heart disease events in single drug blood pressure difference trials according to drug (b blockers or other), presence of chd, and for b blockers according to acute myocardial infarction on entry. (totals are less than the sum of the individual categories because some trials include more than one category; see web extra figures 1a-e for individual trial results and summary estimates) research page 2 of 19 bmj | online first | bmj.com protected by copyright, including for uses related to text and data mining, ai training, and similar technologies by guest on 10 september 2025 downloaded from 19 may 2009.10.1136/bmj.b1665 on bmj: first published as we excluded non-randomised trials and trials in which treated groups but not control groups had other interventions aswell asbloodpressurereduction, such as cholesterol reduction. we excluded trials in patients with chronic renal failure because these patients typically have high blood pressure and high rates of cardiovascular disease and their response to standard blood pressure lowering therapy may differ from other people. we also excluded trials in which fewer than five chd events and strokes were recorded or the duration of treatment was less than six months, as these data would contribute little to the overall results and substantially increase the complexity of the analyses. randomised trials were otherwise included irrespective of participants' age, disease sta-tus, blood pressure before treatment, or use of other drugs."
"How does renin-angiotensin-aldosterone system (RAAS) play a key role in hypertension?","**Introduction**
Hypertension is a multifactorial disease in which neuro‑hormonal dysregulation plays a central role.  The renin‑angiotensin‑aldosterone system (RAAS) is the most studied neuro‑hormonal axis that links renal, vascular, and endocrine mechanisms to sustained elevation of arterial pressure.  Understanding how RAAS drives vasoconstriction, sodium‑water retention, and vascular remodeling is essential for both pharmacologic and non‑pharmacologic management of high blood pressure.
---
| Aspect | Evidence from the Hierarchy | Clinical Insight |
|--------|-----------------------------|------------------|
| **Activation Triggers** | Overactivity of the sympathetic nervous system stimulates renin release; high sodium intake and obesity‑related insulin resistance also up‑regulate RAAS. | Sympathetic blockade and sodium restriction are first‑line lifestyle measures that indirectly dampen RAAS activity. |
| **Molecular Cascade** | Renin converts angiotensinogen to angiotensin I, which ACE (mainly pulmonary) converts to angiotensin II. Angiotensin II binds AT₁ receptors on vascular smooth muscle, kidney, adrenal cortex, and myocardium, causing vasoconstriction, aldosterone secretion, and sympathetic potentiation. AT₂ receptors mediate counter‑regulatory vasodilation and anti‑inflammatory effects. | Targeting any step—renin, ACE, AT₁R, or aldosterone—offers therapeutic benefit. |
| **Physiologic Effects** | Angiotensin II induces arteriolar vasoconstriction, increases peripheral resistance, promotes myocardial hypertrophy, fibrosis, and endothelial dysfunction. Aldosterone enhances sodium and water reabsorption in the distal nephron, raising intravascular volume and preload. | These actions explain the classic “volume‑overload” and “vasoconstriction” components of hypertension. |
| **Interaction with Other Systems** | RAAS activation amplifies sympathetic tone, endothelin‑1 release, and vasopressin secretion, creating a vicious cycle that sustains high pressure. In heart failure, elevated RAAS contributes to fluid overload and arrhythmia risk. | In resistant hypertension, renal denervation reduces sympathetic‑driven RAAS activation, offering a non‑pharmacologic option. |
| **Risk‑Factor Modulation** | Obesity, insulin resistance, and chronic hyperinsulinemia increase adipose‑derived angiotensinogen and RAAS activity. African‑American populations exhibit higher baseline RAAS activity, partly explaining their higher hypertension prevalence. | Lifestyle interventions that reduce weight and improve insulin sensitivity can blunt RAAS overdrive. |
| **Guideline Recommendations** | The 2023 European Society of Hypertension guidelines rank RAAS inhibitors (ACE inhibitors, ARBs, renin inhibitors, aldosterone antagonists) as first‑line agents, especially when combined with a calcium‑channel blocker or diuretic. | Dual‑pill combinations that include a RAAS blocker achieve superior blood‑pressure control compared with monotherapy. |
1. **Pharmacologic Strategy**
* **First‑line RAAS blockade** – ACE inhibitors or ARBs are preferred unless contraindicated (e.g., pregnancy, renal artery stenosis).
* **Add‑on therapy** – In patients with persistent elevation, a thiazide‑like diuretic or calcium‑channel blocker is added; a single‑pill combination improves adherence.
* **Aldosterone antagonists** – Useful in resistant hypertension or heart‑failure‑associated hypertension, but monitor potassium and renal function.
* **Renin inhibitors** – Emerging evidence suggests benefit in patients with high renin levels, though cost and availability limit widespread use.
2. **Lifestyle Modifications that Target RAAS**
* **Sodium restriction** – Reduces the stimulus for renin release and aldosterone secretion; the DASH diet achieves a 4–5 mmHg systolic drop in many patients.
* **Weight loss** – Even modest reductions (5–10 % of body weight) lower RAAS activity and peripheral resistance.
* **Physical activity** – Regular aerobic exercise attenuates sympathetic tone and improves endothelial nitric‑oxide bioavailability, indirectly suppressing RAAS.
* **Potassium‑rich foods** – Counteract sodium retention and blunt angiotensin‑II–mediated vasoconstriction.
3. **Special Populations**
* **African‑American patients** – May benefit from early RAAS inhibition and aggressive sodium control; consider adding an aldosterone antagonist if renin is low.
* **Obese or insulin‑resistant patients** – Combine RAAS blockers with agents that improve insulin sensitivity (e.g., metformin) to address the metabolic component of RAAS overdrive.
* **Resistant hypertension** – Renal denervation can lower blood pressure by disrupting sympathetic‑driven RAAS activation; patient selection remains critical.
4. **Monitoring and Safety**
* **Serum creatinine & potassium** – Essential when initiating or uptitrating RAAS blockers, especially in patients with chronic kidney disease or heart failure.
* **Drug interactions** – ACE inhibitors/ARBs with potassium‑sparing diuretics increase hyperkalemia risk; adjust dosing accordingly.
The RAAS is a cornerstone of hypertension pathophysiology, orchestrating vasoconstriction, sodium‑water retention, and vascular remodeling that sustain elevated arterial pressure.  Its activation is amplified by sympathetic stimulation, high sodium intake, obesity, and insulin resistance, and it interacts synergistically with other vasoactive systems.  Current evidence‑based guidelines endorse RAAS inhibition as the backbone of pharmacologic therapy, while lifestyle measures that reduce sodium and body weight serve as indispensable adjuncts that directly attenuate RAAS activity.  In resistant or refractory cases, novel interventions such as renal denervation offer additional avenues to curb sympathetic‑driven RAAS overactivation.  A comprehensive, individualized approach that couples RAAS blockade with targeted lifestyle changes remains the most effective strategy for achieving durable blood‑pressure control and reducing cardiovascular risk.","**1. File 6 - [An Exploration of Dietary Strategies for_extracted.pdf] - file_6_summary_4_part_0_level_1**
overactivity of the sympathetic nervous system stimulates the renin-angiotensin-aldosterone system, leading to vasoconstriction, sodium-water retention, fluid overload, and elevated blood pressure. endothelial dysfunction, insulin resistance, and chronic hyperinsulinemia also contribute to hypertension by reducing nitric-oxide bioavailability and promoting sodium retention. the 2023 european society of hypertension guidelines recommend lifestyle modifications—including the dash diet, reduced sodium, increased potassium, exercise, alcohol moderation, and smoking cessation—alongside pharmacotherapy with raas inhibitors, calcium channel blockers, thiazide diuretics, beta-blockers, and combination single-pill therapy for superior blood-pressure control. randomized trials show the dash diet lowers systolic pressure by 11.4 mmhg, the mediterranean diet by 7.1 mmhg, low-sodium by 4.8 mmhg, vegetarian by 5–7 mmhg, and portfolio by 5.2 mmhg, supporting dietary strategies as key non-pharmacologic hypertension management.

**2. File 32 - [Hypertension_extracted.pdf] - file_32_summary_2_part_0_level_1**
hypertension remains a leading global cause of illness and death, with prevalence rising worldwide and varying by region and population. its development is driven by a complex interplay of vascular dysfunction, neuro-hormonal dysregulation, inflammation, genetic predisposition and environmental factors such as age, obesity, sedentary behavior, high salt intake and heredity. effective control requires a comprehensive strategy that combines pharmacologic therapy with tailored lifestyle changes, including the dash diet, sodium restriction, weight loss, regular aerobic exercise, moderated alcohol consumption and stress-reduction techniques. novel interventions such as renal denervation show promise for patients with resistant hypertension, underscoring the need for individualized treatment plans.

**3. File 46 - [Pathophysiology of heart failure_extracted.pdf] - file_46_chunk_6_level_0**
additionally, activation of the neurohumoral systems (angiotensin ii, endothelin i, vasopressin), hemodynamic changes, or systemic inflammation (proinflammatory mediators il 1, il 8, tnfa) may act as modifiers. structural changes involve ventricular hypertrophy (ventricular mass), chamber dilatation, disorganization of cardiomyocytes and consequently the wall tension increases accompanied by a reduction of the subendocardial perfusion. these processes may further deteriorate cardiac function (vicious circle) (figure 1). baroreceptor stimulation following impaired contractility, the sympathoadrenergic system, the raa (renin-angiotensin-aldosterone)-system and the release of vasoactive peptides (natriuretic peptides) are stimulated (figure 3). measures for increased tone are located in the carotid sinus, aortic arch and in left ventricle. these systems intend to increase preload via increasing circulatory fluid (antidiuretic hormone arginine), enhance afterload (sympathetic vasoconstriction of kidney, vasculature, skeletal muscle via a1-receptors) and increases thereby perfusion redistribution. also, these systems initiate a positive inotropic (ss1-mediated intracellular camp and calcium-increases) and chronotropic (heart rate increase) effect as well as peripheral vasoconstriction (a1-receptors). permanent stimulation leads to downregulation of ss1-, uncoupling of ss2-adrenoreceptors, reduced uptake sites, gsa and adenylyl cyclase downregulation in human myocardium and thus reduce agonist activity. these adaptive processes may protect the myocytes and 0 80 160 100 200 pressure (p)-volume (v)- relationship pressure (mmhg) effect of inotropy and afterload on pressure-volume relationship esv edv volume (ml) normal decreased afterload increased afterload increased inotropy decreased inotropy figure 2 shematic pressure (p)-volume (v)-relationship in non-failing hearts (normal) and in situations with decreased afterload, increased afterload, inotropic stimulation and decreased inotropy. 269 cardiovascular diagnosis and therapy, vol 11, no 1 february 2021 (c) cardiovascular diagnosis and therapy. all rights reserved. cardiovasc diagn ther 2021; 11: 263-276 | reduce arrhythmia risk and probability of apoptosis. stimulation of the carotid sinus and aortic arch baroreceptors also lead to release of vasopressin. the antidiuretic hormone adh and vasopressin are elevated in heart failure. following vasopressin stimulation fluid retention by increased intake and reabsorption from the collecting tubules occurs and favor hyponatremia which is an important prognostic factor in heart failure. via pressure-mediated-reflex activation the raa initiates conversion of prorenin and the release of renin from the macula densa in the juxtaglomerular cells. in consequence, the inactive dekapeptide prohormone angiotensinogen converts to angiotensin i (octapeptide) and further to angiotensin ii by action of the angiotensin-converting enzyme (released mainly from pulmonary capillaries). the vasoactive peptide angiotensin ii causes vasoconstriction (arterioles, vas efferent), rise in blood pressure, cell hypertrophy, apoptosis, myocardial fibrosis, affects myocyte behavior (positive inotrope, negative lusitropy) and stimulates the release of aldosterone from the adrenal cortex in the zona glomerulosa, increases noradrenalin release from sympathetic nerves and vasopressin secretion as well. angiotensin ii mediates its effects via g protein coupled receptors, i.e., at1r (vasculature, kidney, adrenal cortex, lungs, brain, myocardial cell nerves) and at2r; at3r and at4r are less characterized. the at1r mediated effects are more cardiodepressive (vasoconstriction, hypertrophy, cell proliferation, inflammation, catecholamine and aldosterone release etc.) but the at2r mediated effects are more cardioprotective (vasodilatation, bradykinin release, antiproliferative, anti-inflammation, antioxidative) (figure 4). aldosterone increases the sodium and water reabsorption in the kidney and thus the circulatory fluid i.e., preload and blood pressure. also, tissue chymase activation and conversion of kallikrein and cathepsin g may lead to angiotensin ii expression.

**4. File 32 - [Hypertension_extracted.pdf] - file_32_summary_0_part_0_level_1**
hypertension is a global chronic disease affecting 1.13 billion people, with high prevalence especially in low- and middle-income countries and among older adults, men early and women post-menopause, and african americans in the us; major modifiable risk factors include obesity, high sodium intake, physical inactivity, and excessive alcohol consumption, each linked to mechanisms such as inflammation, endothelial dysfunction, raas activation, and sympathetic overactivity that raise blood pressure; uncontrolled hypertension leads to cardiovascular events, kidney disease, and significant health system costs, yet many patients remain unaware or untreated, underscoring the need for awareness, early detection, and adherence to therapy; effective management requires a holistic approach combining pharmacologic treatment, lifestyle changes, and emerging therapies targeting root causes, aiming to reduce global burden and improve cardiovascular outcomes.

**5. File 32 - [Hypertension_extracted.pdf] - file_32_summary_1_part_0_level_1**
renal denervation uses radiofrequency to disrupt sympathetic nerves in renal arteries, lowering blood pressure in resistant hypertension patients with promising reductions but long-term safety still under study. hypertension remains a global health issue with rising prevalence due to urbanization and sedentary lifestyles, and its control is limited by patient heterogeneity and medication resistance. lifestyle modifications—regular exercise, balanced diet, reduced salt intake—are emphasized as foundational for risk reduction and should be integrated into personalized treatment plans that consider genetic and individual risk factors. effective management requires coordinated efforts among policymakers, clinicians, researchers, and public health organizations to raise awareness, enable early detection, and expand accessible treatment options.

**6. File 32 - [Hypertension_extracted.pdf] - file_32_chunk_2_level_0**
it is generally known that there are racial and ethnic differences in the prevalence of hypertension. for instance, compared to other ethnic groups, african americans in the united states have a much greater frequency of hypertension. genetic, socioeconomic, healthcare access and cultural variables all have an impact on these discrepancies. the large percentage of untreated and uncontrolled instances of hypertension is one of the on-going difficulties in controlling the condition. many people with hypertension are uninformed that they have the condition, and even among those who are, many struggle to maintain appropriate blood pressure management. this discrepancy emphasizes the necessity of raising hypertension awareness, early detection, and treatment regimen adherence. beyond only being common, hypertension has a significant impact on healthcare and public health. it carries a considerable chance of developing cardiovascular conditions such heart attacks, strokes, heart failure, and kidney problems. it adds to the overall burden of non-communicable diseases (ncds), a major cause of death across the globe. uncontrolled hypertension complications, like heart attacks and strokes, lead to high healthcare expenses, long-term incapacity, and early death. in addition to its negative effects on health, high blood pressure costs the healthcare system a lot of money due to an increase in hospital stays, medication use, and outpatient visits (ncd risk factor collaboration, 2017). the need for improved hypertension prevention and management is urgent given this cost to society. obesity obesity stands out as one of the most significant and changeable contributors among the many risk factors of hypertension. the excessive build-up of adipose tissue in the body, which is primarily caused by an imbalance between calorie intake and expenditure, is what is referred to as obesity. it is well acknowledged as a significant risk factor for the onset, development, and inadequate management of hypertension. there is no indication of a threshold, and epidemiological studies have repeatedly found a constant, nearly linear direct association between bmi and blood pressure. numerous intricate physiological mechanisms underlie the link between obesity and hypertension. adipose tissue's secretion of pro-inflammatory cytokines and adipokines is one such mechanism. tumor necrosis factor-alpha (tnf-), leptin, and other bioactive chemicals encourage systemic inflammation and oxidative stress, which results in endothelial dysfunction and vascular remodelling. insulin signalling is interfered with by substances originating from adipose tissue, which is a condition closely related to obesity. nitric oxide and endothelin-1 are two examples of the delicately balanced chemicals that are further upset by insulin resistance, impairing vasodilation and enhancing vasoconstriction, respectively. additionally, dyslipidaemia, which is linked to obesity and is characterized by high triglyceride levels and low levels of hdl cholesterol, is linked to atherosclerosis and hypertension. another important factor in the connection between obesity and hypertension is the renin-angiotensin-aldosterone system (raas). angiotensinogen and other raas constituents, such as adiponectin, are produced by adipose tissue, an active endocrine organ. increased blood pressure, volume expansion, and salt and water retention are caused by the raas being overactive. high sodium intake high sodium consumption is one of the modifiable risk factors that has received the most tehreem riaz, muhammad akram, umme laila, rida zainab, muhammad talha khalil, momina iftikhar, fethi ahmet ozdemir, gawel solowski, marcos altable, adonis sfera, marium ahsan, muhammad ateeq islam, pragnesh parmar. the global epidemiology, risk factors and treatment of hypertension. iaim, 2023; 10: 10-18. page 13 attention due to its important involvement in the onset and progression of hypertension. for cellular activity and fluid equilibrium to be maintained, sodium, an important electrolyte, is required. the pure study indicated that in 2010, the world's daily sodium intake was 3, 950 mg, which is significantly more than the 2, 300 mg or less per day that is suggested in all published standards. however, an abundant diet of processed and salty foods, as well as excessive sodium consumption, has been identified as a significant risk factor for hypertension. the consumption of sodium has been linked to higher blood pressure in randomized clinical trials, observational epidemiologic research, and animal studies. most cross-sectional observational research on the relationship between blood pressure or hypertension and sodium intake or 24-hour urine sodium excretion found a substantial, positive, and favorable linear relationship. high sodium consumption and hypertension are mostly correlated because of how it affects fluid retention and vascular tone. the imbalance between sodium and potassium is upset by too much sodium, which causes intracellular sodium build-up. this build-up causes water retention, which raises blood volume and, as a result, blood pressure.

**7. File 32 - [Hypertension_extracted.pdf] - file_32_chunk_3_level_0**
the pure study indicated that in 2010, the world's daily sodium intake was 3, 950 mg, which is significantly more than the 2, 300 mg or less per day that is suggested in all published standards. however, an abundant diet of processed and salty foods, as well as excessive sodium consumption, has been identified as a significant risk factor for hypertension. the consumption of sodium has been linked to higher blood pressure in randomized clinical trials, observational epidemiologic research, and animal studies. most cross-sectional observational research on the relationship between blood pressure or hypertension and sodium intake or 24-hour urine sodium excretion found a substantial, positive, and favorable linear relationship. high sodium consumption and hypertension are mostly correlated because of how it affects fluid retention and vascular tone. the imbalance between sodium and potassium is upset by too much sodium, which causes intracellular sodium build-up. this build-up causes water retention, which raises blood volume and, as a result, blood pressure. the renin-angiotensin-aldosterone system (raas) and sodium play a key role in hypertension. when the raas is activated by high sodium levels, aldosterone is secreted, which encourages sodium reabsorption and potassium excretion. this loop results in on-going fluid retention and raises blood pressure. increased sodium intake can also affect nitric oxide availability and impair endothelial function, which results in vasoconstriction and decreased arterial compliance. a characteristic of hypertension, increased peripheral resistance is a result of these vascular alterations. physical inactivity physical inactivity is one of the risk factors that can be modified because of its important role in the development and exacerbation of hypertension. insufficient physical exercise and sedentary lifestyles have been identified as significant risk factors for the onset and inadequate management of hypertension. urbanized people in high-income countries have substantially higher rates of insufficient physical activity. there is a reduction in the incidence of incident hypertension with even low amounts of physical activity (like walking to work). physical activity lowers blood pressure in people with hypertension and norm tension, according to randomized controlled trials and meta-analyses. physical inactivity and hypertension are linked because of the complex interactions between many physiological processes. through a number of mechanisms, regular physical activity supports cardiovascular health. improved endothelial function is one of the main mechanisms. nitric oxide, a vasodilator that promotes optimal blood channel dilatation and lowers blood pressure, is released while you exercise. additionally, exercise is beneficial for maintaining the equilibrium of the autonomic nervous system. regular exercise improves blood pressure regulation and heart rate variability by decreasing sympathetic nervous system activity and increasing parasympathetic activity. along with obesity, insulin resistance, and metabolic syndrome, which all contribute to the development of hypertension, physical inactivity is also linked to these conditions. being sedentary results in increased body weight and adiposity, this in turn causes inflammation, insulin resistance, and altered lipid metabolism, which eventually affects the control of blood pressure. alcohol consumption alcohol use has drawn a lot of attention among the modifiable risk factors because of its intricate relationship to the onset and worsening of hypertension. while moderate alcohol consumption may have some health benefits for the heart, heavy or excessive drinking increases the risk of hypertension. from 5.9 l per capita in 1990 to 6.5 l in 2017, the world's annual alcohol consumption increased. high levels of tehreem riaz, muhammad akram, umme laila, rida zainab, muhammad talha khalil, momina iftikhar, fethi ahmet ozdemir, gawel solowski, marcos altable, adonis sfera, marium ahsan, muhammad ateeq islam, pragnesh parmar. the global epidemiology, risk factors and treatment of hypertension. iaim, 2023; 10: 10-18. page 14 alcohol consumption have been linked to an increased risk of high blood pressure in numerous observational epidemiologic studies. alcohol consumption and hypertension are linked by intricate physiological pathways. it is well established that alcohol affects blood pressure regulation both acutely and continuously. acute alcohol use causes vascular smooth muscles to relax, which causes vasodilation. this momentary vasodilation can initially drop blood pressure, but due to the cumulative effects of heavy drinking on the cardiovascular system, it can also cause blood pressure to rise for an extended period of time. while heavy drinkers had a higher risk of incident hypertension than either light to moderate drinkers or non-drinkers, light to moderate drinkers had a lower risk than neither group. except for black men, for whom risk was similarly enhanced in light to moderate and heavy drinkers compared to non-drinkers, this pattern was seen in all racial and gender groups. treatment interventions of hypertension lifestyle modification it is crucial to address food choices in the onset and treatment of hypertension.

**8. File 6 - [An Exploration of Dietary Strategies for_extracted.pdf] - file_6_chunk_3_level_0**
these mechanisms are triggered by various factors, including the nervous system, renal system, and hormonal regulation. for instance, overactivity of the sympathetic nervous system stimulates the renin-angiotensin- aldosterone system (raas). this results in vasoconstriction, sodium-water retention, and fluid overload, leading to increased blood pressure. in addition, the development of hypertension has been significantly attributed to endothelial dysfunction, which is distinguished by a decline in the bioavailability 2023 altawili et al. cureus 15: e50130. doi 10.7759/cureus.50130 2 of 11 of nitric oxide, an essential vasodilator. furthermore, insulin resistance and chronic persistent hyperinsulinemia may play a role in pathophysiology by promoting sodium retention and stimulating the sympathetic nervous system. the management of hypertension requires a comprehensive approach that integrates lifestyle modifications and pharmacotherapy. lifestyle interventions include a healthy diet, such as the dash diet, physical activity, reduction of alcohol consumption, smoking cessation, and stress management. these non-pharmacological interventions can substantially reduce blood pressure because they are essential components of hypertension pathogenesis. the therapeutic strategy for hypertension strives to decrease arterial pressure elevations and minimize the probability of cardiovascular pathologies. the 2023 guidelines issued by the european society of hypertension advocate the use of five primary categories of pharmaceutical agents: angiotensin-converting enzyme inhibitors, angiotensin receptor blockers, calcium channel blockers, thiazide or thiazide-like diuretics, and beta-blockers. among these, the use of a renin-angiotensin system inhibitor is preferred, barring contraindications, as its effectiveness in reducing both blood pressure and adverse cardiovascular outcomes has been corroborated by multiple randomized controlled trials. the guidelines further recommend the initiation of a combined therapy involving two drugs encapsulated in a single pill, emphasizing its superior efficacy in controlling blood pressure compared with monotherapy. non-pharmacological interventions involving lifestyle modifications, such as weight management, sodium intake reduction, increased potassium consumption, regular physical exercise, limited alcohol consumption, and smoking cessation, are also recommended for all hypertensive patients. overall, these guidelines provide evidence-based recommendations for both non-pharmacological and pharmacological management of hypertension, aiming for effective blood pressure control and consequent reduction in cardiovascular risk. different nutritional/dietary strategies the management of hypertension extends beyond pharmacological intervention, with dietary modification serving as a key component of non-pharmacological management. five diet strategies have been identified as effective: the dash diet, mediterranean diet, low-sodium diet, vegetarian diet, and portfolio diet (table 1). however, it is crucial to tailor these dietary changes to each patient's nutritional needs and preferences to ensure long-term adherence and effectiveness. first, the dash diet emphasizes fruits, vegetables, whole grains, lean proteins, and low-fat dairy products while limiting saturated fats, cholesterol, and sodium. randomized controlled trials have demonstrated a significant reduction in systolic and diastolic blood pressure by 11.4 and 5.5 mmhg, respectively, in patients following the dash diet. second, the mediterranean diet, characterized by a high intake of fruits, vegetables, whole grains, olive oil, and lean proteins, such as fish and poultry, has been associated with improved blood pressure control. its emphasis on monounsaturated fats and polyphenols contributes to its antihypertensive effect, with a reported 7.1 mmhg reduction in systolic blood pressure in a recent meta-analysis. third, overconsumption of sodium can induce water retention, thereby escalating blood pressure. a prospective study showed that adopting a low-sodium diet, often supplemented with increased potassium, resulted in an average 4.8 mmhg decrease in systolic blood pressure. fourth, a vegetarian diet, which eliminates meat and sometimes other animal products, has been associated with lower blood pressure levels. the high intake of fiber, potassium, and antioxidants, along with lower saturated fat and cholesterol intake, is believed to contribute to this effect, with studies showing a 5-7 mmhg reduction in systolic blood pressure. finally, the portfolio diet, which includes a mix of plant sterols, soy protein, viscous fibers, and nuts, has also shown promise in managing hypertension. this diet is rich in compounds associated with lower blood pressure, such as potassium, magnesium, fiber, and plant proteins. a recent study showed an average decrease of 5.2 mmhg in systolic blood pressure among those adhering to the portfolio diet. 2023 altawili et al. cureus 15: e50130. doi 10.7759/cureus.50130 3 of 11 diet key components benefits potential challenges dietary approaches to stop hypertension (dash) diet rich in fruits, vegetables, whole grains, and low-fat dairy products.

**9. File 32 - [Hypertension_extracted.pdf] - file_32_chunk_4_level_0**
page 14 alcohol consumption have been linked to an increased risk of high blood pressure in numerous observational epidemiologic studies. alcohol consumption and hypertension are linked by intricate physiological pathways. it is well established that alcohol affects blood pressure regulation both acutely and continuously. acute alcohol use causes vascular smooth muscles to relax, which causes vasodilation. this momentary vasodilation can initially drop blood pressure, but due to the cumulative effects of heavy drinking on the cardiovascular system, it can also cause blood pressure to rise for an extended period of time. while heavy drinkers had a higher risk of incident hypertension than either light to moderate drinkers or non-drinkers, light to moderate drinkers had a lower risk than neither group. except for black men, for whom risk was similarly enhanced in light to moderate and heavy drinkers compared to non-drinkers, this pattern was seen in all racial and gender groups. treatment interventions of hypertension lifestyle modification it is crucial to address food choices in the onset and treatment of hypertension. for instance, the dash diet prioritises nutrient-dense foods such fruits, vegetables, whole grains, lean meats, and low-fat dairy products. excess sodium, saturated fats, and added sugars are discouraged by this approach. because sodium has a connection to fluid retention and raised blood pressure, it is very important to reduce sodium intake. following a heart-healthy diet helps decrease blood pressure and improves cardiovascular health in general. another essential component of treating hypertension is maintaining a healthy weight. obesity, especially abdominal obesity, raises blood pressure through causing hormonal imbalances, inflammation, and insulin resistance. a healthy weight can be attained and maintained with regular exercise and a balanced diet. even a little reduction in body weight, about 5-10% of total weight, results in significant drops in blood pressure and lowers the likelihood of long-term cardiovascular issues. regular physical activity should be incorporated into a hypertension-reducing lifestyle. exercises that improve cardiovascular fitness and lower blood pressure include brisk walking, jogging, swimming, and cycling. exercise increases the effectiveness of the cardiovascular system by enhancing heart health and lowering blood vessel resistance. for people with hypertension, the american heart association recommends performing at least 150 minutes of moderate-intensity aerobic activity or 75 minutes of vigorous-intensity aerobic activity each week. for the control of hypertension, dietary salt consumption must be reduced. consumption of salt can be reduced by using methods including reading food labels, cooking at home, and choosing whole, fresh foods over processed ones. the world health organization advises keeping sodium intake under 2, 000 mg per day since lower sodium levels are linked to better blood pressure management and a lower risk of cardiovascular events. for people with hypertension, moderation is crucial when it comes to alcohol consumption. while some studies indicate that a moderate alcohol intake may have positive effects on the heart, excessive alcohol use can raise blood pressure and pose other health problems. men should limit their alcohol consumption to no more than two drinks per day for heart health, and women to no more than one drink per day. hypertension also results from on-going stress and high levels of the stress hormones. it is possible to lessen the negative effects of stress on blood pressure by including relaxation practices such regular rest and deep breathing exercises, yoga, and mindfulness meditation. blood pressure levels are directly influenced by stress management, which also promotes general wellbeing. in conclusion, modifying one's lifestyle is an effective intervention for the management of hypertension. these adjustments not only aid in blood pressure control but also total tehreem riaz, muhammad akram, umme laila, rida zainab, muhammad talha khalil, momina iftikhar, fethi ahmet ozdemir, gawel solowski, marcos altable, adonis sfera, marium ahsan, muhammad ateeq islam, pragnesh parmar. the global epidemiology, risk factors and treatment of hypertension. iaim, 2023; 10: 10-18. page 15 cardiovascular health, highlighting the value of leading a healthy lifestyle to reduce the risks related to hypertension. emerging therapies renal denervation a novel and less invasive therapy called renal denervation targets lowering blood pressure by inhibiting sympathetic nervous system activity in the kidneys. by boosting peripheral resistance and encouraging salt retention, this system contributes significantly to blood pressure control. the sympathetic nerves found in the renal artery walls are the target of radiofrequency energy given during the treatment. renal denervation interferes with these nerves' ability to stimulate the blood arteries and the kidneys, lowering blood pressure as a result. for patients with resistant hypertension who do not respond well to conventional medications, the strategy attracted attention. although there is significant patient heterogeneity, studies have demonstrated that after renal denervation, blood pressure levels have decreased in a promising manner.

**10. File 32 - [Hypertension_extracted.pdf] - file_32_chunk_1_level_0**
page 11 hypertension requires a comprehensive strategy that includes awareness-raising, early identification, and individualized therapeutic interventions. key words hypertension, epidemiology, pathogenesis, risk factors, treatment. introduction the significant incidence of hypertension, which varies across geographies, racial groups, and socioeconomic levels, highlights the disease's widespread burden. for designing effective preventative measures and targeted interventions, understanding epidemiological patterns and trends is essential. a trip through complex physiological pathways combining vascular dysfunction, neurohormonal dysregulation, and immune system activation is required to fully understand the pathophysiology of hypertension. these realizations open up new therapy possibilities that target the root causes of hypertension. risk factors are very important in the onset and development of hypertension. a comprehensive framework for preventive measures and individualized therapies is provided by a thorough examination of these risk variables, which range from genetic predisposition to lifestyle choices. additionally, the spectrum of hypertension treatments is always changing and includes pharmaceutical interventions, lifestyle changes, and novel therapies. the key to obtaining optimal blood pressure control and lowering related cardiovascular risks is to take a holistic approach to therapy that takes into account the unique patient profiles. in light of this, the goal of this review article is to bring together recent findings, synthesize clinical knowledge, and provide a comprehensive analysis of the effects of hypertension on the world. this article aims to provide healthcare professionals and researchers with a thorough resource that informs evidence-based practice, ultimately contributing to the global effort to mitigate the burden of hypertension and improve cardiovascular health on a global scale. it does this by elucidating the epidemiology, pathogenesis, risk factors, and treatment modalities. epidemiology of hypertension one of the most prevalent chronic medical illnesses in the world hypertension affects people of all ages, genders, and socioeconomic statuses. it's astounding prevalence around the globe. according to the world health organization (who), 1.13 billion people worldwide were predicted to have hypertension in 2019 (who, 2021). the severity of the issue and its significant negative effects on public health are highlighted by this high prevalence. adults with hypertension are reportedly 46% less likely to be aware of their condition. there are considerable regional and international differences in the prevalence of hypertension. according to ncd risk factor collaboration's 2017 report, high-income countries--particularly those in north america and europe--report lower prevalence rates than low-and middle-income ones--particularly those in south asia, africa, and portions of southeast asia. these gaps can be attributable to lifestyle, social, genetic, and healthcare access differences. age and hypertension go hand in hand, making it more prevalent as people age. the normal physiological changes that take place with ageing, such as changes in blood vessel flexibility and general cardiovascular health, are the cause of this age-dependent pattern. however, hypertension is not just a problem for elderly people; it may also affect younger age groups, like kids and teenagers, mostly as a result of things like obesity and leading sedentary lifestyles. tehreem riaz, muhammad akram, umme laila, rida zainab, muhammad talha khalil, momina iftikhar, fethi ahmet ozdemir, gawel solowski, marcos altable, adonis sfera, marium ahsan, muhammad ateeq islam, pragnesh parmar. the global epidemiology, risk factors and treatment of hypertension. iaim, 2023; 10: 10-18. page 12 across all age categories, there are disparities in the prevalence of hypertension by gender. men are more likely than women to have hypertension in their early adult years. women do, however, seem to have a larger prevalence as people age, especially after menopause. this shift is influenced by hormonal changes, particularly the drop in oestrogen levels during menopause. it is generally known that there are racial and ethnic differences in the prevalence of hypertension. for instance, compared to other ethnic groups, african americans in the united states have a much greater frequency of hypertension. genetic, socioeconomic, healthcare access and cultural variables all have an impact on these discrepancies. the large percentage of untreated and uncontrolled instances of hypertension is one of the on-going difficulties in controlling the condition. many people with hypertension are uninformed that they have the condition, and even among those who are, many struggle to maintain appropriate blood pressure management. this discrepancy emphasizes the necessity of raising hypertension awareness, early detection, and treatment regimen adherence. beyond only being common, hypertension has a significant impact on healthcare and public health. it carries a considerable chance of developing cardiovascular conditions such heart attacks, strokes, heart failure, and kidney problems. it adds to the overall burden of non-communicable diseases (ncds), a major cause of death across the globe."
"What are the stroke subtypes related to hypertension?","**Introduction**
Hypertension is the most important modifiable risk factor for both ischemic and hemorrhagic cerebrovascular events.  The arterial damage that develops with chronically elevated blood pressure predisposes patients to specific stroke subtypes that are distinct in their pathophysiology, imaging appearance, and clinical course.
---
| Stroke subtype | Pathophysiology linked to hypertension | Typical imaging/clinical features |
|----------------|----------------------------------------|-----------------------------------|
| **Intracerebral (parenchymal) hemorrhage** | Hypertensive arteriolopathy (lipohyalinosis, fibrinoid necrosis) weakens small penetrating arteries, especially in deep brain structures (basal ganglia, thalamus, pons). | Hyperdense lesion on CT; often deep, lobar, or cerebellar hemorrhage. High mortality and morbidity. |
| **Subarachnoid hemorrhage** | Chronic hypertension contributes to vessel wall remodeling and aneurysm formation; rupture of a saccular aneurysm is the most common cause. | Diffuse or localized subarachnoid blood on CT; often associated with sudden severe headache. |
| **Lacunar infarcts (small‑vessel ischemic stroke)** | Microatheromatous or lipohyalinotic occlusion of small penetrating arterioles caused by hypertensive arteriopathy. | Small (<15 mm) infarcts in deep white matter, basal ganglia, or brainstem on MRI/CT; usually good short‑term prognosis. |
| **White‑matter disease / silent microinfarcts** | Chronic hypertension induces diffuse small‑vessel disease, leading to leukoaraiosis, microbleeds, and silent lacunar infarcts. | Hyperintense white‑matter lesions on MRI; often asymptomatic but associated with cognitive decline. |
**Sources**
- The classification and pathophysiology of cerebrovascular disorders (File 45, level 0, chunk 1) describes hypertension as a major risk factor for both hemorrhagic and ischemic strokes, noting that lacunar infarcts arise from microatheromatous or lipohyalinotic occlusion.
- The same source (chunk 2) details that intracerebral and subarachnoid hemorrhages are “usually related to the rupture of the brain vessel wall” and that hypertensive arteriolopathy is a key mechanism.
- The risk‑factor section (File 45, level 0, chunk 3) lists hypertension as the leading risk factor for hemorrhagic stroke and a significant contributor to ischemic stroke risk, especially via small‑vessel disease.
- The discussion of hypertension‑mediated organ damage (File 31, level 0, chunk 8) highlights brain manifestations such as white‑matter lesions, silent microinfarcts, and microbleeds that are hallmarks of hypertensive small‑vessel disease.
1. **Early BP Control** – Tight blood‑pressure management reduces the incidence of both intracerebral hemorrhage and lacunar infarcts.
2. **Imaging Strategy** – In patients with a history of hypertension presenting with acute neurological deficits, CT should be performed promptly to rule out hemorrhage; MRI is useful for detecting lacunar lesions and white‑matter disease.
3. **Secondary Prevention** – Antihypertensive therapy should be combined with antiplatelet agents for ischemic small‑vessel disease, while anticoagulation is generally avoided in patients with a history of intracerebral hemorrhage.
4. **Monitoring for Small‑Vessel Disease** – Routine screening for white‑matter changes or microbleeds is not recommended in asymptomatic patients, but may be considered in those with cognitive decline or recurrent lacunar events.
Hypertension predisposes patients to a spectrum of stroke subtypes that share a common underlying vascular pathology: hypertensive arteriolopathy.  The most clinically relevant subtypes are intracerebral hemorrhage, subarachnoid hemorrhage, lacunar infarcts, and diffuse small‑vessel disease (white‑matter lesions and microbleeds).  Recognizing these associations guides both acute management and long‑term secondary prevention strategies.","**1. File 45 - [Pathophysiology and Classification of Cerebrovascular Disorders_extracted.pdf] - file_45_chunk_0_level_0**
1. pathophysiology and classification of cerebrovascular disorders by professor vida demarin, m.d., ph.d. university department of neurology sestre milosrdnice university hospital vinogradska 29 hr 10000 zagreb, croatia 1.1 stroke stroke is a type of cerebrovascular disease that involves the vessels of the central nervous system. it usually occurs with sudden onset due to a burst of cerebral arteries, hemorrhage, or occlusion by a thrombus or other particles, leading to ischaemia and to focal brain dysfunction. immediately, nerve cells depleted of oxygen in the involved vascular territory will be functionally disturbed and die if the circulation is not promptly restored. two main mechanisms leading to ischaemic stroke are occlusion and haemodynamic impairment. these two situations decrease the cerebral perfusion pressure and eventually lead to cellular death. the brain blood flow can be maintained by autoregulation of cerebral arteries and collateral circulation within certain limits. when occlusion of an artery develops, blood flow in the periphery of the infarct core is usually reduced but there still remains sufficient to avoid structural damage, so that the functional modifications of cells may be reversible if circulation is restored. this ring-like area of reduced blood flow around the ischaemic center of infarct has been termed penumbra as an analogy of the half-shaded part around the center of a solar eclipse. it may largely explain the functional improvement occurring after stroke. indeed, the neurons surviving in this critical area of infarct at reduced blood flow may again function as soon as blood flow and oxygen delivery is restored. 1.2 stroke types cerebral infarction is not a single disease and there are two main types of stroke: ischaemic or haemorrhagic. ischemic stroke accounts about 85% of strokes, and brain hemorrhage 15% of strokes. embolism is the most frequent cause of ischaemic stroke. embolism may originate from the heart, aortic arch or cervico-cephalic arteries. three thirds of ischaemic strokes are due to embolic migration. intracerebral and subarachnoid hemorrhages are usually related to the rupture of an artery or arterioles. the morbidity and mortality in haemorrhagic stroke is higher than in ischaemic stroke. 1.3 stroke risk factors for haemorrhagic strokes the main risk factors are hypertension and excessive alcohol consumption. smoking is an important risk factor with an overall relative risk (rr) of 3.5 for stroke. in women smoking is a dominant risk factor for subarachnoid haemorrhage with a dose-response relationship. heavy alcohol consumption is clearly associated with an increase of stroke risk but this association is less clear for moderate and light dose. risk factor for ischemic strokes are multiple and combined (age, hypertension, hyperlipidemia, diabetes mellitus, atrial fibrillation, valvular disorders, coagulation disorders, smoking). whereas hypertension (rr 4.0) and age (rr per decade 1.6) are other important risk factors for stroke, new data have shown that a family history of stroke might also increase the risk of stroke. still, further studies have to confirm this. other risk factors are recently related to stroke include high cholesterol, use of oral contraceptives, physical inactivity, obesity, hypercysteinemia, increased fibrinogen, coagulation disturbances (protein c or protein s deficiency, antiphospholipid antibodies). chronic atrial fibrillation, transient ischaemic attacks, carotid bruits, patent foramen ovale, aortic arch atheroma are cardiovascular conditions associated with an increased risk of stroke. the risk of stroke is increased in patients with diabetes mellitus (rr 1.5-3.0), although there is still no evidence that treatment reduces the risk of stroke. 1.4 pathophysiology of different stroke types embolisation is the most frequent cause of ischaemic stroke. embolism may originate from the heart, aortic arch or craniocephalic arteries. artery-to-artery embolism is the main cause of ischaemic stroke. rupture of an atheromatous plaques is a potent cause of thrombosis. the progression of atheromatous plaques leads to arterial stenosis, formation of wall thrombus, and finally occlusion with high probability of thrombi that may lead to embolisation. the size and composition of emboli, and the collateral system may determine the size of infarcts. usually, small platelet emboli are rapidly desegregated and lead only to transient ischaemic attacks by temporary occlusion of distal cerebral arteries.

**2. File 45 - [Pathophysiology and Classification of Cerebrovascular Disorders_extracted.pdf] - file_45_chunk_2_level_0**
microatheromatous or lipohyalinotic occlusion is the main cause of lacunar infarction. compared to other stroke types, patients with lacunar infarction subtypes have better prognosis. the risk of death from the primary brain lesion is likely to be minimal. due to the small infarct size, the rate of recovery is generally more rapid, decreasing the risk of death due to secondary complications, and the proportion of patients with cardiac co-morbidities is less than in most other stroke subtypes. the risk of death remains low for the first few years after stroke onset, although the rate of death significantly exceeds that of the general population. compared to other stroke types, these patients tend to have a better functional outcome. marked cognitive deterioration during the first years after stroke onset is rare, and sometimes develops in conjunction with a recurrent stroke. asymptomatic progression of small vessel disease seems to outweigh new symptomatic ischemic stroke several fold. intraparenchymal and subarachnoid haemorrhages are due to the rupture of the brain vessel wall. the main mechanisms underlying haemorrhage include hypertensive arteriolopathy, arteriovenous malformations, amyloid angiopathy, drugs (anticoagulants, thrombolytics) and inflammatory vasculitides. the 30-day case fatality is about 42% in unselected cohorts. overall prognosis with respect to survival and residual disability is similar to that for ischaemic stroke of equivalent clinical severity. greater age and stroke severity, whether graded by neurological score or extent of haemorrhage on imaging, are both associated with increased case fatality and poorer functional outcome. 1.5 clinical presentation of stroke the heterogeneity of stroke pathogenesis and difference between stroke subtypes may hamper diagnosis and management. usually, the neurological findings help to identify the location of lesions and to predict the stroke mechanism, which is fundamental for determining the initial investigations and treatment. different patterns of weakness may be found in lesions of the middle cerebral artery (mca) territory. hemiplegia is related to large or deep mca infarcts. lesions in the upper branch of mca produce hemiparesis with faciobrachial predominance. on the other hand, weakness predominates in the contralateral lower limb with lesions in the anterior cerebral artery territory. sensory deficit is common in mca stroke, resulting from lesions affecting the territory of the posterior parietal artery. usually, complete contralateral sensory loss is produced by lesions in the ventroposterolateral part of the thalamus. however, a pseudothalamic patter may be found in infarcts involving the anterior parietal artery territory. visual symptoms predominate in the posterior cerebral artery territory. homonymous hemianopia or quadrantanopia may occur and pertubate walking or driving. they are sometimes associated with alexia or apraxia. ocular disturbances, such as diplopia, are produced by lesions in the brainstem. they are often associated with hemiparesis or ataxia. many patients can develop speech disorders, called aphasia, related to infarcts in the dominant hemisphere, as a cortical sign. it affects the capacity of speaking, listening, reading or writing. neurobehavioral manifestations are also prominent in stroke and can involve the capacity of thinking and planing activities. hemineglect is usually found in cortical lesions of the nondominant hemisphere. after stroke, many patients develop depression, which can affect motor improvement. deglutition or swallowing can be affected, usually with medullary infarctions or bilateral lesions. as a complication, bronchoaspiration can also occur. from those matters previously mentioned, it is clear that the clinical picture depends on the brain territory affected, and can point out the stroke subtype, as well as mechanism. 1.6 diagnostics in differentiation of stroke aetiology an early and correct diagnosis of stroke is made by evaluating symptoms, reviewing the patient's medical history and risk factors, and performing routine tests to assess patient's status and underlying pathology leading to stroke. clinical examination is crucial for the choice and timing of the investigation. electrocardiography (ecg) and blood tests are the first to be done in acute stroke. they include sedimentation rate, red and white cell count, platelet count, haematocrit, blood ionogram, glucose, serum enzymes, cholesterol and lipids levels, and routine coagulation profile, including serum fibrinogen, prothrombin time and partial thromboplastin time. in suspected cardioembolism, the investigation must include at least a 24-hour one-to three lead electrocardiogram monitoring. brain ct scan is the most useful radiological investigation in the acute phase. it allows to distinguish between ischemic and hemorrhagic lesions and also to rule out nonstroke brain conditions.

**3. File 31 - [hypertension-practice-guidelines_extracted.pdf] - file_31_chunk_8_level_0**
* cardiovascular risk should be assessed in all hy-pertensive patients by easy-to-use scores based on bp levels and additional risk factors according to a simplified version of the approach proposed by esc-esh guidelines (table 6).1 * a reliable estimate of cardiovascular risk can be ob-tained in daily practice by including: * other risk factors: age (>65 years), sex (male>female), heart rate (>80 beats/min), increased body weight, diabetes, high ldl-c/triglyceride, fam-ily history of cvd, family history of hypertension, early-onset menopause, smoking habits, psychosocial or socioeconomic factors. hmod: lvh (lvh with ecg), moderate-severe ckd (ckd; egfr <60 ml/ min/1.73m2), any other available measure of organ damage. disease: previous coronary heart disease (chd), hf, stroke, peripheral vascular disease, atrial fibrillation, ckd stage 3+. downloaded from by on september 10, 2025 1340 hypertension june 2020 * the therapeutic strategy must include lifestyle changes, bp control to target and the effective treatment of the other risk factors to reduce the residual cardiovascular risk. * the combined treatment of hypertension and additional cardiovascular risk factors reduces the rate of cvd be-yond bp control. other additional risk factors * elevated serum uric acid (s-ua) is common in patients with hypertension and should be treated with diet, urate influencing drugs (losartan, fibrates, atorvastatin) or u-rate lowering drugs in symptomatic patients (gout with s-ua >6 mg/dl [0.357 mmol/l]). * an increase in cardiovascular risk must be considered in patients with hypertension and chronic inflamma-tory diseases, chronic obstructive pulmonary disease (copd), psychiatric disorders, psychosocial stressors where an effective bp control is warranted.1 section 6: hypertension-mediated organ damage (hmod) definition and role of hmod in hypertension management hypertension-mediated organ damage (hmod) is defined as the structural or functional alteration of the arterial vascula-ture and/or the organs it supplies that is caused by elevated bp. end organs include the brain, the heart, the kidneys, central and peripheral arteries, and the eyes. while assessment of overall cardiovascular risk is im-portant for the management of hypertension, additional de-tection of hmod is unlikely to change the management of those patients already identified as high risk (ie, those with established cvd, stroke, diabetes, ckd, or familial hyper-cholesterolemia). however, it can provide important thera-peutic guidance on management for hypertensive patients with low or moderate overall risk through reclassification due to presence of hmod, and preferential selection of drug treatment based on the specific impact on hmod.1 specific aspects of hmod and assessment * brain: tia or strokes are common manifestations of elevated bp. early subclinical changes can be detected most sensitively by magnetic resonance imaging (mri) and include white matter lesions, silent microinfarcts, microbleeds, and brain atrophy. due to costs and limited availability brain mri is not recommended for routine practice but should be considered in patients with neuro-logic disturbances, cognitive decline and memory loss. * heart: a 12-lead ecg is recommended for routine workup of patients with hypertension and simple criteria (sokolow-lyon index: sv1+rv5 >35 mm, cornell in-dex: sv3+ravl >28 mm for men or >20 mm for women and cornell voltage duration product: >2440 mm*ms) are available to detect presence of lvh. sensitivity of ecg-lvh is very limited and a two-dimensional trans-thoracic echocardiogram (tte) is the method of choice to accurately assess lvh (left ventricular mass index [lvmi]: men >115 g/m2; women >95 g/m2) and relevant parameters including lv geometry, left atrial volume, lv systolic and diastolic function and others. * kidneys: kidney damage can be a cause and conse-quence of hypertension and is best assessed routinely by simple renal function parameters (serum creatinine and egfr) together with investigation for albuminuria (dipstick or urinary albumin creatinine ratio [uacr]) in early morning spot urine).

**4. File 31 - [hypertension-practice-guidelines_extracted.pdf] - file_31_chunk_12_level_0**
treatments should be well-tolerated. 5. evidence of benefits of use of the medication in populations to which it is to be applied. figure 3. office blood pressure targets for treated hypertension. figure 4. ish core drug-treatment strategy. data from references 69-73. ideal characteristics of drug treatment (see table 9). downloaded from by on september 10, 2025 1344 hypertension june 2020 recommendations: adherence to antihypertensive therapy * evaluate adherence to antihypertensive treatment as appropriate at each visit and prior to escalation of an-tihypertensive treatment. * consider the following strategies to improve medica-tion adherence82-87 a. reducing polypharmacy-use of single pill combinations b. once-daily dosing over multiple times per day dosing c. linking adherence behavior with daily habits d. providing adherence feedback to patients e. home bp monitoring f. reminder packaging of medications g. empowerment-based counseling for self-management h. electronic adherence aids such as mobile phones or short messages services i. multidisciplinary healthcare team approach (ie, pharmacists) to improve monitoring for adherence * objective indirect (ie, review of pharmacy records, pill counting, electronic monitoring devices) and di-rect (ie, witnessed intake of medications, biochemical detection of medications in urine or blood) are gen-erally preferred over subjective methods to diagnose nonadherence to antihypertensive treatment.80, 85 * the most effective methods for management of non-adherence require complex interventions that com-bine counseling, self-monitoring, reinforcements and supervision. section 9: common and other comorbidities and complications of hypertension background * hypertensive patients have several common and other comorbidities that can affect cardiovascular risk and treatment strategies. * the number of comorbidities increases with age, with the prevalence of hypertension and other diseases. * common comorbidities include coronary artery disease (cad), stroke, ckd, hf, and copd. * uncommon comorbidities include rheumatic diseases and psychiatric diseases. * uncommon comorbidities are largely underestimated by guidelines and frequently treated with drugs often self-prescribed and possibly interfering with bp control. * common and uncommon comorbidities should be iden-tified and managed according to available evidence. common comorbidities and complications hypertension and coronary artery disease (cad) * a strong epidemiological interaction exists between cad and hypertension that accounts for 25%-30% of acute myocardial infarctions.88 * lifestyle changes are recommended (smoking cessation, diet and exercise). * bp should be lowered if >140/90 mm hg and treated to a target <130/80 mm hg (<140/80 in elderly patients). * ras blockers, beta-blockers irrespective of bp levels with or without calcium channel blockers (ccbs) are first-line drugs in hypertensive patients.1 * lipid-lowering treatment with an ldl-c target <55 mg/ dl (1.4 mmol/l).89 * antiplatelet treatment with acetyl salicylic acid is rou-tinely recommended.1 hypertension and previous stroke * hypertension is the most important risk factor for ische-mic or hemorrhagic stroke.90 * stroke can be largely prevented by bp control. * bp should be lowered if >140/90 mm hg and treated to a target <130/80 mm hg (<140/80 in elderly patients).1 * ras blockers, ccbs, and diuretics are first-line drugs.1 * lipid-lowering treatment is mandatory with a ldl-c target <70 mg/dl (1.8 mmol/l) in ischemic stroke.1 * antiplatelet treatment is routinely recommended for is-chemic stroke, but not hemorrhagic stroke, and should be carefully considered in patients with hemorrhagic stroke only in the presence of a strong indication.1 hypertension and heart failure (hf) * hypertension is a risk factor for the development of hf with reduced ejection fraction (hfref), and with pre-served ejection fraction (hfpef). clinical outcome is worse and mortality is increased in hypertensive patients with hf.2 * lifestyle changes are recommended (diet and exercise). * treating hypertension has a major impact on reduc-ing the risk of incident hf and hf hospitalization. bp should be lowered if >140/90 mm hg and treated to a target <130/80 mm hg but >120/70 mm hg. * ras blockers, beta-blockers, and mineralocorticoid re-ceptor antagonists are all effective in improving clinical outcome in patients with established hfref, whereas for diuretics, evidence is limited to symptomatic improve-ment.1 ccbs are indicated on in case of poor bp control.

**5. File 63 - [Use of blood pressure lowering drugs in the prevention_extracted.pdf] - file_63_summary_2_part_0_level_1**
age-specific regression slopes allow calculation of relative risk reduction for any age and blood pressure difference; for age 60-69 a 20 mm hg systolic drop gives a relative risk of 0.43 (57 % reduction) for stroke, with proportional scaling for larger or smaller drops. meta-analysis of short-term placebo trials estimated the blood pressure lowering effect of one standard-dose drug, and cohort studies linked these reductions to proportional decreases in chd (≈24 %) and stroke (≈33 %) in 60-69-year olds with baseline 150/90 mm hg, with larger reductions for higher baseline blood pressure and smaller reductions with age. the predicted risk reductions from the cohort-based model matched observed reductions in 147 trials, validating that blood pressure lowering alone explains the benefit of all drug classes, except a brief extra effect of beta-blockers in recent chd survivors. thus, blood pressure-lowering therapy should be offered to anyone at high cardiovascular risk, as each mm hg reduction lowers chd and stroke risk by a constant proportion regardless of baseline blood pressure, and the number and dose of drugs can be chosen to achieve the desired risk reduction.

**6. File 63 - [Use of blood pressure lowering drugs in the prevention_extracted.pdf] - file_63_chunk_9_level_0**
age specific slopes of the lines (regression coefficients) were published, permitting the calculation of the predicted proportional reduction in disease events for any age and blood pressure differ-ence. for an age specific regression slope, s (see web extra table 3), and decrease in blood pressure, d, the relative risk is sd/20 for systolic pressure and sd/10 for diastolic pressure. the following examples illustrate the calculations. at age 60-69, the relative risk of stroke is 0.43 (57% decrease) for a 20 mm hg decrease in sys-tolic blood pressure. for a blood pressure decrease twice as great (40 mm hg), the relative risk of 0.43 effectively applies twice (0.43x0.43, or 0.432), which is 0.18 (an 82% decrease). for a reduction in blood pressure half as great, by symmetry the relative risk is 0.43, or 0.431/2, which is 0.66 (a 34% decrease). for a 30 mm hg decrease in blood pressure the relative risk is 0.431.5 (since 30/201.5), which is 0.28 (a 72% decrease). the sloping lines in the lower portion of fig-ure 6 reflect these regression coefficients for stroke and chd events in the age groups 50-59, 60-69, and 70-79 years. the effect of blood pressure lowering drugs in redu-cing therisk of chd eventsand stroke cantherefore be estimated according to the reduction in systolic or dia-stolic blood pressure (or the average of the two), from the regression slope, s, and the decrease in blood pres-sure, d, from the above equations. as an example, the effect of three drugs at half standard dose in preventing stroke in people aged 60-69 with a pretreatment systo-lic blood pressure of 180 mm hg systolic is estimated as: decrease in systolic blood pressure[19.9 +(3x0.078x)]26.9 mm hg, and relative risk of stroke0.4326.9/200.32 (a 68% decrease). results overall, 147 trial reports were included in the analysis: 108 were blood pressure difference trials and 46 drug comparison trials (seven trial reports with two treat-ment groups and a placebo group fell into both cate-gories, treatment versus placebo and one treatment versus the other). table 1 summarises the trials (see web extra tables 1i-iii and 2 for individual data from the trials). forest plots of individual trial results are pre-sented in 55 web extra figures (available at son.qmul.ac.uk/bptrial/) and the summary relative risk estimates and results for heterogeneity testing are shown in web extra table a. results on chd events and stroke are presented first, according to the five questions posed in the introduction, followed by results on heart failure and all cause mortality.

**7. File 63 - [Use of blood pressure lowering drugs in the prevention_extracted.pdf] - file_63_chunk_24_level_0**
the same applied to the analysis based on systo-lic blood pressure (chd, kh23.7, df7, p0.82 and stroke kh212.24, df6, p0.06; fig 5). what is the quantitative effect of one or more blood pressure lowering drugs in lowering blood pressure and in preventing chd events and stroke? the effect of taking blood pressure lowering drugs in reducing the incidence of chd and stroke according to number of drugs used, dose of drugs, and age cannot be estimated from the blood pressure differences trials alone. this is because a quarter of treated participants stopped taking their allocated drugs, individual trials used varying doses of drugs, trial data on combination drug therapy were limited, and the age range was rela-tively narrow. all this can be overcome by doing a two stage analysis, which is set out in figure 6 (based on diastolic blood pressure) and figure 7 (based on systolic blood pressure). the first stage (upper portion of fig-ures) was to estimate the effect of one drug at standard dose in reducing blood pressure according to the level of blood pressure before treatment, which was done using results from a meta-analysis of short term (a few weeks) placebo controlled trials of the drugs in fixed dose. 32 because of their short duration these trial results have the advantage of not underestimating the effectsof bloodpressurereductionthroughtreatedpar-ticipants dropping out or controls receiving treatment. the second stage (lower portion of figures) was to esti-mate the effect of these blood pressure reductions in preventing chd and stroke. this was done using the results of the meta-analysis of cohort studies, 25 rather than those from our meta-analysis of the trial results, because the cohort studies quantified the effects on dis-ease reduction across a wide range of blood pressure reduction and age (which the trials cannot do), and the evidence presented here shows that the cohort study results reliably predict the results of randomised trials over the ranges of age and blood pressure reduction observedin the trials, so validating theuse of thecohort study data in this way. figures 6 and 7 show estimates of the effects of three drugs in combination at half standard dose. tables 3 and 4 show the estimates of the effects of one, two, and three drugs at standard dose and one, two, and three drugs at half standard dose in preventing chd and stroke according to pretreatment blood pressure and age. these estimates of the preventive effect of blood pressure lowering drugs were calculated indepen-dently of the trials of blood pressure lowering drugs, so the trial results could be used to validate them. table 5 shows the predictions of the reductions in chd events and stroke in the blood pressure differ-ence trials of single drug therapy (1.0 drug per partici-pant on average) and of combination drug therapy (2.0 drugs per participant), calculated taking into account blood pressure before treatment, dose as a multiple of standard dose, and age and adjusted for the fact that a quarter of participants did not take their allocated treat-ment. table 5 shows that the observed reductions in chd events and stroke in the trials are similar to the predicted values, so the trial results validate the esti-mates. figures 6 and 7 show that one drug at standard dose reduced the incidence of chd by about 24% and of stroke by 33% in people aged 60-69 with a systolic blood pressure of 150 mm hg and a diastolic blood pressure of 90 mm hg.

**8. File 63 - [Use of blood pressure lowering drugs in the prevention_extracted.pdf] - file_63_chunk_31_level_0**
the important conclusion is that the cohort studies and the trial data are entirely summary of answers to questions posed do b blockers have a special effect in preventing chd events in people with a clinical history of chd? yes. the effect is an approximate 30% reduction in chd, present for a few years after the infarct. this risk reduction is about 15% thereafter, similar to that of other blood pressure lowering drugs does the preventive effect of drugs differ in people with and without a history of cardiovascular disease? no. the percentage reduction in risk of chd events and stroke is the same or similar. since the absolute risk is higher in people with a history of cardiovascular disease, however, the absolute risk reduction is greater does blood pressure reduction alone explain the preventive effect of the drugs? yes, except for the special short term effect of b blockers should the use of blood pressure lowering drugs be limited to people with ""high"" blood pressure? no. blood pressure lowering drugs should be offered to anyone with a high enough risk to benefit from treatment whatever their reason for being at high risk, because a given blood pressure reduction lowers risk of chd and stroke by a constant proportion irrespective of pretreatment blood pressure what is the quantitative effect of taking one or more blood pressure lowering drugs on blood pressure and the risk of chd events and stroke? in people aged 60-69 with a diastolic blood pressure of 90 mm hg (or systolic blood pressure of 150 mm hg): one drug at standard dose lowers the risk of chd by about 25% and of stroke by 35%; three drugs at half standard dose lower the risk of chd by 45% and of stroke by 60%; the estimates are about 10 percentage points higher if blood pressure is higher by 30 mm hg systolic or 15 mm hg diastolic; the estimates are about 5 percentage points lower for a 10 year increase in age research bmj | online first | bmj.com page 15 of 19 protected by copyright, including for uses related to text and data mining, ai training, and similar technologies by guest on 10 september 2025 downloaded from 19 may 2009.10.1136/bmj.b1665 on bmj: first published as consistent in showing an age modifying effect on pre-vention of chd events and stroke in relation to reduc-tions in blood pressure. from drugs to blood pressure reduction to disease prevention: a quantitative summary figures 6 and 7 provide an overall quantitative sum-mary of the effect of blood pressure reducing drugs on blood pressure reduction according to blood pres-sure levels before treatment, dose of drugs, and num-ber of drugs, and the corresponding reduction in chd events and stroke according to age, derived from cohort studies, showing a reduced proportional effect with increasing age. the analysis of the randomised trials of blood pressure reduction presented here was not used to derive the estimates but provides important confirmation of them, both by showing that the cohort studies (on which these estimates were based) reliably predict the reduction in chd events and stroke reduc-tion in the randomised trials for the same difference in blood pressure (fig 2), and by showing that the esti-mates reliably predict the chd events and stroke in the randomised trials according to number and dose of drugs without directly taking the blood pressure reduction into account (table 5). the estimates are therefore validated in that they predict trial data over the ranges of age and blood pressure reduction avail-able in trials. tables 3 and 4 present a numerical expansion of fig-ures 6 and 7. these results answer our fifth question, which enables a doctor prescribing blood pressure lowering treatment to know by how much that treat-ment is expected to reduce an individual's risk of stroke and chd in relation to the number and dose of drugs used, blood pressure level before treatment, and age. meta-analyses of trials on disease events can-not, on their own, answer such questions. a synthesis of data from different sources, observational and experimental, is needed. table 7 shows how the differ-ent pieces of the puzzle come from three large meta-analyses, the last one being the present study. only such an integrative approach provides the quantitative summary set out in figures 6 and 7, which answers our fifth question. assessing the need to tailor treatment in clinical practice attention is often placed on tailoring blood pressure drug treatment to individual patients, on the basis of factors such as comorbidities, adverse effects, and cost.23 24 comorbidities the results of this analysis and of other studies on comorbidities indicate that the claimed advantages of one drug over another for an individual who has an existing disease are generally of minor importance."
"Can we use ART to address infertility in women?Will it cause any cardiovascular diseases?","**Short answer**
*Yes – assisted‑reproductive technology (ART) is a well‑established, first‑line treatment for many causes of female infertility, including polycystic ovary syndrome (PCOS).  However, ART is not a benign procedure; it is associated with an elevated risk of both short‑term (peripartum) and long‑term cardiovascular complications, largely because of the underlying infertility disorders and the hormonal milieu created by the stimulation protocols.*
---
## 1.  Introduction
Assisted‑reproductive technology (ART) encompasses a range of procedures—most commonly in‑vitro fertilisation (IVF) and intracytoplasmic sperm injection (ICSI)—that enable conception when natural fertilisation fails.  ART is routinely used for unexplained infertility, tubal disease, male factor infertility, and PCOS‑related anovulation.  While the primary goal of ART is to restore fertility, the hormonal stimulation and the patient population that undergoes ART carry a heightened cardiovascular risk profile.
## 2.  Key Findings
| Topic | Evidence from the literature | Clinical relevance |
|-------|------------------------------|--------------------|
| **ART as a treatment for infertility** | Rajendran et al. (2024) describe ART as the standard of care for many infertility indications, including PCOS‑related anovulation. | ART is an accepted, evidence‑based option for women who cannot conceive spontaneously. |
| **Underlying conditions that increase cardiovascular risk** | PCOS is a major risk modifier for cardiovascular disease (CVD).  Meta‑analyses show a 2‑fold higher risk of coronary artery calcification (Osibogun et al., 2022) and a 1.5‑fold higher risk of coronary heart disease (Zhao et al., 2016).  Insulin resistance, metabolic syndrome, and type 2 diabetes are common in PCOS (Teede et al., 2006; Rubin et al., 2017). | Women undergoing ART often have PCOS, obesity, hypertension, or diabetes—factors that independently raise CVD risk. |
| **Hormonal changes during ART** | Ovarian hyperstimulation induces high estradiol levels and can trigger endothelial dysfunction and angiotensin‑renin‑aldosterone system (ARAS) activation (Murphy, 2011; Nastri et al., 2010).  Estrogen deficiency after ART cycles may also contribute to vascular dysfunction (Murphy, 2011). | The hormonal milieu of ART can transiently worsen endothelial function, a precursor to atherosclerosis. |
| **Peripartum cardiovascular complications** | A national inpatient sample analysis (Zahid et al., 2022) found that ART pregnancies have higher rates of pre‑eclampsia, arrhythmias, and other cardiovascular complications, but no increase in peripartum cardiomyopathy or acute coronary syndrome. | ART increases the likelihood of acute, pregnancy‑related cardiovascular events. |
| **Long‑term cardiovascular risk** | A prospective cohort of post‑menopausal women with a history of infertility (Lau et al., 2022) reported a ~20 % higher risk of heart failure.  Mechanistic studies link infertility to estrogen deficiency, ARAS derangements, and endothelial dysfunction (Murphy, 2011). | Infertility itself, and the ART process, may predispose to future heart failure and other CVDs. |
| **Risk mitigation** | The literature recommends aggressive cardiovascular risk‑factor modification (weight control, glucose monitoring, lipid management) and routine cardiovascular assessment before, during, and after ART (Rajendran et al., 2024). | Structured cardiovascular monitoring can reduce the incidence of ART‑related complications. |
## 3.  Clinical Implications
1. **Pre‑ART cardiovascular assessment**
* Screen for hypertension, dyslipidaemia, glucose intolerance, and obesity.
* Evaluate for PCOS‑related metabolic derangements; treat insulin resistance and weight excess aggressively.
* Consider baseline echocardiography or biomarkers (NT‑proBNP) in women with advanced maternal age or prior cardiovascular disease.
2. **During ART**
* Use the lowest effective gonadotropin dose to minimise ovarian hyperstimulation syndrome (OHSS) and its fluid‑shift complications.
* Monitor blood pressure and serum estradiol levels; intervene early if pre‑eclampsia‑like changes appear.
3. **Post‑delivery follow‑up**
* Implement a “fourth‑trimester” cardiovascular care plan (Choi et al., 2022) to transition from obstetric to cardiology follow‑up.
* Re‑assess cardiovascular risk factors at 6–12 months postpartum, especially in women who had ART‑related pre‑eclampsia or arrhythmias.
4. **Patient counselling**
* Discuss that ART itself is not a direct cause of chronic CVD but is associated with higher peripartum and long‑term cardiovascular risk.
* Emphasise lifestyle modification and adherence to medical therapy (e.g., metformin for PCOS, antihypertensives) to mitigate risk.
## 4.  Conclusion
Assisted‑reproductive technology is a proven, first‑line intervention for infertility, including in women with PCOS.  The procedure is linked to an increased incidence of peripartum cardiovascular complications—most notably pre‑eclampsia and arrhythmias—and to a modest rise in future heart‑failure risk.  These adverse outcomes are largely driven by the underlying infertility disorders (PCOS, advanced maternal age, hypertension, diabetes, obesity) and the hormonal changes induced by ovarian stimulation.  Therefore, ART should be pursued with a comprehensive cardiovascular risk‑assessment strategy, ongoing monitoring, and aggressive management of modifiable risk factors to minimise both short‑ and long‑term cardiovascular morbidity.","**1. File 51 - [Sex-specific differences in cardiovascular risk factors and_extracted.pdf] - file_51_summary_4_part_0_level_1**
women with pcov have a four-fold higher risk of type 2 diabetes and a two-to-three-fold higher risk of metabolic syndrome, are twice as likely to have coronary artery calcification, and experience a roughly 30% increased risk of cardiovascular events, especially during reproductive years. hyperandrogenism drives insulin resistance and atherosclerosis, so aggressive cardiometabolic risk-factor modification—including lifestyle changes, metformin, glp-1 agonists, and routine screening—is recommended. infertility and the use of assisted reproductive technology independently raise peripartum cardiovascular complications and future heart failure risk, likely through estrogen deficiency and endothelial dysfunction, and women undergoing art should be monitored for cardiovascular risk. spontaneous pregnancy loss and other female-specific factors such as pcov, infertility, art, and adverse pregnancy outcomes add to cardiovascular risk, highlighting the need for comprehensive risk assessment and targeted prevention in women.

**2. File 51 - [Sex-specific differences in cardiovascular risk factors and_extracted.pdf] - file_51_summary_6_part_0_level_1**
art and estrogen deficiency are linked to angiotensin-renin-aldosterone derangements and endothelial dysfunction, raising future cardiovascular risk. women with spontaneous pregnancy loss have a 1.2-to-2-fold higher risk of coronary heart disease, stroke, and heart failure, especially with recurrent or early losses, possibly due to endothelial dysfunction and prothrombotic genotypes. parity shows a j-shaped association with incident heart failure, with 3-4 or >4 live births increasing risk by 9-24 % and younger maternal age at first birth also elevating risk, a pattern seen in both sexes after adjusting for metabolic factors. adverse pregnancy outcomes such as hypertensive disorders, gestational diabetes, intrauterine growth restriction, small-for-gestational-age delivery, and preterm birth independently predict long-term cardiovascular disease in younger women.

**3. File 52 - [Sex-specific differences in cardiovascular risk factors_extracted.pdf] - file_52_summary_6_part_0_level_1**
art and estrogen deficiency are linked to angiotensin-renin-aldosterone derangements and endothelial dysfunction, raising future cardiovascular risk. women with spontaneous pregnancy loss have a 1.2-to-2-fold higher risk of coronary heart disease, stroke, and heart failure, especially with recurrent or early losses, possibly due to endothelial dysfunction and prothrombotic genotypes. parity shows a j-shaped association with incident heart failure, with 3-4 or >4 live births increasing risk by 9-24 % and younger maternal age at first birth also elevating risk, a pattern seen in both sexes after adjusting for metabolic factors. adverse pregnancy outcomes such as hypertensive disorders, gestational diabetes, intrauterine growth restriction, small-for-gestational-age delivery, and preterm birth independently predict long-term cardiovascular disease in younger women.

**4. File 51 - [Sex-specific differences in cardiovascular risk factors and_extracted.pdf] - file_51_chunk_3_level_0**
women with pcos often have irregular menstrual cycles, which menstrual irregularity is also independently associated with cvd. furthermore, pcos is a leading cause of infertility. during pregnancy, pcos is associated with greater risk of preeclampsia, gestational diabetes, and cardiovascular complications at delivery. women with pcos have an increased risk of developing metabolic syndrome and associated diseases including type 2 diabetes (t2d), hypertension, and dyslipidemia. specifically, women with pcos are 4 times more likely to develop t2d and 2-3 times more likely to develop metabolic syndrome compared to women without pcos. notably, the esc prevention guideline highlights pcos as a sex-specific ""risk-modifier"" that increases women's risk for future t2d. hyperandrogenism, an important feature of pcos, may drive some of the insulin resistance, as well as increase the risk for atherosclerosis. several studies have demonstrated increased risk of cac, a marker of subclinical atherosclerosis, in women with pcos, and a meta-analysis reported women with pcos as being twice as likely to have cac compared to women without pcos. although there has been mixed evidence, a recent meta-analysis of ten studies found a ~30% increased risk of cvd events among women with pcos. this increased cardiovascular risk associated with pcos appears to be greater among women of reproductive age, compared to those after menopausal transition. rajendran et al. page 4 atherosclerosis. author manuscript; available in pmc 2024 november 01. author manuscript author manuscript author manuscript author manuscript aggressive cardiometabolic risk factor modification should be a routine aspect of care for patients with pcos. this includes lifestyle modifications, the addition of metformin for insulin resistance, obesity management with consideration of use of the glucagon-like peptide 1 receptor agonists, diabetes screening, annual blood pressure checks, fasting lipid panel, and screening for additional psychosocial issues such as eating disorders, smoking, depression, and anxiety. oral contraceptives are the first line therapy to address the hyperandrogenic state. 6. infertility and the use of assisted reproductive technology the use of art to address infertility in women is growing worldwide; this is an umbrella term encompassing several different types of procedures including ovarian stimulation, fresh embryo transfer, frozen embryo transfer, and pre-implantation genetic testing. the use of art is associated with increased cardiovascular risk; this is most likely due to the higher prevalence of established cardiovascular risk factors among women with infertility such as advanced maternal age, chronic hypertension, diabetes, obesity, and pcos. a retrospective analysis using the national inpatient sample found that women who had undergone art to conceive were older at the time of delivery and had a higher prevalence of hypertension, gestational diabetes, and dyslipidemia. in this study, art was found to be an independent predictor of peripartum cardiovascular complications such as preeclampsia / eclampsia and cardiac arrhythmias when compared with natural conception; however, it was not associated with increased risk of peripartum cardiomyopathy or acute coronary syndrome. a large prospective study of post-menopausal women found that self-reported history of infertility was associated with a nearly 20% increased risk of developing future heart failure compared to women without a history of infertility, and this was driven by future risk of heart failure with preserved ejection fraction and not heart failure with reduced ejection fraction. interestingly, the association of infertility and heart failure was not explained by existing cardiovascular risk factors (e.g. hypertension, diabetes, obesity, increased 10-year ascvd risk score) or infertility-related risk factors (e.g. irregular menstrual cycle, early menopause, thyroid disease). the mechanisms underlying the association between infertility, art and cvd are likely multifaceted and needs further investigation. hypothalamic pituitary axis dysregulation and subsequent estrogen deficiency has been implicated in the development of future heart failure and cvd. both low concentrations of estradiol found in infertility and ovarian hyperstimulation in art have been linked with angiotensin-renin-aldosterone system derangements and endothelial dysfunction. it is not yet clear how different modes of art are associated with peripartum or future risk of cvd. women undergoing art should be evaluated for cvd risk factors and monitored for cardiovascular complications during pregnancy and beyond. 7. spontaneous pregnancy loss spontaneous pregnancy loss which refers to miscarriages and stillbirths has been known to be associated with an increased risk of cvd. while pregnancy loss is linked with the presence of cardiometabolic risk factors, a large cohort study recently demonstrated that women with pregnancy loss had a 1.2-fold increase in chd and stroke independent of other rajendran et al. page 5 atherosclerosis.

**5. File 52 - [Sex-specific differences in cardiovascular risk factors_extracted.pdf] - file_52_chunk_3_level_0**
women with pcos often have irregular menstrual cycles, which menstrual irregularity is also independently associated with cvd. furthermore, pcos is a leading cause of infertility. during pregnancy, pcos is associated with greater risk of preeclampsia, gestational diabetes, and cardiovascular complications at delivery. women with pcos have an increased risk of developing metabolic syndrome and associated diseases including type 2 diabetes (t2d), hypertension, and dyslipidemia. specifically, women with pcos are 4 times more likely to develop t2d and 2-3 times more likely to develop metabolic syndrome compared to women without pcos. notably, the esc prevention guideline highlights pcos as a sex-specific ""risk-modifier"" that increases women's risk for future t2d. hyperandrogenism, an important feature of pcos, may drive some of the insulin resistance, as well as increase the risk for atherosclerosis. several studies have demonstrated increased risk of cac, a marker of subclinical atherosclerosis, in women with pcos, and a meta-analysis reported women with pcos as being twice as likely to have cac compared to women without pcos. although there has been mixed evidence, a recent meta-analysis of ten studies found a ~30% increased risk of cvd events among women with pcos. this increased cardiovascular risk associated with pcos appears to be greater among women of reproductive age, compared to those after menopausal transition. rajendran et al. page 4 atherosclerosis. author manuscript; available in pmc 2024 november 01. author manuscript author manuscript author manuscript author manuscript aggressive cardiometabolic risk factor modification should be a routine aspect of care for patients with pcos. this includes lifestyle modifications, the addition of metformin for insulin resistance, obesity management with consideration of use of the glucagon-like peptide 1 receptor agonists, diabetes screening, annual blood pressure checks, fasting lipid panel, and screening for additional psychosocial issues such as eating disorders, smoking, depression, and anxiety. oral contraceptives are the first line therapy to address the hyperandrogenic state. 6. infertility and the use of assisted reproductive technology the use of art to address infertility in women is growing worldwide; this is an umbrella term encompassing several different types of procedures including ovarian stimulation, fresh embryo transfer, frozen embryo transfer, and pre-implantation genetic testing. the use of art is associated with increased cardiovascular risk; this is most likely due to the higher prevalence of established cardiovascular risk factors among women with infertility such as advanced maternal age, chronic hypertension, diabetes, obesity, and pcos. a retrospective analysis using the national inpatient sample found that women who had undergone art to conceive were older at the time of delivery and had a higher prevalence of hypertension, gestational diabetes, and dyslipidemia. in this study, art was found to be an independent predictor of peripartum cardiovascular complications such as preeclampsia / eclampsia and cardiac arrhythmias when compared with natural conception; however, it was not associated with increased risk of peripartum cardiomyopathy or acute coronary syndrome. a large prospective study of post-menopausal women found that self-reported history of infertility was associated with a nearly 20% increased risk of developing future heart failure compared to women without a history of infertility, and this was driven by future risk of heart failure with preserved ejection fraction and not heart failure with reduced ejection fraction. interestingly, the association of infertility and heart failure was not explained by existing cardiovascular risk factors (e.g. hypertension, diabetes, obesity, increased 10-year ascvd risk score) or infertility-related risk factors (e.g. irregular menstrual cycle, early menopause, thyroid disease). the mechanisms underlying the association between infertility, art and cvd are likely multifaceted and needs further investigation. hypothalamic pituitary axis dysregulation and subsequent estrogen deficiency has been implicated in the development of future heart failure and cvd. both low concentrations of estradiol found in infertility and ovarian hyperstimulation in art have been linked with angiotensin-renin-aldosterone system derangements and endothelial dysfunction. it is not yet clear how different modes of art are associated with peripartum or future risk of cvd. women undergoing art should be evaluated for cvd risk factors and monitored for cardiovascular complications during pregnancy and beyond. 7. spontaneous pregnancy loss spontaneous pregnancy loss which refers to miscarriages and stillbirths has been known to be associated with an increased risk of cvd. while pregnancy loss is linked with the presence of cardiometabolic risk factors, a large cohort study recently demonstrated that women with pregnancy loss had a 1.2-fold increase in chd and stroke independent of other rajendran et al. page 5 atherosclerosis.

**6. File 52 - [Sex-specific differences in cardiovascular risk factors_extracted.pdf] - file_52_chunk_4_level_0**
hypothalamic pituitary axis dysregulation and subsequent estrogen deficiency has been implicated in the development of future heart failure and cvd. both low concentrations of estradiol found in infertility and ovarian hyperstimulation in art have been linked with angiotensin-renin-aldosterone system derangements and endothelial dysfunction. it is not yet clear how different modes of art are associated with peripartum or future risk of cvd. women undergoing art should be evaluated for cvd risk factors and monitored for cardiovascular complications during pregnancy and beyond. 7. spontaneous pregnancy loss spontaneous pregnancy loss which refers to miscarriages and stillbirths has been known to be associated with an increased risk of cvd. while pregnancy loss is linked with the presence of cardiometabolic risk factors, a large cohort study recently demonstrated that women with pregnancy loss had a 1.2-fold increase in chd and stroke independent of other rajendran et al. page 5 atherosclerosis. author manuscript; available in pmc 2024 november 01. author manuscript author manuscript author manuscript author manuscript risk factors including hypertension, hypercholesterolemia, and t2d. furthermore, the risk of cvd was increased up to 2-fold with recurrent pregnancy losses and was higher if pregnancy loss occurred earlier in reproductive lifespan. in contrast, in a cohort of women from the uk biobank experiencing miscarriages was not associated with incident heart failure; however experiencing 1 or recurrent stillbirths was associated with a 20% and 43% greater risk of incident heart failure compared to having no history of stillbirth. one proposed mechanism linking spontaneous pregnancy loss with cvd is endothelial dysfunction. endothelial dysfunction has been linked to development of atherosclerosis and cvd in women as well as with pregnancy loss as a result of poor placental function. there are also associations between recurrent miscarriages and prothrombotic genotypes that could potentially increase future risk of thrombotic disease including chd and stroke. women with recurrent pregnancy losses should be screened for underlying etiologies including anatomical abnormalities, genetic chromosomal testing of parents and fetal products, endocrinopathies, antiphospholipid syndrome, and thrombophilia if there is a history of vte. 8. parity parity, the number of live births, is another reproductive factor that affects women's cardiovascular health in later life. in a systemic review and meta-analysis of ten prospective studies, ever parity was inversely related to cvd mortality with a potential non-linear j-shaped dose-response relationship. in the uk biobank, compared to women who had 1-2 live births, having 3-4 children or >4 children was associated with 9 and 24% greater risk of incident heart failure, respectively. in that same cohort, there was also excess heart failure risk for having a younger maternal age (<21 years) at first live birth. interestingly, parity may not be a cvd risk factor unique to women, as a prior study showed an increase cvd risk in men with higher parity. comparisons between women and men are useful in distinguishing between biological or lifestyle/sociocultural contributions to adverse outcomes relating to pregnancy. using the british women's heart and health study and the british regional heart study, authors found a similar j-shaped association between number of children and cvd in both sexes, although in men, that association was attenuated to a higher degree after adjustment for obesity and metabolic risk factors. several lifestyle and biological mechanisms for this relationship have been posited and investigated. multiparity is associated with worse health behaviors in later life, which is supported by findings of worse cvd outcomes in both men and women at higher parity. moreover, multiparity may have an adverse effect on metabolic syndrome and body composition. indeed, compared to nulliparous women, women with a higher number of children had a higher bmi, waist circumference, higher blood pressure, as well as adverse changes in adipokine profile. another proposed mechanism related parity with sex hormones independent of body composition. in a multi-ethnic population without baseline cvd, greater parity was associated with a more androgenic sex hormone profile, namely a higher testosterone to estrogen ratio, even after adjusting for bmi. rajendran et al. page 6 atherosclerosis. author manuscript; available in pmc 2024 november 01. author manuscript author manuscript author manuscript author manuscript 9. adverse pregnancy outcomes apos have emerged as an important contributor to heart disease in younger women and confer increased cvd risk that persists into later life, far beyond the pregnancy period. these include complications such as hypertensive disorders of pregnancy, gestational diabetes, intrauterine growth restriction, small-for-gestational age delivery and preterm delivery.

**7. File 51 - [Sex-specific differences in cardiovascular risk factors and_extracted.pdf] - file_51_chunk_4_level_0**
hypothalamic pituitary axis dysregulation and subsequent estrogen deficiency has been implicated in the development of future heart failure and cvd. both low concentrations of estradiol found in infertility and ovarian hyperstimulation in art have been linked with angiotensin-renin-aldosterone system derangements and endothelial dysfunction. it is not yet clear how different modes of art are associated with peripartum or future risk of cvd. women undergoing art should be evaluated for cvd risk factors and monitored for cardiovascular complications during pregnancy and beyond. 7. spontaneous pregnancy loss spontaneous pregnancy loss which refers to miscarriages and stillbirths has been known to be associated with an increased risk of cvd. while pregnancy loss is linked with the presence of cardiometabolic risk factors, a large cohort study recently demonstrated that women with pregnancy loss had a 1.2-fold increase in chd and stroke independent of other rajendran et al. page 5 atherosclerosis. author manuscript; available in pmc 2024 november 01. author manuscript author manuscript author manuscript author manuscript risk factors including hypertension, hypercholesterolemia, and t2d. furthermore, the risk of cvd was increased up to 2-fold with recurrent pregnancy losses and was higher if pregnancy loss occurred earlier in reproductive lifespan. in contrast, in a cohort of women from the uk biobank experiencing miscarriages was not associated with incident heart failure; however experiencing 1 or recurrent stillbirths was associated with a 20% and 43% greater risk of incident heart failure compared to having no history of stillbirth. one proposed mechanism linking spontaneous pregnancy loss with cvd is endothelial dysfunction. endothelial dysfunction has been linked to development of atherosclerosis and cvd in women as well as with pregnancy loss as a result of poor placental function. there are also associations between recurrent miscarriages and prothrombotic genotypes that could potentially increase future risk of thrombotic disease including chd and stroke. women with recurrent pregnancy losses should be screened for underlying etiologies including anatomical abnormalities, genetic chromosomal testing of parents and fetal products, endocrinopathies, antiphospholipid syndrome, and thrombophilia if there is a history of vte. 8. parity parity, the number of live births, is another reproductive factor that affects women's cardiovascular health in later life. in a systemic review and meta-analysis of ten prospective studies, ever parity was inversely related to cvd mortality with a potential non-linear j-shaped dose-response relationship. in the uk biobank, compared to women who had 1-2 live births, having 3-4 children or >4 children was associated with 9 and 24% greater risk of incident heart failure, respectively. in that same cohort, there was also excess heart failure risk for having a younger maternal age (<21 years) at first live birth. interestingly, parity may not be a cvd risk factor unique to women, as a prior study showed an increase cvd risk in men with higher parity. comparisons between women and men are useful in distinguishing between biological or lifestyle/sociocultural contributions to adverse outcomes relating to pregnancy. using the british women's heart and health study and the british regional heart study, authors found a similar j-shaped association between number of children and cvd in both sexes, although in men, that association was attenuated to a higher degree after adjustment for obesity and metabolic risk factors. several lifestyle and biological mechanisms for this relationship have been posited and investigated. multiparity is associated with worse health behaviors in later life, which is supported by findings of worse cvd outcomes in both men and women at higher parity. moreover, multiparity may have an adverse effect on metabolic syndrome and body composition. indeed, compared to nulliparous women, women with a higher number of children had a higher bmi, waist circumference, higher blood pressure, as well as adverse changes in adipokine profile. another proposed mechanism related parity with sex hormones independent of body composition. in a multi-ethnic population without baseline cvd, greater parity was associated with a more androgenic sex hormone profile, namely a higher testosterone to estrogen ratio, even after adjusting for bmi. rajendran et al. page 6 atherosclerosis. author manuscript; available in pmc 2024 november 01. author manuscript author manuscript author manuscript author manuscript 9. adverse pregnancy outcomes apos have emerged as an important contributor to heart disease in younger women and confer increased cvd risk that persists into later life, far beyond the pregnancy period. these include complications such as hypertensive disorders of pregnancy, gestational diabetes, intrauterine growth restriction, small-for-gestational age delivery and preterm delivery.

**8. File 51 - [Sex-specific differences in cardiovascular risk factors and_extracted.pdf] - file_51_chunk_13_level_0**
[pubmed: 21885836] rajendran et al. page 13 atherosclerosis. author manuscript; available in pmc 2024 november 01. author manuscript author manuscript author manuscript author manuscript 55. nastri co, ferriani ra, rocha ia, martins wp. ovarian hyperstimulation syndrome: pathophysiology and prevention. journal of assisted reproduction and genetics 2010; 27: 121-128. [pubmed: 20140640] 56. wang y-x, minguez-alarcon l, gaskins aj et al. pregnancy loss and risk of cardiovascular disease: the nurses' health study ii. european heart journal 2022; 43: 190-199. [pubmed: 34718507] 57. horn j, tanz lj, stuart jj et al. early or late pregnancy loss and development of clinical cardiovascular disease risk factors: a prospective cohort study. bjog: an international journal of obstetrics & gynaecology 2019; 126: 33-42.58. oliver-williams ct, heydon ee, smith gc, wood am. miscarriage and future maternal cardiovascular disease: a systematic review and meta-analysis. heart 2013; 99: 1636-1644. [pubmed: 23539554] 59. germain am, romanik mc, guerra i et al. endothelial dysfunction: a link among preeclampsia, recurrent pregnancy loss, and future cardiovascular events? hypertension (dallas, tex: 1979) 2007; 49: 90-5. [pubmed: 17116761] 60. kovalevsky g, gracia cr, berlin ja, sammel md, barnhart kt. evaluation of the association between hereditary thrombophilias and recurrent pregnancy loss: a meta-analysis. archives of internal medicine 2004; 164: 558-563. [pubmed: 15006834] 61. li w, ruan w, lu z, wang d. parity and risk of maternal cardiovascular disease: a dose-response meta-analysis of cohort studies. european journal of preventive cardiology 2019; 26: 592-602. [pubmed: 30567461] 62. moazzeni ss, toreyhi h, asgari s, azizi f, tehrani fr, hadaegh f. number of parity/live birth (s) and cardiovascular disease among iranian women and men: results of over 15 years of follow-up. bmc pregnancy and childbirth 2021; 21: 1-11. [pubmed: 33388035] 63. lawlor da, emberson jr, ebrahim s et al. is the association between parity and coronary heart disease due to biological effects of pregnancy or adverse lifestyle risk factors associated with child-rearing? findings from the british women's heart and health study and the british regional heart study. circulation 2003; 107: 1260-1264. [pubmed: 12628945] 64. ogunmoroti o, osibogun o, kolade ob et al. multiparity is associated with poorer cardiovascular health among women from the multi-ethnic study of atherosclerosis. am j obstet gynecol 2019; 221: 631 e1-631 e16.65. rodriguez cp, ogunmoroti o, quispe r et al. the association between multiparity and adipokine levels: the multi-ethnic study of atherosclerosis. journal of women's health 2021.66. kazzi b, ogunmoroti o, rodriguez cp et al. parity history and later life sex hormone levels in the multi-ethnic study of atherosclerosis (mesa). canadian journal of cardiology 2022; 38: 1893-1900. [pubmed: 36087657] 67. choi e, kazzi b, varma b et al. the fourth trimester: a time for enhancing transitions in cardiovascular care. current cardiovascular risk reports 2022: 1-11. [pubmed: 36465151] 68. hutcheon ja, lisonkova s, joseph k. epidemiology of pre-eclampsia and the other hypertensive disorders of pregnancy. best practice & research clinical obstetrics & gynaecology 2011; 25: 391-403. [pubmed: 21333604] 69. hogan mc, foreman kj, naghavi m et al.

**9. File 51 - [Sex-specific differences in cardiovascular risk factors and_extracted.pdf] - file_51_chunk_12_level_0**
the journal of clinical endocrinology & metabolism 2002; 87: 2013-2017. [pubmed: 11994334] 43. zahid s, khan mz, gowda s et al. trends, predictors, and outcomes of cardiovascular complications associated with polycystic ovary syndrome during delivery hospitalizations: a national inpatient sample analysis. journal of the american heart association 2022; 11: e025839. [pubmed: 35708290] 44. teede hj, hutchison s, zoungas s, meyer c. insulin resistance, the metabolic syndrome, diabetes, and cardiovascular disease risk in women with pcos. endocrine 2006; 30: 45-53. [pubmed: 17185791] 45. rubin kh, glintborg d, nybo m, abrahamsen b, andersen m. development and risk factors of type 2 diabetes in a nationwide population of women with polycystic ovary syndrome. the journal of clinical endocrinology & metabolism 2017; 102: 3848-3857. [pubmed: 28938447] 46. moran lj, misso ml, wild ra, norman rj. impaired glucose tolerance, type 2 diabetes and metabolic syndrome in polycystic ovary syndrome: a systematic review and meta-analysis. human reproduction update 2010; 16: 347-363. [pubmed: 20159883] 47. lim s, kakoly n, tan j et al. metabolic syndrome in polycystic ovary syndrome: a systematic review, meta-analysis and meta-regression. obesity reviews 2019; 20: 339-352. [pubmed: 30339316] 48. adams mr, williams jk, kaplan jr. effects of androgens on coronary artery atherosclerosis and atherosclerosis-related impairment of vascular responsiveness. arteriosclerosis, thrombosis, and vascular biology 1995; 15: 562-570. [pubmed: 7749870] 49. osibogun o, ogunmoroti o, kolade ob et al. a systematic review and meta-analysis of the association between polycystic ovary syndrome and coronary artery calcification. journal of women's health 2022; 31: 762-771.50. zhao l, zhu z, lou h et al. polycystic ovary syndrome (pcos) and the risk of coronary heart disease (chd): a meta-analysis. oncotarget 2016; 7: 33715. [pubmed: 27220885] 51. oliver-williams c, vassard d, pinborg a, schmidt l. risk of cardiovascular disease for women with polycystic ovary syndrome: results from a national danish registry cohort study. eur j prev cardiol 2020: 2047487320939674.52. lau es, wang d, roberts m et al. infertility and risk of heart failure in the women's health initiative. journal of the american college of cardiology 2022; 79: 1594-1603. [pubmed: 35450577] 53. takefuji m, murohara t. corticotropin-releasing hormone family and their receptors in the cardiovascular system. circulation journal 2019; 83: 261-266. [pubmed: 30584229] 54. murphy e estrogen signaling and cardiovascular disease. circulation research 2011; 109: 687-696. [pubmed: 21885836] rajendran et al. page 13 atherosclerosis. author manuscript; available in pmc 2024 november 01. author manuscript author manuscript author manuscript author manuscript 55. nastri co, ferriani ra, rocha ia, martins wp. ovarian hyperstimulation syndrome: pathophysiology and prevention. journal of assisted reproduction and genetics 2010; 27: 121-128. [pubmed: 20140640] 56. wang y-x, minguez-alarcon l, gaskins aj et al. pregnancy loss and risk of cardiovascular disease: the nurses' health study ii. european heart journal 2022; 43: 190-199. [pubmed: 34718507] 57. horn j, tanz lj, stuart jj et al. early or late pregnancy loss and development of clinical cardiovascular disease risk factors: a prospective cohort study.

**10. File 52 - [Sex-specific differences in cardiovascular risk factors_extracted.pdf] - file_52_chunk_12_level_0**
the journal of clinical endocrinology & metabolism 2002; 87: 2013-2017. [pubmed: 11994334] 43. zahid s, khan mz, gowda s et al. trends, predictors, and outcomes of cardiovascular complications associated with polycystic ovary syndrome during delivery hospitalizations: a national inpatient sample analysis. journal of the american heart association 2022; 11: e025839. [pubmed: 35708290] 44. teede hj, hutchison s, zoungas s, meyer c. insulin resistance, the metabolic syndrome, diabetes, and cardiovascular disease risk in women with pcos. endocrine 2006; 30: 45-53. [pubmed: 17185791] 45. rubin kh, glintborg d, nybo m, abrahamsen b, andersen m. development and risk factors of type 2 diabetes in a nationwide population of women with polycystic ovary syndrome. the journal of clinical endocrinology & metabolism 2017; 102: 3848-3857. [pubmed: 28938447] 46. moran lj, misso ml, wild ra, norman rj. impaired glucose tolerance, type 2 diabetes and metabolic syndrome in polycystic ovary syndrome: a systematic review and meta-analysis. human reproduction update 2010; 16: 347-363. [pubmed: 20159883] 47. lim s, kakoly n, tan j et al. metabolic syndrome in polycystic ovary syndrome: a systematic review, meta-analysis and meta-regression. obesity reviews 2019; 20: 339-352. [pubmed: 30339316] 48. adams mr, williams jk, kaplan jr. effects of androgens on coronary artery atherosclerosis and atherosclerosis-related impairment of vascular responsiveness. arteriosclerosis, thrombosis, and vascular biology 1995; 15: 562-570. [pubmed: 7749870] 49. osibogun o, ogunmoroti o, kolade ob et al. a systematic review and meta-analysis of the association between polycystic ovary syndrome and coronary artery calcification. journal of women's health 2022; 31: 762-771.50. zhao l, zhu z, lou h et al. polycystic ovary syndrome (pcos) and the risk of coronary heart disease (chd): a meta-analysis. oncotarget 2016; 7: 33715. [pubmed: 27220885] 51. oliver-williams c, vassard d, pinborg a, schmidt l. risk of cardiovascular disease for women with polycystic ovary syndrome: results from a national danish registry cohort study. eur j prev cardiol 2020: 2047487320939674.52. lau es, wang d, roberts m et al. infertility and risk of heart failure in the women's health initiative. journal of the american college of cardiology 2022; 79: 1594-1603. [pubmed: 35450577] 53. takefuji m, murohara t. corticotropin-releasing hormone family and their receptors in the cardiovascular system. circulation journal 2019; 83: 261-266. [pubmed: 30584229] 54. murphy e estrogen signaling and cardiovascular disease. circulation research 2011; 109: 687-696. [pubmed: 21885836] rajendran et al. page 13 atherosclerosis. author manuscript; available in pmc 2024 november 01. author manuscript author manuscript author manuscript author manuscript 55. nastri co, ferriani ra, rocha ia, martins wp. ovarian hyperstimulation syndrome: pathophysiology and prevention. journal of assisted reproduction and genetics 2010; 27: 121-128. [pubmed: 20140640] 56. wang y-x, minguez-alarcon l, gaskins aj et al. pregnancy loss and risk of cardiovascular disease: the nurses' health study ii. european heart journal 2022; 43: 190-199. [pubmed: 34718507] 57. horn j, tanz lj, stuart jj et al. early or late pregnancy loss and development of clinical cardiovascular disease risk factors: a prospective cohort study."
"What is hypertension and how do I know if I have it?","**Hypertension – Definition and How to Determine Whether You Have It**
---
Hypertension, or high blood pressure, is a chronic condition in which the force of blood against the arterial walls remains persistently elevated.  It is a leading modifiable risk factor for cardiovascular disease, stroke, chronic kidney disease, and heart failure.  Because most people with hypertension are asymptomatic, routine measurement and systematic confirmation are essential for diagnosis and management.
| Aspect | Guideline‑derived Information |
|--------|--------------------------------|
| **Definition** | Office systolic BP ≥ 140 mm Hg or diastolic BP ≥ 90 mm Hg, confirmed on repeated measurements.  Out‑of‑office thresholds are lower: 24‑h ambulatory BP ≥ 130/80 mm Hg, daytime ≥ 135/85 mm Hg, nighttime ≥ 120/70 mm Hg, and home BP ≥ 135/85 mm Hg. |
| **Measurement Strategy** | • Office BP should be measured in both arms, preferably simultaneously, with a validated oscillometric upper‑arm cuff.  • A single high reading (≥ 180/110 mm Hg) in the presence of cardiovascular disease can be diagnostic.  • Otherwise, 2–3 office visits spaced 1–4 weeks apart are required.  • When possible, confirm with out‑of‑office monitoring (home or ambulatory). |
| **White‑Coat & Masked Hypertension** | • White‑coat hypertension: elevated office BP only; out‑of‑office BP normal.  Occurs in 10–30 % of clinic patients.  • Masked hypertension: normal office BP but elevated out‑of‑office BP; occurs in 10–15 % of clinic patients.  • Both conditions require repeated office and out‑of‑office measurements for confirmation. |
| **Risk Factors & Symptoms** | • Personal history of CVD, diabetes, dyslipidemia, CKD, smoking, obesity, sedentary lifestyle, psychosocial stress, depression.  • Family history of hypertension or premature CVD.  • Symptoms that may suggest secondary hypertension include muscle weakness, cramps, arrhythmias, flash pulmonary edema, excessive sweating, frequent headaches, snoring, daytime sleepiness, thyroid‑related signs. |
| **Diagnostic Work‑up** | • Detailed medical and family history.  • Physical exam: pulse, jugular venous pressure, heart sounds, peripheral edema, bruits, abdominal exam, BMI, waist circumference.  • Basic labs: electrolytes, creatinine/ eGFR, fasting glucose, lipid profile, urine dipstick.  • ECG for arrhythmias, LVH, ischemia.  • Additional imaging (echocardiography, carotid ultrasound, renal imaging, fundoscopy) if organ damage or secondary causes are suspected. |
| **Clinical Implications** | • Hypertension is often silent; routine screening is essential.  • Confirmation with repeated office and out‑of‑office measurements prevents misclassification and unnecessary treatment.  • White‑coat hypertension carries intermediate cardiovascular risk; lifestyle modification and monitoring are recommended.  • Masked hypertension carries a risk similar to sustained hypertension; pharmacologic therapy is usually indicated.  • Early detection allows timely lifestyle changes and, if needed, medication to reduce long‑term organ damage and cardiovascular events. |
1. **Get Your Blood Pressure Measured**
* Ask your primary‑care clinician to measure your BP in both arms during a routine visit.
* If you have a home cuff, record at least two readings on separate days, ideally in the morning and evening, and average them.
2. **Confirm the Reading**
* If the office reading is ≥ 140/90 mm Hg, schedule a second visit within a month.
* If the reading is ≥ 180/110 mm Hg and you have known CVD, the diagnosis can be made immediately.
* If the first two readings are borderline (130–139 mm Hg systolic or 85–89 mm Hg diastolic), repeat a third visit.
3. **Consider Out‑of‑Office Monitoring**
* **Home BP monitoring**: Use a validated cuff; record at least two readings each morning and evening for three consecutive days.
* **Ambulatory BP monitoring (ABPM)**: If available, a 24‑h ABPM provides the most accurate assessment and can detect white‑coat or masked patterns.
4. **Look for Organ‑Damage Indicators**
* If you have LVH on ECG or echo, albuminuria, reduced eGFR, or retinopathy, these are signs of hypertension‑related organ damage and support a diagnosis even if office BP is borderline.
5. **Assess Risk Factors**
* Even if your BP is normal, a strong family history or multiple risk factors (e.g., obesity, diabetes) warrants regular monitoring.
- **Avoid Over‑ or Under‑treatment**: White‑coat hypertension may lead to unnecessary medication, while masked hypertension can remain untreated and cause organ damage.
- **Targeted Management**: Lifestyle modification (salt reduction, weight loss, exercise, smoking cessation) is first‑line therapy for all patients.  Pharmacologic treatment is added when BP remains ≥ 140/90 mm Hg or when out‑of‑office BP is elevated.
- **Monitoring for Secondary Causes**: A thorough history and targeted investigations help identify treatable secondary hypertension (renal artery stenosis, endocrine disorders, medication‑induced hypertension).
Hypertension is defined by persistently high arterial pressure, most commonly identified through repeated office measurements and confirmed with out‑of‑office monitoring.  Because the condition is usually asymptomatic, systematic screening—combined with a comprehensive history, physical exam, and basic laboratory tests—provides the most reliable diagnosis.  Early confirmation allows clinicians to tailor lifestyle interventions or pharmacologic therapy, thereby reducing the risk of cardiovascular events and organ damage.  If you suspect you may have high blood pressure, schedule a routine BP check and follow the guideline‑recommended confirmation steps to determine your true status.","**1. File 31 - [hypertension-practice-guidelines_extracted.pdf] - file_31_chunk_6_level_0**
white coat and masked hypertension * the use of office and out-of-office (home or ambulatory) bp measurements identifies individuals with white coat hypertension, who have elevated bp only in the office (nonelevated ambulatory or home bp), and those with masked hypertension, who have nonelevated bp in the office but elevated bp out of the office (ambulatory or home).1, 2, 17-21, 25-27 these conditions are common among both untreated subjects and those treated for hyperten-sion. about 10%-30% of subjects attending clinics due to high bp have white coat hypertension and 10%-15% have masked hypertension. * white coat hypertension: these subjects are at inter-mediate cardiovascular risk between normotensives and sustained hypertensives. the diagnosis needs confirma-tion with repeated office and out-of-office bp measure-ments. if their total cardiovascular risk is low and there is no hypertension-mediated organ damage (hmod), drug treatment may not be prescribed. however, they should be followed with lifestyle modification, as they may develop sustained hypertension requiring drug treatment.1, 2, 17-21, 25-27 * masked hypertension: these patients are at similar risk of cardiovascular events as sustained hypertensives. the diagnosis needs confirmation with repeated office and out-of-office measurements. masked hypertension may require drug treatment aiming to normalize out-of-office bp.1, 2, 17-21, 25-27 section 4: diagnostic / clinical tests medical history patients with hypertension are often asymptomatic, how-ever specific symptoms can suggest secondary hyperten-sion or hypertensive complications that require further investigation. a complete medical and family history is recommended and should include1: table 4. blood pressure measurement plan according to office blood pressure levels office blood pressure levels (mm hg) <130/85 130-159/85-99 >160/100 remeasure within 3 years (1 year in those with other risk factors) if possible confirm with out-of-office blood pressure measurement (high possibility of white coat or masked hypertension). alternatively confirm with repeated office visits. confirm within a few days or weeks table 5. clinical use of home and ambulatory blood pressure (bp) monitoring home blood pressure monitoring 24-hour ambulatory blood pressure monitoring condition as for office blood pressure (see above). routine working day. position as for office bp (see above). avoid strenuous activity. arm still and relaxed during each measurement. device validated electronic (oscillometric) upper-arm cuff device (and section 11: resources) cuff size according to the individual's arm circumference measurement protocol before each visit to the health professional: * 3-7-day monitoring in the morning (before drug intake if treated) and the evening. * two measurements on each occasion after 5 min sitting rest and 1 min between measurements. long-term follow-up of treated hypertension: * 1-2 measurements per week or month. * 24-hour monitoring at 15-30 min intervals during daytime and nighttime. * at least 20 valid daytime and 7 nighttime bp readings are required. if less, the test should be repeated. interpretation * average home blood pressure after excluding readings of the first day >135 or 85 mm hg indicates hypertension. * 24-hour ambulatory blood pressure >130/80 mm hg indicates hypertension (primary criterion). * daytime (awake) ambulatory blood pressure >135/85 mm hg and nighttime (asleep) >120/70 mm hg indicates hypertension downloaded from by on september 10, 2025 unger et al 2020 ish global hypertension practice guidelines 1339 * blood pressure: new onset hypertension, duration, previous bp levels, current and previous antihyper-tensive medication, other medications/over-the coun-ter medicines that can influence bp, history of intol-erance (side-effects) of antihypertensive medications, adherence to antihypertensive treatment, previous hy-pertension with oral contraceptives or pregnancy. * risk factors: personal history of cvd (myocardial infarction, heart failure [hf], stroke, transient ische-mic attacks [tia], diabetes, dyslipidemia, chronic kidney disease [ckd], smoking status, diet, alcohol intake, physical activity, psychosocial aspects, his-tory of depression). family history of hypertension, premature cvd, (familial) hypercholesterolemia, diabetes. * assessment of overall cardiovascular risk: in line with local guidelines/recommendations (see risk scores in section 11 at the end of the document). * symptoms/signs of hypertension/coexistent ill-nesses: chest pain, shortness of breath, palpitations, claudication, peripheral edema, headaches, blurred vision, nocturia, hematuria, dizziness.

**2. File 31 - [hypertension-practice-guidelines_extracted.pdf] - file_31_chunk_7_level_0**
* risk factors: personal history of cvd (myocardial infarction, heart failure [hf], stroke, transient ische-mic attacks [tia], diabetes, dyslipidemia, chronic kidney disease [ckd], smoking status, diet, alcohol intake, physical activity, psychosocial aspects, his-tory of depression). family history of hypertension, premature cvd, (familial) hypercholesterolemia, diabetes. * assessment of overall cardiovascular risk: in line with local guidelines/recommendations (see risk scores in section 11 at the end of the document). * symptoms/signs of hypertension/coexistent ill-nesses: chest pain, shortness of breath, palpitations, claudication, peripheral edema, headaches, blurred vision, nocturia, hematuria, dizziness. * symptoms suggestive of secondary hypertension: muscle weakness/tetany, cramps, arrhythmias (hy-pokalemia/primary aldosteronism), flash pulmonary edema (renal artery stenosis), sweating, palpitations, frequent headaches (pheochromocytoma), snoring, daytime sleepiness (obstructive sleep apnea), symp-toms suggestive of thyroid disease (see section 10 for full list of symptoms). physical examination a thorough physical examination can assist with confirm-ing the diagnosis of hypertension and the identification of hmod and/or secondary hypertension and should include: * circulation and heart: pulse rate/rhythm/character, jugular venous pulse/pressure, apex beat, extra heart sounds, basal crackles, peripheral edema, bruits (ca-rotid, abdominal, femoral), radio-femoral delay. * other organs/systems: enlarged kidneys, neck cir-cumference >40 cm (obstructive sleep apnea), en-larged thyroid, increased body mass index (bmi)/ waist circumference, fatty deposits and coloured striae (cushing disease/syndrome). laboratory investigations and ecg * blood tests: sodium, potassium, serum creatinine and estimated glomerular filtration rate (egfr). if a-vailable, lipid profile and fasting glucose. * urine test: dipstick urine test. * 12-lead ecg: detection of atrial fibrillation, left ven-tricular hypertrophy (lvh), ischemic heart disease. additional diagnostic tests additional investigations when indicated can be undertaken to assess and confirm suspicion of hmod, coexistent dis-eases or/and secondary hypertension. imaging techniques * echocardiography: lvh, systolic/diastolic dysfunc-tion, atrial dilation, aortic coarctation. * carotid ultrasound: plaques (atherosclerosis), stenosis. * kidneys/renal artery and adrenal imaging: ultrasound/renal artery duplex; ct-/mr-angiography: renal parenchymal disease, renal artery stenosis, adre-nal lesions, other abdominal pathology. * fundoscopy: retinal changes, hemorrhages, papill-edema, tortuosity, nipping. * brain ct/mri: ischemic or hemorrhagic brain in-jury due to hypertension. functional tests and additional laboratory investigations * ankle-brachial index: peripheral (lower extremity) artery disease. * further testing for secondary hypertension if sus-pected: aldosterone-renin ratio, plasma free meta-nephrines, late-night salivary cortisol or other screen-ing tests for cortisol excess. * urinary albumin/creatinine ratio * serum uric acid (s-ua) levels * liver function tests section 5: cardiovascular risk factors diagnostic approach * more than 50% of hypertensive patients have additional cardiovascular risk factors.28, 29 * the most common additional risk factors are diabetes (15%-20%), lipid disorders (elevated low-density lipopro-tein-cholesterol [ldl-c] and triglycerides [30%]), over-weight-obesity (40%), hyperuricemia (25%) and metabolic syndrome (40%), as well as unhealthy lifestyle habits (eg, smoking, high alcohol intake, sedentary lifestyle).28-30 * the presence of one or more additional cardiovascular risk factors proportionally increases the risk of coro-nary, cerebrovascular, and renal diseases in hypertensive patients.1 * an evaluation of additional risk factors should be part of the diagnostic workup in hypertensive pa-tients particularly in the presence of a family history of cvd.

**3. File 31 - [hypertension-practice-guidelines_extracted.pdf] - file_31_summary_4_part_0_level_1**
white coat hypertension occurs in 10-30% of clinic patients and masked hypertension in 10-15%, both requiring confirmation with repeated office and out-of-office blood pressure measurements; white coat patients have intermediate cardiovascular risk while masked patients have risk similar to sustained hypertension. diagnosis relies on office blood pressure thresholds (<130/85, 130-159/85-99, >160/100) with re-measurement or out-of-office monitoring, and home or 24-hour ambulatory blood pressure monitoring uses validated oscillometric upper-arm devices with specific criteria (home ≥135/85, 24-hour ≥130/80, daytime ≥135/85, nighttime ≥120/70) to define hypertension. first-line management is lifestyle modification (salt reduction, diet, exercise, weight control, alcohol moderation, smoking cessation) followed by pharmacologic therapy when blood pressure ≥140/90, aiming for <130/80 (or <140/80 in elderly), with adherence strategies such as single-pill combinations, once-daily dosing, and home monitoring emphasized. common comorbidities (coronary artery disease, stroke, heart failure, chronic kidney disease) require integrated treatment including blood pressure control, lipid lowering, antiplatelet therapy, and specific drug classes (ras blockers, beta-blockers, diuretics, mineralocorticoid-receptor antagonists) tailored to each condition.

**4. File 31 - [hypertension-practice-guidelines_extracted.pdf] - file_31_chunk_0_level_0**
1334 table of contents section 1. introduction section 2. definition of hypertension 1336 section 3. blood pressure measurement and diagnosis of hypertension section 4. diagnostic and clinical tests 1337 section 5. cardiovascular risk factors 1339 section 6. hypertension-mediated organ damage 1340 section 7. exacerbators and inducers of hypertension 1341 section 8. treatment of hypertension 1341 8.1 lifestyle modification 1341 8.2 pharmacological treatment 1341 8.3 adherence to antihypertensive treatment 1341 section 9. common and other comorbidities of hypertension 1342 section 10. specific circumstances 1346 10.1 resistant hypertension 1346 10.2 secondary hypertension 1346 10.3 hypertension in pregnancy 1347 10.4 hypertensive emergencies 1348 10.5 ethnicity, race and hypertension 1350 section 11. resources 1350 section 12. hypertension management at a glance 1352 acknowledgments 1354 references 1354 section 1: introduction context and purpose of this guideline statement of remit to align with its mission to reduce the global burden of raised blood pressure (bp), the international society of hypertension (ish) has developed worldwide practice guidelines for the management of hypertension in adults, aged 18 years and older. the ish guidelines committee extracted evidence-based content presented in recently published extensively reviewed guidelines and tailored and standards of care in a practical format that is easy-to-use particularly in low, but also in high resource settings-by clinicians, but also nurses and community health workers, as appropriate. although distinction between low and high resource settings often refers to high (hic) and low-and middle-income coun-tries (lmic), it is well established that in hic there are areas with low resource settings, and vice versa. herein optimal care refers to evidence-based standard of care articulated in recent guidelines1, 2 and summarized here, whereas standards recognize that standards would not always be possible. hence essential stan-dards refer to minimum standards of care. to allow specifica-tion of essential standards of care for low resource settings, the committee was often confronted with the limitation or absence in clinical evidence, and thus applied expert opinion. received march 6, 2020; first decision march 16, 2020; revision accepted march 27, 2020.

**5. File 31 - [hypertension-practice-guidelines_extracted.pdf] - file_31_summary_0_part_0_level_1**
the 2020 ish global hypertension practice guidelines were developed to provide a concise, evidence-based framework for diagnosing and managing hypertension worldwide, with specific recommendations for low- and high-resource settings and no industry support. the guidelines define hypertension as office systolic ≥140 mm hg or diastolic ≥90 mm hg, with additional thresholds for ambulatory and home measurements, and classify blood pressure into normal, high-normal, grade 1, and grade 2 categories to guide therapy. diagnosis should be confirmed with 2–3 office visits or out-of-office measurements unless systolic ≥180 or diastolic ≥110 mm hg with cardiovascular disease evidence, and isolated systolic hypertension (≥140/ <90) is common in young and elderly patients. the committee, composed of ish council members and external reviewers from high- and low-income countries, critically reviewed the guidelines to ensure global applicability and alignment with therapeutic approaches.

**6. File 31 - [hypertension-practice-guidelines_extracted.pdf] - file_31_chunk_4_level_0**
in both low and high-income regions, the ambiguities of latest guide-lines are often met with confusion among healthcare pro-viders, anxiety among patients, 14 and they resulted in a call for global harmonization.15 guidelines from high-income regions may thus not fit global purpose.16 guideline development process the 2020 ish global hypertension practice guidelines were developed by the ish hypertension guidelines committee based on evidence criteria, to be used globally; to be fit for application in low and high resource settings by advis-ing on essential and optimal standards; and to be concise, simplified, and easy to use. they were critically reviewed and evaluated by numerous external hypertension experts from hic and lmic with expertize in the optimal management of hypertension and management in resource-constraint settings. these guidelines were developed without any support from industry or other sources. composition of the ish hypertension guidelines committee and selection of external reviewers the ish hypertension guidelines committee was composed of members of the ish council; they were included on the basis of specific expertize in different areas of hyperten-sion; previous experience with the generation of hyper-tension guidelines, as well as representation of different regions of the world. a similar strategy was followed con-cerning the selection of external reviewers with particular consideration of representatives from lmics. section 2: definition of hypertension * in accordance with most major guidelines it is rec-ommended that hypertension be diagnosed when a person's systolic blood pressure (sbp) in the office or clinic is >140 mm hg and/or their diastolic blood pressure (dbp) is >90 mm hg following repeated examination (see below, section 3). table 1 provides a classification of bp based on office bp measure-ment, table 2 provides ambulatory and home bp values used to define hypertension; these definitions apply to all adults (>18 year old). these bp cate-gories are designed to align therapeutic approaches with bp levels. * high-normal bp is intended to identify individuals who could benefit from lifestyle interventions and who would receive pharmacological treatment if compelling indications are present (see section 9). * isolated systolic hypertension defined as elevated sbp (>140 mm hg) and low dbp (<90 mm hg) is common in young and in elderly people. in young individuals, including children, adolescents and young adults, iso-lated systolic hypertension is the most common form of essential hypertension. however, it is also particularly common in the elderly, in whom it reflects stiffening of the large arteries with an increase in pulse pressure (dif-ference between sbp and dbp). * individuals identified with confirmed hypertension (grade 1 and grade 2) should receive appropriate phar-macological treatment. * details of home-, office-and ambulatory bp measure-ment techniques are addressed in section 3. section 3: blood pressure measurement and diagnosis of hypertension hypertension diagnosis-office bp measurement * the measurement of bp in the office or clinic is most commonly the basis for hypertension diagno-sis and follow-up. office bp should be measured ac-cording to recommendations shown in table 3 and figure 1.1, 2, 17, 18 * whenever possible, the diagnosis should not be made on a single office visit. usually 2-3 office visits at 1-4-week intervals (depending on the bp level) are required to confirm the diagnosis of hypertension. the diagnosis might be made on a single visit, if bp is >180/110 mm hg and there is evidence of cardio-vascular disease (cvd).1, 2, 17, 18 * the recommended patient management according to office bp levels is presented in table 4. * if possible and available, the diagnosis of hyperten-sion should be confirmed by out-of-office bp meas-urement (see below).1, 2, 19-21 table 1. classification of hypertension based on office blood pressure (bp) measurement category systolic (mm hg) diastolic (mm hg) normal bp <130 and <85 high-normal bp 130-139 and/or 85-89 grade 1 hypertension 140-159 and/or 90-99 grade 2 hypertension >160 and/or >100 table 2. criteria for hypertension based on office-, ambulatory (abpm)-, and home blood pressure (hbpm) measurement sbp/dbp, mm hg office bp >140 and/or >90 abpm 24-h average >130 and/or >80 day time (or awake) average >135 and/or >85 night time (or asleep) average >120 and/or >70 hbpm >135 and/or >85 downloaded from by on september 10, 2025 unger et al 2020 ish global hypertension practice guidelines 1337 hypertension diagnosis-office blood pressure measurement * initial evaluation: measure bp in both arms, prefer-ably simultaneously.

**7. File 31 - [hypertension-practice-guidelines_extracted.pdf] - file_31_chunk_25_level_0**
stride bp: an international initiative for ac-curate blood pressure measurement. j hypertens. 2019; 38: 395-399 23. stergiou gs, kyriakoulis kg, kollias a. office blood pressure measure-ment types: different methodology-different clinical conclusions. j clin hypertens. 2018; 20: 1683-1685.24. myers mg, asmar r, staessen ja. office blood pressure measurement in the 21st century. j clin hypertens. 2018; 20: 1104-1107.25. mancia g, facchetti r, bombelli m, grassi g, sega r. long-term risk of mortality associated with selective and combined elevation in office, home, and ambulatory blood pressure. hypertension. 2006; 47: 846-853.26. stergiou gs, asayama k, thijs l, kollias a, niiranen tj, hozawa a, boggia j, johansson jk, ohkubo t, tsuji i, jula am, imai y, staessen ja, international database on home blood pressure in rela-tion to cardiovascular outcome (idhoco) investigators. prognosis of white-coat and masked hypertension: international database of home blood pressure in relation to cardiovascular outcome. hypertension. 2014; 63: 675-682.27. asayama k, thijs l, li y, gu ym, hara a, liu yp, zhang z, wei ff, lujambio i, mena lj, et al; international database on ambulatory blood pressure in relation to cardiovascular outcomes (idaco) investigators. setting thresholds to varying blood pressure monitoring intervals differ-entially affects risk estimates associated with white-coat and masked hy-pertension in the population. hypertension. 2014; 64: 935-942 28. lopez ad, mathers cd, ezzati m, jamison dt, murray cj. global and regional burden of disease and risk factors, 2001: systematic analysis of population health data. lancet. 2006; 367: 1747-1757.29. tunstall-pedoel h, chen r, kramarz p. prevalence of individuals with both raised blood pressure and raised cholesterol in who monica downloaded from by on september 10, 2025 unger et al 2020 ish global hypertension practice guidelines 1355 project population surveys 1989-1997. eur heart j. 2004; 25(suppl 1): 234.30. neaton jd, wentworth d. serum cholesterol, blood pressure, cigarette smoking, and death from coronary heart disease. overall findings and dif-ferences by age for 316, 099 white men. multiple risk factor intervention trial research group. arch intern med. 1992; 152: 56-64.31. rossi gp, seccia tm, maniero c, pessina ac. drug-related hypertension and resistance to antihypertensive treatment: a call for action. j hypertens. 2011; 29: 2295-2309.32. aw t-j, haas sj, liew d, krum h. meta-analysis of cyclooxygenase-2 inhibitors and their effects on blood pressure. arch of intern med. 2005; 165: 490-496.33. chasan-taber l, willett wc, manson je, spiegelman d, hunter dj, curhan g, colditz ga, stampfer mj. prospective study of oral contracep-tives and hypertension among women in the united states. circulation. 1996; 94: 483-489.34. grossman e, messerli fh. drug-induced hypertension: an unappreciated cause of secondary hypertension. am j med. 2012; 125: 14-22.35. robert n, wong gw, wright jm. effect of cyclosporine on blood pres-sure. cochrane database syst rev. 2010; cd007893.36. salerno sm, jackson jl, berbano ep. effect of oral pseudoephedrine on blood pressure and heart rate: a meta-analysis. arch intern med. 2005; 165: 1686-1694.37. licht cm, de geus ej, seldenrijk a, van hout hp, zitman fg, van dyck r, penninx bw. depression is associated with decreased blood pressure, but antidepressant use increases the risk for hypertension. hypertension.

**8. File 31 - [hypertension-practice-guidelines_extracted.pdf] - file_31_chunk_10_level_0**
* screen all patients (with hypertension and those at risk for hypertension) for substances that may in-crease bp or interfere with the bp-lowering effect of antihypertensive medications. * where appropriate, consider reducing or eliminating substances that raise bp. if these substances are re-quired or preferred, then treat bp to target regardless. (see resource31 on possible antihypertensive therapies that target mechanisms underlying the raised bp in-duced by these substances). section 8: treatment of hypertension 8.1 lifestyle modifications healthy lifestyle choices can prevent or delay the onset of high bp and can reduce cardiovascular risk.46 lifestyle mod-ification is also the first line of antihypertensive treatment. modifications in lifestyle can also enhance the effects of antihypertensive treatment. lifestyle modifications should in-clude the following (table 8).47-64 seasonal bp variation65 bp exhibits seasonal variation with lower levels at higher temper-atures and higher at lower temperatures. similar changes occur in people traveling from places with cold to hot temperature, or the reverse. a meta-analysis showed average bp decline in sum-mer of 5/3 mm hg (systolic/diastolic). bp changes are larger in treated hypertensives and should be considered when symptoms suggesting over-treatment appear with temperature rise, or bp is increased during cold weather. bp below the recommended goal should be considered for possible downtitration, particularly if there are symptoms suggesting overtreatment. 8.2 pharmacological treatment contemporary data from over 100 countries66, 67 suggest that on average, less than 50% of adults with hypertension receive bp-lowering medication, with few countries performing bet-ter than this and many worse. this is despite the fact that a difference in bp of 20/10 mm hg is associated with a 50% difference in cardiovascular risk.68 the pharmacological treatment strategies recommended here (figures 2-4) are largely compatible with those made in the most recent us2 and european guidelines.1, 8 8.3 adherence to antihypertensive treatment background adherence is defined as to the extent to which a person's behav-iors such as taking a medication, following a diet or executing lifestyle changes corresponds with agreed recommendations from a healthcare provider.74 nonadherence to antihypertensive treatment affects 10%-80% of hypertensive patients and is one of the key drivers of suboptimal bp control.75-77 poor adherence to antihypertensive treatment correlates with the magnitude of bp elevation and is an indicator of poor prognosis in hyperten-sive patients.78-81 the etiology of nonadherence to antihyperten-sive treatment is multifactorial and includes causes associated with the healthcare system, pharmacological therapy, the di-sease, patients and their socioeconomic status.74 table 7. drug/substance exacerbators and inducers of hypertension drug/substance32-43 comments on specific drugs and substances* nonsteroidal anti-inflammatory drugs (nsaids) no difference or an increase of up to 3/1 mm hg with celecoxib 3/1 mm hg increase with nonselective nsaids no increase in blood pressure with aspirin nsaids can antagonize the effects of raas-inhibitors and beta blockers combined oral contraceptive pill 6/3 mm hg increase with high doses of estrogen (>50 mcg of estrogen and 1-4 mcg progestin) antidepressants 2/1 mm hg increase with snri (selective norepinephrine and serotonin reuptake inhibitors) increased odds ratio of 3.19 of hypertension with tricyclic antidepressant use no increases in blood pressure with ssri (selective serotonin reuptake inhibitors) acetaminophen increased relative risk of 1.34 of hypertension with almost daily acetaminophen use other medications steroids antiretroviral therapy: inconsistent study findings for increased blood pressure sympathomimetics: pseudoephedrine, cocaine, amphetamines antimigraine serotonergics recombinant human erythropoeitin calcineurin inhibitors antiangiogenesis and kinase inhibitors 11 ss-hydroxysteroid dehydrogenase type 2 inhibitors herbal and other substances44-45 alcohol, ma-huang, ginseng at high doses, liquorice, st. john's wort, yohimbine *average increase in blood pressure or risk of hypertension. however, the effect of these medications/ substances on blood pressure may highly vary between individuals. downloaded from by on september 10, 2025 1342 hypertension june 2020 table 8. lifestyle modifications salt reduction there is strong evidence for a relationship between high salt intake and increased blood pressure.47 reduce salt added when preparing foods, and at the table.

**9. File 31 - [hypertension-practice-guidelines_extracted.pdf] - file_31_chunk_12_level_0**
treatments should be well-tolerated. 5. evidence of benefits of use of the medication in populations to which it is to be applied. figure 3. office blood pressure targets for treated hypertension. figure 4. ish core drug-treatment strategy. data from references 69-73. ideal characteristics of drug treatment (see table 9). downloaded from by on september 10, 2025 1344 hypertension june 2020 recommendations: adherence to antihypertensive therapy * evaluate adherence to antihypertensive treatment as appropriate at each visit and prior to escalation of an-tihypertensive treatment. * consider the following strategies to improve medica-tion adherence82-87 a. reducing polypharmacy-use of single pill combinations b. once-daily dosing over multiple times per day dosing c. linking adherence behavior with daily habits d. providing adherence feedback to patients e. home bp monitoring f. reminder packaging of medications g. empowerment-based counseling for self-management h. electronic adherence aids such as mobile phones or short messages services i. multidisciplinary healthcare team approach (ie, pharmacists) to improve monitoring for adherence * objective indirect (ie, review of pharmacy records, pill counting, electronic monitoring devices) and di-rect (ie, witnessed intake of medications, biochemical detection of medications in urine or blood) are gen-erally preferred over subjective methods to diagnose nonadherence to antihypertensive treatment.80, 85 * the most effective methods for management of non-adherence require complex interventions that com-bine counseling, self-monitoring, reinforcements and supervision. section 9: common and other comorbidities and complications of hypertension background * hypertensive patients have several common and other comorbidities that can affect cardiovascular risk and treatment strategies. * the number of comorbidities increases with age, with the prevalence of hypertension and other diseases. * common comorbidities include coronary artery disease (cad), stroke, ckd, hf, and copd. * uncommon comorbidities include rheumatic diseases and psychiatric diseases. * uncommon comorbidities are largely underestimated by guidelines and frequently treated with drugs often self-prescribed and possibly interfering with bp control. * common and uncommon comorbidities should be iden-tified and managed according to available evidence. common comorbidities and complications hypertension and coronary artery disease (cad) * a strong epidemiological interaction exists between cad and hypertension that accounts for 25%-30% of acute myocardial infarctions.88 * lifestyle changes are recommended (smoking cessation, diet and exercise). * bp should be lowered if >140/90 mm hg and treated to a target <130/80 mm hg (<140/80 in elderly patients). * ras blockers, beta-blockers irrespective of bp levels with or without calcium channel blockers (ccbs) are first-line drugs in hypertensive patients.1 * lipid-lowering treatment with an ldl-c target <55 mg/ dl (1.4 mmol/l).89 * antiplatelet treatment with acetyl salicylic acid is rou-tinely recommended.1 hypertension and previous stroke * hypertension is the most important risk factor for ische-mic or hemorrhagic stroke.90 * stroke can be largely prevented by bp control. * bp should be lowered if >140/90 mm hg and treated to a target <130/80 mm hg (<140/80 in elderly patients).1 * ras blockers, ccbs, and diuretics are first-line drugs.1 * lipid-lowering treatment is mandatory with a ldl-c target <70 mg/dl (1.8 mmol/l) in ischemic stroke.1 * antiplatelet treatment is routinely recommended for is-chemic stroke, but not hemorrhagic stroke, and should be carefully considered in patients with hemorrhagic stroke only in the presence of a strong indication.1 hypertension and heart failure (hf) * hypertension is a risk factor for the development of hf with reduced ejection fraction (hfref), and with pre-served ejection fraction (hfpef). clinical outcome is worse and mortality is increased in hypertensive patients with hf.2 * lifestyle changes are recommended (diet and exercise). * treating hypertension has a major impact on reduc-ing the risk of incident hf and hf hospitalization. bp should be lowered if >140/90 mm hg and treated to a target <130/80 mm hg but >120/70 mm hg. * ras blockers, beta-blockers, and mineralocorticoid re-ceptor antagonists are all effective in improving clinical outcome in patients with established hfref, whereas for diuretics, evidence is limited to symptomatic improve-ment.1 ccbs are indicated on in case of poor bp control."
"Does diabetes affect heart health?","**Brief Introduction**
Diabetes mellitus, particularly type 2, is a well‑established risk factor for a broad spectrum of cardiac disorders. The disease process involves metabolic, inflammatory, and neuro‑humoral pathways that damage the myocardium, vasculature, and autonomic regulation of the heart. Recent imaging and interventional studies have clarified how these mechanisms translate into clinically relevant outcomes such as heart failure with preserved ejection fraction (HFpEF), silent ischemia, and increased cardiovascular mortality.
---
| Domain | Evidence from the Hierarchical Context | Clinical Relevance |
|--------|----------------------------------------|--------------------|
| **Subclinical myocardial dysfunction** | Level‑2 summary notes that asymptomatic type 2 patients show myocardial strain abnormalities and autonomic dysfunction that predict HFpEF. Multiple level‑0 studies (e.g., speckle‑tracking imaging, myocardial steatosis) confirm impaired radial and longitudinal strain in otherwise healthy diabetics. | Early myocardial remodeling can be detected before symptoms arise, providing a window for preventive therapy. |
| **Autonomic neuropathy & arterial stiffness** | Level‑1 summaries highlight diabetic cardiovascular autonomic neuropathy (DCAN) as a risk factor for arterial stiffness and silent ischemia. Level‑0 references describe how autonomic dysfunction correlates with long‑term arterial stiffness markers. | DCAN screening (e.g., heart‑rate variability, tilt testing) can identify patients at higher risk for adverse events. |
| **Inflammation & endothelial dysfunction** | Level‑1 summary 1 cites elevated CRP, cytokines, and endothelial dysfunction as central to atherosclerosis in diabetes. Level‑0 sources discuss insulin resistance raising free fatty acids, triglycerides, and LDL, further promoting vascular injury. | Anti‑inflammatory strategies and aggressive lipid control are integral to cardiovascular risk reduction. |
| **Macrovascular outcomes** | Randomized trials (ACCORD, Look‑Ahead, bariatric surgery) reported in the level‑2 summary show that intensive glucose control, weight loss pharmacotherapy, and lifestyle modification reduce cardiovascular risk. Lipid‑lowering agents and blood‑pressure management improve macrovascular outcomes. | Multifactorial therapy—glycemic, lipid, and blood‑pressure targets—offers the best protection against major adverse cardiac events. |
| **Micro‑ vs. macro‑vascular effects of glycemic control** | Level‑1 summary 2 notes that intensive glycemic control lowers micro‑vascular complications but does not consistently reduce myocardial infarction or mortality and may increase hypoglycemia (ACC, ADVANCE, VADT trials). | Clinicians must balance tight glucose targets with hypoglycemia risk, especially in older or comorbid patients. |
| **Silent ischemia & heart failure** | Level‑0 chunk 16 lists studies showing silent myocardial ischemia is common in diabetics and that diabetes worsens prognosis in HFpEF. | Routine cardiac evaluation (e.g., stress testing, imaging) may be warranted even in asymptomatic patients. |
1. **Early Detection**
- Use echocardiographic strain imaging to uncover subclinical myocardial dysfunction in asymptomatic type 2 patients.
- Screen for DCAN with heart‑rate variability or autonomic reflex tests; consider arterial stiffness assessment (pulse wave velocity).
2. **Risk‑Factor Modification**
- **Glycemic control**: Aim for individualized HbA1c targets; avoid overly aggressive lowering that increases hypoglycemia.
- **Blood‑pressure management**: Target <130/80 mmHg in most patients, using agents that also confer cardiac protection (e.g., ACE inhibitors, ARBs).
- **Lipid control**: Statins or other LDL‑lowering therapies should be initiated early, especially in those with additional risk factors.
3. **Lifestyle & Weight Management**
- Structured exercise and dietary counseling reduce cardiovascular risk, as shown by Look‑Ahead and bariatric surgery trials.
- Pharmacologic weight‑loss agents (e.g., lorcaserin) can complement lifestyle changes.
4. **Pharmacologic Strategies**
- Consider agents that address multiple pathways: SGLT2 inhibitors and GLP‑1 receptor agonists have demonstrated cardiovascular benefit beyond glucose lowering.
- Monitor for hypoglycemia when using insulin or sulfonylureas, particularly in patients with autonomic neuropathy.
5. **Monitoring & Follow‑Up**
- Periodic reassessment of cardiac function (strain imaging, ECG, biomarkers) is advisable, especially after major therapeutic changes.
- Evaluate for silent ischemia in high‑risk patients (e.g., those with DCAN or significant arterial stiffness).
Diabetes mellitus exerts a profound impact on heart health through a constellation of metabolic, inflammatory, and neuro‑humoral mechanisms. Evidence from imaging studies, autonomic testing, and large randomized trials consistently shows that diabetic patients are at increased risk for subclinical myocardial dysfunction, heart failure with preserved ejection fraction, silent ischemia, and macrovascular events. While intensive glycemic control alone does not uniformly reduce major cardiovascular outcomes, a comprehensive, multifactorial approach—combining individualized glucose targets, aggressive blood‑pressure and lipid management, lifestyle modification, and early cardiac screening—offers the best strategy to mitigate cardiovascular morbidity and mortality in this population.","**1. File 20 - [Diabetes and cardiovascular disease_extracted.pdf] - file_20_summary_2_part_0_level_2**
studies show that asymptomatic type 2 diabetes patients exhibit subclinical myocardial strain abnormalities and autonomic dysfunction that predict heart failure with preserved ejection fraction, linking glycaemic control, platelet dysfunction, and endothelial activation to arterial stiffness and silent ischemia. randomized trials such as accord, look ahead, and bariatric surgery demonstrate that intensive glucose control, weight loss pharmacotherapy, and lifestyle modification reduce cardiovascular risk, while lipid-lowering agents and blood-pressure management improve macrovascular outcomes. the evidence underscores the importance of early detection, risk-factor modification, and targeted pharmacologic strategies to mitigate the multifactorial cardiovascular burden of diabetes, driven by chronic inflammation, insulin signaling dysregulation, lipotoxicity, and neurohumoral activation.

**2. File 20 - [Diabetes and cardiovascular disease_extracted.pdf] - file_20_chunk_16_level_0**
myocardial steatosis and biventricular strain and strain rate imaging in patients with type 2 diabetes mellitus. circulation 2010; 122: 2538-2544 43 ng ac, delgado v, bertini m, van der meer rw, rijzewijk lj, shanks m, nucifora g, smit jw, diamant m, romijn ja, de roos a, leung dy, lamb hj, bax jj. findings from left ventricular strain and strain rate imaging in asymptomatic patients with type 2 diabetes mellitus. am j cardiol 2009; 104: 1398-1401 44 ernande l, rietzschel er, bergerot c, de buyzere ml, schnell f, groisne l, ovize m, croisille p, moulin p, gillebert tc, derumeaux g. impaired myocardial radial function in asymptomatic patients with type 2 diabetes mellitus: a speckle-tracking imaging study. j am soc echocardiogr 2010; 23: 1266-1272 45 scognamiglio r, avogaro a, casara d, crepaldi c, marin m, palisi m, mingardi r, erle g, fasoli g, dalla volta s. myocardial dysfunction and adrenergic cardiac innervation in patients with insulin-dependent diabetes mellitus. j am coll cardiol 1998; 31: 404-412 46 regan tj, lyons mm, ahmed ss, levinson ge, oldewurtel ha, ahmad mr, haider b. evidence for cardiomyopathy in familial diabetes mellitus. j clin invest 1977; 60: 884-899 47 tribouilloy c, rusinaru d, mahjoub h, tartiere jm, kesri-tartiere l, godard s, peltier m. prognostic impact of diabetes mellitus in patients with heart failure and preserved ejection fraction: a prospective five-year study. heart 2008; 94: 1450-1455 48 magri cj, cassar a, fava s, felice h. heart failure with preserved ejection fraction and diabetes mellitus. j diab res clin met 2012; 1: 2 49 from am, leibson cl, bursi f, redfield mm, weston sa, jacobsen sj, rodeheffer rj, roger vl. diabetes in heart failure: prevalence and impact on outcome in the population. am j med 2006; 119: 591-599 50 dei cas a, khan ss, butler j, mentz rj, bonow ro, avogaro a, tschoepe d, doehner w, greene sj, senni m, gheorghiade m, fonarow gc. impact of diabetes on epidemiology, treatment, and outcomes of patients with heart failure. jacc heart fail 2015; 3: 136-145 51 rolim lc, sa jrd, chacra ar, dib sa. neuropatia autonomica cardiovascular diabetica: fatores de risco, impacto clinico e diagnostico precoce. arq bras cardiol 2008; 90: e24-e32 52 rolim lc, sa jr, chacra ar, dib sa. diabetic cardiovascular autonomic neuropathy: risk factors, clinical impact and early diagnosis. arq bras cardiol 2008; 90: e24-e31 53 prince ct, secrest am, mackey rh, arena vc, kingsley la, orchard tj. cardiovascular autonomic neuropathy, hdl cholesterol, and smoking correlate with arterial stiffness markers determined 18 years later in type 1 diabetes. diabetes care 2010; 33: 652-657 54 vinik ai, ziegler d. diabetic cardiovascular autonomic neuropathy. circulation 2007; 115: 387-397 55 kannel wb, mcgee dl. diabetes and cardiovascular disease. the framingham study. jama 1979; 241: 2035-2038 56 fuller jh, shipley mj, rose g, jarrett rj, keen h. mortality from coronary heart disease and stroke in relation to degree of glycaemia: the whitehall study. br med j (clin res ed) 1983; 287: 867-870 57 haffner sm. coronary heart disease in patients with diabetes.

**3. File 20 - [Diabetes and cardiovascular disease_extracted.pdf] - file_20_chunk_13_level_0**
references 1 wild s, roglic g, green a, sicree r, king h. global prevalence of diabetes: estimates for the year 2000 and projections for 2030. diabetes care 2004; 27: 1047-1053 2 aguiree f, brown a, cho nh, dahlquist g, dodd s, dunning t, hirst m, hwang c, magliano d, patterson c. idf diabetes atlas. 2013 3 bahia lr, araujo dv, schaan bd, dib sa, negrato ca, leao mp, ramos aj, forti ac, gomes mb, foss mc, monteiro ra, sartorelli d, franco lj. the costs of type 2 diabetes mellitus outpatient care in the brazilian public health system. value health 2011; 14: s137-s140 4 american diabetes association. economic costs of diabetes in the u.s. in 2007. diabetes care 2008; 31: 596-615 5 matheus as, tannus lr, cobas ra, palma cc, negrato ca, gomes mb. impact of diabetes on cardiovascular disease: an update. int j hypertens 2013; 2013: 653789 6 centers for disease control and prevention. national diabetes statistics report: estimates of diabetes and its burden in the united states, 2014. atlanta, ga: us department of health and human services, 2014 7 rivellese aa, riccardi g, vaccaro o. cardiovascular risk in women with diabetes. nutr metab cardiovasc dis 2010; 20: 474-480 8 li yw, aronow ws. diabetes mellitus and cardiovascular disease. leon bm et al. diabetes and cardiovascular disease review 1255 october 10, 2015|volume 6|issue 13| wjd| j clinic experiment cardiol 2011; 2: 2 9 duncan bb, schmidt mi, pankow js, ballantyne cm, couper d, vigo a, hoogeveen r, folsom ar, heiss g; atherosclerosis risk in communities study. low-grade systemic inflammation and the development of type 2 diabetes: the atherosclerosis risk in communities study. diabetes 2003; 52: 1799-1805 10 shoelson se, lee j, goldfine ab. inflammation and insulin resistance. j clin invest 2006; 116: 1793-1801 11 vicenova b, vopalensky v, burysek l, pospisek m. emerging role of interleukin-1 in cardiovascular diseases. physiol res 2009; 58: 481-498 [pmid: 19093736] 12 barouch la, berkowitz de, harrison rw, o'donnell cp, hare jm. disruption of leptin signaling contributes to cardiac hypertrophy independently of body weight in mice. circulation 2003; 108: 754-759 13 kim m, oh jk, sakata s, liang i, park w, hajjar rj, lebeche d. role of resistin in cardiac contractility and hypertrophy. j mol cell cardiol 2008; 45: 270-280 14 chait a, han cy, oram jf, heinecke jw. thematic review series: the immune system and atherogenesis. lipoprotein-associated inflammatory proteins: markers or mediators of cardiovascular disease? j lipid res 2005; 46: 389-403 15 ferrarezi da, cheurfa n, reis af, fumeron f, velho g. adipo nectin gene and cardiovascular risk in type 2 diabetic patients: a review of evidences. arq bras endocrinol metabol 2007; 51: 153-159 16 leahy jl. pathogenesis of type 2 diabetes mellitus. arch med res 2005; 36: 197-209 17 belke dd, betuing s, tuttle mj, graveleau c, young me, pham m, zhang d, cooksey rc, mcclain da, litwin se, taegtmeyer h, severson d, kahn cr, abel ed. insulin signaling coordinately regulates cardiac size, metabolism, and contractile protein isoform expression. j clin invest 2002; 109: 629-639 18 the effect of intensive treatment of diabetes on the development and progression of long-term complications in insulin-dependent diabetes mellitus.

**4. File 20 - [Diabetes and cardiovascular disease_extracted.pdf] - file_20_summary_0_part_0_level_1**
the cited works examine myocardial strain and dysfunction in asymptomatic type 2 diabetes patients, providing evidence of subclinical cardiomyopathy and its prognostic impact on heart failure with preserved ejection fraction. several studies focus on diabetic cardiovascular autonomic neuropathy, its risk factors, and early diagnostic markers, linking autonomic dysfunction to arterial stiffness and cardiovascular outcomes. large randomized trials such as accord, dcc, and lifestyle intervention studies (e.g., look ahead, look ahead, and bariatric surgery) evaluate intensive glucose control, weight loss pharmacotherapy, and lifestyle modification on cardiovascular risk and diabetes incidence. additional references address laboratory measurement variability, guideline recommendations, and the relationship between hemoglobin a1c and coronary artery disease severity in non-diabetic individuals.

**5. File 20 - [Diabetes and cardiovascular disease_extracted.pdf] - file_20_summary_1_part_0_level_1**
diabetes increases inflammation, crp, and cytokines leading to endothelial dysfunction, atherosclerosis, and myocardial infarction risk. insulin resistance raises free fatty acids, triglycerides, and ldl, contributing to dyslipidemia and cardiovascular disease. hypertension, diabetic nephropathy, and autonomic neuropathy further elevate risk, with silent myocardial ischemia common in diabetics. intensive glycemic control reduces microvascular events but does not lower myocardial infarction or mortality and may increase hypoglycemia, as shown in vadt, advance, and accord trials. management focuses on controlling glycemia, blood pressure, lipids, and autonomic dysfunction to mitigate cardiovascular complications.

**6. File 20 - [Diabetes and cardiovascular disease_extracted.pdf] - file_20_chunk_23_level_0**
igf-i attenuates diabetes-induced cardiac contractile dysfunction in ventricular myocytes. am j physiol endocrinol metab 2002; 283: e658-e666 110 ashraf h, boroumand ma, amirzadegan a, talesh sa, davoodi g. hemoglobin a1c in non-diabetic patients: an independent predictor of coronary artery disease and its severity. diabetes res clin pract 2013; 102: 225-232 111 ollerton rl, playle r, ahmed k, dunstan fd, luzio sd, owens dr. day-to-day variability of fasting plasma glucose in newly diagnosed type 2 diabetic subjects. diabetes care 1999; 22: 394-398 112 sacks db, arnold m, bakris gl, bruns de, horvath ar, kirkman ms, lernmark a, metzger be, nathan dm. guidelines and recommendations for laboratory analysis in the diagnosis and management of diabetes mellitus. diabetes care 2011; 34: e61-e99 113 petersen ph, jorgensen lg, brandslund i, de fine olivarius n, stahl m. consequences of bias and imprecision in measurements of glucose and hba1c for the diagnosis and prognosis of diabetes mellitus. scand j clin lab invest suppl 2005; 240: 51-60 p-reviewer: hssan m, iacoviello m, liu c, nunez-gil ij, tamemoto h s-editor: gong xm l-editor: a e-editor: liu sq leon bm et al. diabetes and cardiovascular disease review (c) 2015 baishideng publishing group inc. all rights reserved. published by baishideng publishing group inc 8226 regency drive, pleasanton, ca 94588, usa telephone: +1-925-223-8242 fax: +1-925-223-8243 e-mail: help desk:.

**7. File 20 - [Diabetes and cardiovascular disease_extracted.pdf] - file_20_chunk_19_level_0**
intensive blood glucose control and vascular outcomes in patients with type 2 diabetes. n engl j med 2008; 358: 2560-2572 [pmid: 18539916] 75 riddle mc. effects of intensive glucose lowering in the mana gement of patients with type 2 diabetes mellitus in the action to control cardiovascular risk in diabetes (accord) trial. circulation 2010; 122: 844-846 76 writing team for the diabetes control and complications trial/ epidemiology of diabetes interventions and complications research group. sustained effect of intensive treatment of type 1 diabetes mellitus on development and progression of diabetic nephropathy: the epidemiology of diabetes interventions and complications (edic) study. jama 2003; 290: 2159-2167 77 jensen md, ryan dh, apovian cm, ard jd, comuzzie ag, donato ka, hu fb, hubbard vs, jakicic jm, kushner rf, loria cm, millen be, nonas ca, pi-sunyer fx, stevens j, stevens vj, wadden ta, wolfe bm, yanovski sz, jordan hs, kendall ka, lux lj, mentor-marcel r, morgan lc, trisolini mg, wnek j, anderson jl, halperin jl, albert nm, bozkurt b, brindis rg, curtis lh, demets d, hochman js, kovacs rj, ohman em, pressler sj, sellke fw, shen wk, smith sc, tomaselli gf. 2013 aha/acc/tos guideline for the management of overweight and obesity in adults: a report of the american college of cardiology/ american heart association task force on practice guidelines and the obesity society. circulation 2014; 129: s102-s138 78 knowler wc, barrett-connor e, fowler se, hamman rf, lachin jm, walker ea, nathan dm. reduction in the incidence of type 2 diabetes with lifestyle intervention or metformin. n engl j med 2002; 346: 393-403 79 tuomilehto j, lindstrom j, eriksson jg, valle tt, hamalainen h, ilanne-parikka p, keinanen-kiukaanniemi s, laakso m, louheranta a, rastas m, salminen v, uusitupa m. prevention of type 2 diabetes mellitus by changes in lifestyle among subjects with impaired glucose tolerance. n engl j med 2001; 344: 1343-1350 80 wing rr. long-term effects of a lifestyle intervention on weight and cardiovascular risk factors in individuals with type 2 diabetes mellitus: four-year results of the look ahead trial. arch intern med 2010; 170: 1566-1575 81 o'neil pm, smith sr, weissman nj, fidler mc, sanchez m, zhang j, raether b, anderson cm, shanahan wr. randomized placebo-controlled clinical trial of lorcaserin for weight loss in type 2 diabetes mellitus: the bloom-dm study. obesity (silver spring) 2012; 20: 1426-1436 82 sjostrom l, lindroos ak, peltonen m, torgerson j, bouchard c, carlsson b, dahlgren s, larsson b, narbro k, sjostrom cd, sullivan m, wedel h. lifestyle, diabetes, and cardiovascular risk factors 10 years after bariatric surgery. n engl j med 2004; 351: 2683-2693 83 james wp, caterson id, coutinho w, finer n, van gaal lf, maggioni ap, torp-pedersen c, sharma am, shepherd gm, rode ra, renz cl. effect of sibutramine on cardiovascular outcomes in overweight and obese subjects."
"What Are the Benefits of Exercise on aging?","**Introduction**
Aging is accompanied by progressive declines in cardiovascular, musculoskeletal, metabolic, and functional capacities.  Exercise—encompassing aerobic, resistance, and neuromuscular modalities—has emerged as a cornerstone intervention that can reverse or attenuate many of these age‑related changes.  The evidence base spans human clinical trials, animal models, and mechanistic studies, and it converges on a common theme: regular, appropriately prescribed physical activity extends healthy lifespan and improves quality of life in older adults.
---
| Domain | Exercise Modality | Principal Outcomes | Representative Evidence |
|--------|-------------------|--------------------|--------------------------|
| **Cardiovascular** | Progressive, vigorous aerobic training (≥ 150 min wk⁻¹) | ↑ Cardiorespiratory fitness (CRF), ↓ systolic/diastolic dysfunction, ↓ cardiac insulin resistance | File 13 chunk 27 (granado et al.) shows that 1‑year vigorous training improves CRF and reduces systolic dysfunction; File 13 chunk 29 documents that 1‑year exercise reverses cardiac insulin resistance in aged mice via PI3K/AKT signaling. |
| | Resistance training | ↑ lean mass, ↑ resting metabolic rate, ↓ systolic blood pressure, ↓ arterial stiffness | File 13 chunk 27 reports that combined aerobic‑resistance programs are most effective for functional gains in obese older adults; File 13 chunk 27 also notes that resistance training alone can increase lean mass, which helps maintain metabolic health. |
| | Walking & low‑impact neuromuscular training | ↓ fall risk, ↑ balance, ↑ gait speed | File 3 level‑1 summary highlights that walking and vibration training reduce fall incidence in older adults; File 13 chunk 27 cites a vibration‑training study that improves balance and reduces falls. |
| | Combined aerobic‑resistance + nutritional supplements | Synergistic improvements in muscle strength, frailty markers, and cardiovascular risk factors | File 3 level‑1 notes that high‑dose protein (25–30 g day⁻¹ with 2.5–2.8 g leucine) slows frailty; File 3 level‑1 also references a study where fish‑oil supplementation plus exercise lowered blood pressure and improved lipid profiles. |
| **Metabolic & Endocrine** | Exercise + caloric restriction | ↓ oxidative stress, ↑ nitric‑oxide bioavailability, improved insulin sensitivity | File 13 chunk 27 (granado et al.) demonstrates that caloric restriction attenuates cardiac insulin resistance via PI3K/AKT; File 13 chunk 27 also reports that lifelong caloric restriction preserves endothelial function, a benefit that is amplified when combined with exercise. |
| | Hormonal modulation | Exercise can partially restore testosterone levels in obese men, thereby improving body‑composition outcomes | File 41 chunk 7 reports that weight loss plus aerobic‑resistance training reverses obesity‑induced hypogonadism in older men. |
| **Musculoskeletal & Functional** | Resistance training | ↑ muscle cross‑sectional area, ↓ sarcopenic obesity, ↑ gait speed, ↓ disability | File 41 level‑1 summary stresses that resistance training, when paired with aerobic activity, is the most effective strategy for improving functional status in obese older adults. |
| | Walking & low‑impact modalities | ↑ CRF, ↓ cardiovascular mortality, ↓ fall risk | File 41 level‑1 emphasizes that walking is a practical, low‑cost modality that improves CRF and reduces fall risk; File 3 level‑1 notes that walking also improves endothelial function. |
| **Neuromuscular & Cognitive** | Vibration training | ↓ fall risk, ↑ proprioception | File 3 level‑1 cites a vibration‑training study that reduces falls in older adults. |
| | Fish‑oil + exercise | ↓ blood pressure, ↑ lipid profile, ↓ inflammation | File 3 level‑1 references a fish‑oil supplementation study that, when combined with exercise, lowered systolic blood pressure and improved lipid profiles. |
1. **Exercise Prescription**
* **Aerobic**: ≥ 150 min wk⁻¹ of moderate‑intensity or 225–420 min wk⁻¹ for weight loss, as recommended by the American College of Sports Medicine.
* **Resistance**: ≥ 2 sessions wk⁻¹, 8–12 reps per set, 2–3 sets per muscle group, to counter sarcopenic obesity and maintain resting metabolic rate.
* **Neuromuscular**: Vibration or balance training 2–3 × wk to reduce fall risk.
2. **Combined Lifestyle Approach**
* **Diet + Exercise**: Caloric restriction or weight‑loss diets combined with aerobic‑resistance training produce the greatest improvements in body composition and cardiometabolic risk factors (File 41 chunk 8).
* **Protein Timing**: Distributing 25–30 g of protein with 2.5–2.8 g leucine across meals supports muscle protein synthesis and slows frailty (File 41 chunk 7).
* **Supplementation**: Vitamin D, fish‑oil, and other anti‑inflammatory nutrients can augment exercise benefits, particularly for bone and vascular health (File 3 level‑1).
3. **Special Populations**
* **Sarcopenic Obesity**: Intentional weight loss plus combined aerobic‑resistance training improves morbidity and functional status (File 41 chunk 7).
* **Post‑menopausal Women**: Early lifestyle modification during the perimenopausal transition (diet + exercise) reduces future cardiometabolic risk (File 41 chunk 7).
* **Frailty**: Exercise improves insulin sensitivity, arterial compliance, and CRF independent of weight loss, which is crucial for frail older adults (File 41 chunk 8).
4. **Monitoring & Sustainability**
* Regular assessment of CRF, body composition, and functional performance is essential, as weight alone may mask improvements (File 41 chunk 8).
* Structured follow‑up and behavioral support are needed to sustain weight loss and activity levels, given the high relapse rate (File 41 chunk 8).
**Conclusion**
Across species and study designs, exercise consistently demonstrates the capacity to reverse or mitigate age‑related decline in cardiovascular, musculoskeletal, and metabolic systems.  When prescribed in a structured, multimodal fashion and combined with dietary strategies, it improves functional independence, reduces fall risk, and enhances cardiometabolic health—thereby extending both lifespan and healthspan in older adults.  Clinicians should therefore prioritize individualized exercise prescriptions, integrate nutritional support, and emphasize long‑term adherence to maximize the geriatric benefits of physical activity.","**1. File 3 - [Aging, longevity, and healthy aging the public health approach_extracted.pdf] - file_3_summary_6_part_0_level_1**
the references compile research on aging populations, covering end-of-life costs, healthspan disparities, and disability-free life expectancy trends. they also examine workforce implications of an older demographic, including strategic planning, retirement effects on health and labor markets, and the healthy worker effect. nutritional and exercise interventions are highlighted, with studies on vitamin d, protein intake, aerobic training, resistance exercise, fish oil, vibration training, and walking for disease prevention and fall reduction. overall, the cited works provide a multidisciplinary view of how aging influences health economics, workforce dynamics, and lifestyle interventions.

**2. File 3 - [Aging, longevity, and healthy aging the public health approach_extracted.pdf] - file_3_chunk_16_level_0**
chevalley t, brandi ml, cashman kd et al role of vitamin d supplementation in the management of musculoskel etal diseases: update from an european society of clinical and economical aspects of osteoporosis, osteoarthritis and musculo skeletal diseases (esceo) working group. aging clin exp res 34: 2603-2623. h t t p s: / / d o i. o r g / 1 0.1 0 0 7 / s 4 0 5 2 0-0 2 2-0 2 2 7 9-6 79. coelho-junior hj, calvani r, picca a et al adherence to aerobic training combined with high protein intake is associated with low blood pressure in italian older adults: a cross-sectional study. aging clin exp res 35: 2613-2621. h t t p s: / / d o i. o r g / 1 0.1 0 0 7 / s 4 0 5 2 0-0 2 3-0 2 5 4 9-x 80. nishimura y, hojfeldt g, breen l et al dietary protein requirements and recommendations for healthy older adults: a critical narrative review of the scientific evidence. nutr res rev 36: 69-85. h t t p s: / / d o i. o r g / 1 0.1 0 1 7 / s 0 9 5 4 4 2 2 4 2 1 0 0 0 3 2 9 81. umana sidn larn livelli di assunzione di riferimento per la popolazione italiana. v revisione. biomedica editore 82. romano-spica v, macini p, fara gm et al adapted physical activity for the promotion of health and the preven tion of multifactorial chronic diseases: the erice charter. ann ig 27: 406-414. h t t p s: / / d o i. o r g / 1 0.7 4 1 6 / a i. 2 0 1 5.2 0 2 8 83. anderson e, durstine jl physical activity, exercise, and chronic diseases: a brief review. sports med health sci 1: 3-10. h t t p s: / / d o i. o r g / 1 0.1 0 1 6 / j. s m h s. 2 0 1 9.0 8.0 0 6 84. yang f, su x, sanchez mc et al vibration training reduc ing falls in community-living older adults: a pilot randomized controlled trial. aging clin exp res 35: 803-814. h t t p s: / / d o i. o r g / 1 0.1 0 0 7 / s 4 0 5 2 0-0 2 3-0 2 3 6 2-6 85. lee sr, directo d, khamoui av fish oil administration combined with resistance exercise training improves strength, resting metabolic rate, and inflammation in older adults. aging clin exp res 34: 3073-3081. h t t p s: / / d o i. o r g / 1 0.1 0 0 7 / s 4 0 5 2 0-0 2 2-0 2 2 5 0-5 86. ungvari z, fazekas-pongor v, csiszar a et al the multi faceted benefits of walking for healthy aging: from blue zones to molecular mechanisms. geroscience 45: 3211-3239. h t t p s: / / d o i. o r g / 1 0.1 0 0 7 / s 1 1 3 5 7-0 2 3-0 0 8 7 3-8 87. maresova p, javanmardi e, barakovic s et al conse quences of chronic diseases and other limitations associated with old age-a scoping review. bmc public health 19: 1431. h t t p s: / / d o i.

**3. File 13 - [Cardiovascular aging from cellular and molecular changes to therapeutic interventions_extracted.pdf] - file_13_summary_6_part_0_level_1**
exercise training in older adults and aged mice reverses cardiac aging phenotypes, promotes cardiomyogenesis, and improves endothelial function. caloric restriction and its mimetics such as resveratrol, spermidine, and sulforaphane attenuate age-related cardiac insulin resistance, oxidative stress, inflammation, and remodeling through pathways like pi3k/akt, sirt1/usp7, and nrf2. pharmacological agents including metformin, sglt2 inhibitors, and glp-1 receptor agonists enhance autophagy, mitophagy, and mitochondrial function, reducing senescence, fibrosis, and heart failure risk in aged or diabetic models. molecular mechanisms across studies involve ampk activation, mtor inhibition, and modulation of oxidative stress and inflammatory signaling, underscoring a convergent strategy to extend healthy cardiovascular lifespan.

**4. File 41 - [Obesity and cardiovascular health_extracted.pdf] - file_41_summary_0_part_0_level_1**
myplate.gov guides daily food group targets and portion sizes, while adults should aim for at least 150 minutes of moderate-to-vigorous activity and two days of muscle-strengthening per week. aging causes muscle loss and visceral fat gain, leading to sarcopenic obesity that heightens frailty, dyslipidemia, and insulin resistance; intentional weight loss combined with aerobic and resistance exercise improves function, and distributing 25-30 g protein with 2.5-2.8 g leucine per meal may slow frailty. midlife women gain 5-7 lb during menopause, raising cardiometabolic risk; combined diet and exercise during perimenopause yields the greatest fat loss, whereas sleep disruption and hormone therapy do not prevent weight gain. achieving clinically significant weight loss requires >150 min of aerobic activity plus caloric restriction, with non-exercise activity thermogenesis and reduced sedentary time also important; commercial and holistic programs can aid but long-term maintenance remains difficult, and global obesity rates are projected to rise sharply, underscoring the need for early prevention.

**5. File 3 - [Aging, longevity, and healthy aging the public health approach_extracted.pdf] - file_3_chunk_17_level_0**
ungvari z, fazekas-pongor v, csiszar a et al the multi faceted benefits of walking for healthy aging: from blue zones to molecular mechanisms. geroscience 45: 3211-3239. h t t p s: / / d o i. o r g / 1 0.1 0 0 7 / s 1 1 3 5 7-0 2 3-0 0 8 7 3-8 87. maresova p, javanmardi e, barakovic s et al conse quences of chronic diseases and other limitations associated with old age-a scoping review. bmc public health 19: 1431. h t t p s: / / d o i. o r g / 1 0.1 1 8 6 / s 1 2 8 8 9-0 1 9-7 7 6 2-5 54. d'errico a, ardito c, leombruni r et al working con ditions and health among italian ageing workers. soc indic res 162: 1043-1067. h t t p s: / / d o i. o r g / 1 0.1 0 0 7 / s 1 1 2 0 5-0 2 1-0 2 8 6 2-w 55. odone a, gianfredi v, vigezzi gp et al does retirement trigger depressive symptoms? a systematic review and meta-analysis. epidemiol psychiatr sci 30: e77. h t t p s: / / d o i. o r g / 1 0.1 0 1 7 / s 2 0 4 5 7 9 6 0 2 1 0 0 0 6 2 7 56. li w, ye x, zhu d et al the longitudinal association between retirement and depression: a systematic review and meta-analysis. am j epidemiol 190: 2220-2230. h t t p s: / / d o i. o r g / 1 0.1 0 9 3 / a j e / k w a b 1 2 5 57. world health organization decade of healthy ageing: baseline report. geneva 58. world health o. integrated care for older people (icope): guidance for person-centred assessment and pathways in primary care. world health organization, geneva 59. beard jr, hanewald k, si y et al cohort trends in intrinsic capacity in england and china. nat aging: 1-12 60. de godoy ll, alves capf, saavedra jsm et al under standing brain resilience in superagers: a systematic review. neu roradiology 63: 663-683 61. harrison tm, weintraub s, mesulam m-m et al superior memory and higher cortical volumes in unusually successful cog nitive aging. j int neuropsychol soc 18: 1081-1085 62. buskens e, vogt tc, liefbroer ac et al healthy ageing: challenges and opportunities of demographic and societal transi tions. older people: improving health and social care: focus on the european core competences framework: 9-31 63. agudelo-botero m, davila-cervantes ca, giraldo-rodriguez l, editorial innovations in measurement and evidence for healthy aging. front med (lausanne) 10: 1347385. h t t p s: / / d o i. o r g / 1 0.3 3 8 9 / f m e d. 2 0 2 3.1 3 4 7 3 8 5 64. lai etc, ho sc, woo j social isolation, socioeconomic status, and development of functional impairments in chinese older adults aged 70 years and over: a cohort study. aging clin exp res 35: 155-165. h t t p s: / / d o i. o r g / 1 0.1 0 0 7 / s 4 0 5 2 0-0 2 2-0 2 2 5 9-w 65. huang ty, chou my, liang ck et al physical activity plays a crucial role in multidomain intervention for frailty pre vention. aging clin exp res 35: 1283-1292.

**6. File 13 - [Cardiovascular aging from cellular and molecular changes to therapeutic interventions_extracted.pdf] - file_13_chunk_26_level_0**
cardiovascular effects of 1 year of progressive and vigorous exercise training in previously sedentary individuals older than 65 years of age. circulation 2010; 122: 1797-805. [pubmed: 20956204] 167. roh jd, houstis n, yu a, et al. exercise training reverses cardiac aging phenotypes associated with heart failure with preserved ejection fraction in male mice. aging cell 2020; 19: e13159. [pubmed: 32441410] 168. lerchenmuller c, vujic a, mittag s, et al. restoration of cardiomyogenesis in aged mouse hearts by voluntary exercise. circulation 2022; 146: 412-26. [pubmed: 35862076] 169. elhelaly w, sadek h. exercise induces cardiomyogenesis in the aged heart. j cardiovasc aging 2023; 3: 18.170. safdar a, bourgeois jm, ogborn di, et al. endurance exercise rescues progeroid aging and induces systemic mitochondrial rejuvenation in mtdna mutator mice. proc natl acad sci usa 2011; 108: 4135-40. [pubmed: 21368114] 171. yeo hs, lim jy. effects of different types of exercise training on angiogenic responses in the left ventricular muscle of aged rats. exp gerontol 2022; 158: 111650. [pubmed: 34890715] vakka et al. page 23 j cardiovasc aging. author manuscript; available in pmc 2023 june 02. author manuscript author manuscript author manuscript author manuscript 172. wu t, li h, wu b, et al. hydrogen sulfide reduces recruitment of cd11b+gr-1+ cells in mice with myocardial infarction. cell transplant 2017; 26: 753-64. [pubmed: 28185610] 173. snijder pm, frenay ar, de boer ra, et al. exogenous administration of thiosulfate, a donor of hydrogen sulfide, attenuates angiotensin ii-induced hypertensive heart disease in rats. br j pharmacol 2015; 172: 1494-504. [pubmed: 24962324] 174. meng g, zhu j, xiao y, et al. hydrogen sulfide donor gyy4137 protects against myocardial fibrosis. oxid med cell longev 2015; 2015: 691070. [pubmed: 26078813] 175. ma n, liu hm, xia t, liu jd, wang xz. chronic aerobic exercise training alleviates myocardial fibrosis in aged rats through restoring bioavailability of hydrogen sulfide. can j physiol pharmacol 2018; 96: 902-8. [pubmed: 29862831] 176. speakman jr, mitchell se. caloric restriction. mol aspects med 2011; 32: 159-221. [pubmed: 21840335] 177. sheng y, lv s, huang m, et al. opposing effects on cardiac function by calorie restriction in different-aged mice. aging cell 2017; 16: 1155-67. [pubmed: 28799249] 178. shinmura k, tamaki k, sano m, et al. impact of long-term caloric restriction on cardiac senescence: caloric restriction ameliorates cardiac diastolic dysfunction associated with aging. j mol cell cardiol 2011; 50: 117-27. [pubmed: 20977912] 179. granado m, amor s, martin-carro b, et al. caloric restriction attenuates aging-induced cardiac insulin resistance in male wistar rats through activation of pi3k/akt pathway. nutr metab cardiovasc dis 2019; 29: 97-105. i [pubmed: 30497927] 180. donato aj, walker ae, magerko ka, et al. life-long caloric restriction reduces oxidative stress and preserves nitric oxide bioavailability and function in arteries of old mice. aging cell 2013; 12: 772-83. [pubmed: 23714110] 181. madeo f, carmona-gutierrez d, hofer sj, kroemer g. caloric restriction mimetics against age-associated disease: targets, mechanisms, and therapeutic potential. cell metab 2019; 29: 592-610.

**7. File 41 - [Obesity and cardiovascular health_extracted.pdf] - file_41_chunk_7_level_0**
myplate.gov, based on the dietary guidelines for americans, can help with targeting daily food group targets and their portion sizes and planning future meals. in addition to a healthy eating plan, an active lifestyle will help maintain weight. adults should aim for a minimum of 150 min of moderate-to-vigorous activity each week. additional details are discussed in the role of movement section. role of ageing ageing is associated with weight gain in both sexes, typically related to reductions in resting metabolic rate and often ee as well. on average, muscle mass declines with age, and even in older persons with stable weight, muscle is replaced by fat over time and preferentially accumu lates both viscerally and ectopically rather than as subcutaneous fat. sarcopenia, which is the loss of muscle mass and strength or physical function, naturally occurs with ageing. sarcopenia synergistically wor sens the adverse effects of obesity in older adults, resulting in sarcope nic obesity.45 sarcopenic obesity leads to increased risk of frailty and activity of daily living disability in addition to metabolic impairments such as dyslipidaemia and insulin resistance. sex-specific changes in muscle and fat composition are partly due to age-related changes in oestrogen and testosterone. testosterone levels decline by ~1% per year, which can negatively affect muscle mass and fat distribution in age ing. in a randomized, placebo-controlled trial of 790 older men (65 years or older), raising testosterone concentrations for 1 year did not improve vitality or walking distance.46 low testosterone levels as a consequence of obesity in men are reversible with lifestyle modifica tion. the natural rise in serum testosterone in obese men is propor tional to the amount of weight lost.47 few clinical trials specifically focus on sarcopenic obesity; however, intentional weight loss in older adults improves morbidity and physical function.48 weight loss plus combined aerobic and resistance exercise appears to be the most ef fective method for improving functional status of adults aged 65 years and older with obesity.49 from a nutritional perspective, distributing protein intake throughout the day may be beneficial in patients with sarcopenic obesity.50 generally, 25-30 g of protein containing 2.5-2.8 g of leucine can slow frailty.45 however, further evidence is needed to support the effect of supplemental protein on functional outcomes in patients with sarcopenic obesity. weight gain with an increased tendency for central fat distribution is common among women in midlife, often a result of ageing and hormo nal changes (and related symptoms) during the menopause transition is associated with several adverse metabolic consequences (insulin resist ance, diabetes, dyslipidaemia, and hypertension). on average, women gain ~5-7 pounds (or 2-3 kg) over the course of the menopause tran sition, yet there is substantial interindividual variability.51 therefore, the importance of weight management in midlife is critical to preventing cardiovascular disease, the leading cause of death in postmenopausal women.52 a systematic review compared weight loss success across different lifestyle interventions and reported that postmenopausal wo men with obesity who were randomized to either diet or exercise modification alone had greater weight and fat mass loss compared with controls, whereas combining both diet and exercise resulted in the greatest weight and fat mass loss.51 unless a post-menopausal wo man adjusts her caloric intake and/or consciously increases her pa level, a state of positive energy balance results, with associated weight gain. initiating lifestyle modification programmes that incorporate diet and exercise (aerobic and resistance training) for women during perimeno pause may be timelier and have a higher yield in terms of reducing fu ture risk of cardiometabolic than waiting until the postmenopausal years, after substantial weight gain and fat mass accrual have already oc curred. while prevention is ideal, weight management counselling to all women with an increased bmi, even when not specifically sought by the patient, should be instituted. although intense interventions addressing diet and nutrition achieve more success in helping patients lose weight, physicians often do not have time to provide such counselling. access to dieticians or formal weight loss programmes may also be limited de pending on the healthcare system and socioeconomic factors. however, simple interventions, such as physician acknowledgement of patients' weight, have been shown to increase the accuracy of pa tients' perceptions of their weight, in addition to increasing their desire, attempts, and success to lose weight.53 this presents a useful first step for weight control. disruptions in sleep (shortened or interrupted sleep) become more prevalent in women as they age and particularly around menopause transition with a prevalence of 39-47 and 35-60% in perimenopausal and postmenopausal women, respectively. sleep disruption promotes increased energy intake due to a combination of altered appetite hor mones and altered sensitivity to food reward and disinhibited eating.

**8. File 13 - [Cardiovascular aging from cellular and molecular changes to therapeutic interventions_extracted.pdf] - file_13_chunk_27_level_0**
granado m, amor s, martin-carro b, et al. caloric restriction attenuates aging-induced cardiac insulin resistance in male wistar rats through activation of pi3k/akt pathway. nutr metab cardiovasc dis 2019; 29: 97-105. i [pubmed: 30497927] 180. donato aj, walker ae, magerko ka, et al. life-long caloric restriction reduces oxidative stress and preserves nitric oxide bioavailability and function in arteries of old mice. aging cell 2013; 12: 772-83. [pubmed: 23714110] 181. madeo f, carmona-gutierrez d, hofer sj, kroemer g. caloric restriction mimetics against age-associated disease: targets, mechanisms, and therapeutic potential. cell metab 2019; 29: 592-610. [pubmed: 30840912] 182. pang l, jiang x, lian x, et al. caloric restriction-mimetics for the reduction of heart failure risk in aging heart: with consideration of gender-related differences. mil med res 2022; 9: 33. [pubmed: 35786219] 183. borzsei d, sebestyen j, szabo r, et al. resveratrol as a promising polyphenol in age-associated cardiac alterations. oxid med cell longev 2022; 2022: 7911222. [pubmed: 35761875] 184. torregrosa-munumer r, vara e, fernandez-tresguerres ja, gredilla r. resveratrol supplementation at old age reverts changes associated with aging in inflammatory, oxidative and apoptotic markers in rat heart. eur j nutr 2021; 60: 2683-93. [pubmed: 33386891] 185. sin tk, tam bt, yung by, et al. resveratrol protects against doxorubicin-induced cardiotoxicity in aged hearts through the sirt1usp7 axis. j physiol 2015; 593: 1887-99. [pubmed: 25665036] 186. zhang l, chen j, yan l, he q, xie h, chen m. resveratrol ameliorates cardiac remodeling in a murine model of heart failure with preserved ejection fraction. front pharmacol 2021; 12: 646240. [pubmed: 34177571] 187. fleenor bs, sindler al, marvi nk, et al. curcumin ameliorates arterial dysfunction and oxidative stress with aging. exp gerontol 2013; 48: 269-76. [pubmed: 23142245] 188. santos-parker jr, strahler tr, bassett cj, bispham nz, chonchol mb, seals dr. curcumin supplementation improves vascular endothelial function in healthy middle-aged and older adults by increasing nitric oxide bioavailability and reducing oxidative stress. aging 2017; 9: 187-208. [pubmed: 28070018] 189. larocca tj, gioscia-ryan ra, hearon cm jr, seals dr. the autophagy enhancer spermidine reverses arterial aging. mech ageing dev 2013; 134: 314-20. [pubmed: 23612189] 190. eisenberg t, abdellatif m, schroeder s, et al. cardioprotection and lifespan extension by the natural polyamine spermidine. nat med 2016; 22: 1428-38. [pubmed: 27841876] 191. zhang h, wang j, li l, et al. spermine and spermidine reversed age-related cardiac deterioration in rats. oncotarget 2017; 8: 64793-808. [pubmed: 29029392] 192. wang j, li s, wang j, et al. spermidine alleviates cardiac aging by improving mitochondrial biogenesis and function. aging 2020; 12: 650-71. [pubmed: 31907336] vakka et al. page 24 j cardiovasc aging. author manuscript; available in pmc 2023 june 02. author manuscript author manuscript author manuscript author manuscript 193. bose c, alves i, singh p, et al. sulforaphane prevents age-associated cardiac and muscular dysfunction through nrf2 signaling. aging cell 2020; 19: e13261.

**9. File 13 - [Cardiovascular aging from cellular and molecular changes to therapeutic interventions_extracted.pdf] - file_13_chunk_29_level_0**
development of clinical trials to extend healthy lifespan. cardiovasc endocrinol metab 2018; 7: 80-3. [pubmed: 30906924] 204. kulkarni as, brutsaert ef, anghel v, et al. metformin regulates metabolic and nonmetabolic pathways in skeletal muscle and subcutaneous adipose tissues of older adults. aging cell 2018; 17: e12723. [pubmed: 29383869] 205. tai s, sun j, zhou y, et al. metformin suppresses vascular smooth muscle cell senescence by promoting autophagic flux. j adv res 2022; 41: 205-18. [pubmed: 36328749] 206. chen q, thompson j, hu y, lesnefsky ej. chronic metformin treatment decreases cardiac injury during ischemia-reperfusion by attenuating endoplasmic reticulum stress with improved mitochondrial function. aging 2021; 13: 7828-45. [pubmed: 33746115] 207. zhu x, shen w, liu z, et al. effect of metformin on cardiac metabolism and longevity in aged female mice. front cell dev biol 2020; 8: 626011. [pubmed: 33585467] 208. la grotta r, de candia p, olivieri f, et al. anti-inflammatory effect of sglt-2 inhibitors via uric acid and insulin. cell mol life sci 2022; 79: 273. [pubmed: 35503137] 209. evans m, morgan ar, davies s, beba h, strain wd. the role of sodium-glucose co-transporter-2 inhibitors in frail older adults with or without type 2 diabetes mellitus. age ageing 2022; 51: 1-8.210. soares rn, ramirez-perez fi, cabral-amador fj, et al. sglt2 inhibition attenuates arterial dysfunction and decreases vascular factin content and expression of proteins associated with oxidative stress in aged mice. geroscience 2022; 44: 1657-75. [pubmed: 35426600] 211. madonna r, doria v, minnucci i, pucci a, pierdomenico ds, de caterina r. empagliflozin reduces the senescence of cardiac stromal cells and improves cardiac function in a murine model of diabetes. j cell mol med 2020; 24: 12331-40. [pubmed: 32940423] 212. shiraki a, oyama ji, shimizu t, nakajima t, yokota t, node k. empagliflozin improves cardiac mitochondrial function and survival through energy regulation in a murine model of heart failure. eur j pharmacol 2022; 931: 175194. [pubmed: 35987253] vakka et al. page 25 j cardiovasc aging. author manuscript; available in pmc 2023 june 02. author manuscript author manuscript author manuscript author manuscript 213. withaar c, meems lmg, markousis-mavrogenis g, et al. the effects of liraglutide and dapagliflozin on cardiac function and structure in a multi-hit mouse model of heart failure with preserved ejection fraction. cardiovasc res 2021; 117: 2108-24. [pubmed: 32871009] 214. olgar y, tuncay e, degirmenci s, et al. ageing-associated increase in sglt2 disrupts mitochondrial/sarcoplasmic reticulum ca2+ homeostasis and promotes cardiac dysfunction. j cell mol med 2020; 24: 8567-78. [pubmed: 32652890] 215. anker sd, butler j, filippatos g, et al.; emperor-preserved trial investigators. empagliflozin in heart failure with a preserved ejection fraction. n engl j med 2021; 385: 1451-61. [pubmed: 34449189] 216. solomon sd, mcmurray jjv, claggett b, et al.; deliver trial committees and investigators. dapagliflozin in heart failure with mildly reduced or preserved ejection fraction. n engl j med 2022; 387: 1089-98. [pubmed: 36027570] 217.

**10. File 41 - [Obesity and cardiovascular health_extracted.pdf] - file_41_chunk_8_level_0**
although intense interventions addressing diet and nutrition achieve more success in helping patients lose weight, physicians often do not have time to provide such counselling. access to dieticians or formal weight loss programmes may also be limited de pending on the healthcare system and socioeconomic factors. however, simple interventions, such as physician acknowledgement of patients' weight, have been shown to increase the accuracy of pa tients' perceptions of their weight, in addition to increasing their desire, attempts, and success to lose weight.53 this presents a useful first step for weight control. disruptions in sleep (shortened or interrupted sleep) become more prevalent in women as they age and particularly around menopause transition with a prevalence of 39-47 and 35-60% in perimenopausal and postmenopausal women, respectively. sleep disruption promotes increased energy intake due to a combination of altered appetite hor mones and altered sensitivity to food reward and disinhibited eating. it is likely that women who experience sleep disruption during meno pause may experience greater weight gain and abdominal fat gain com pared with women who do not.51 given sleep disruption is one of the main reasons why women seek medical care during menopause, future studies need to disentangle the degree to which sleep disruption alters individual behaviour (i.e. energy intake and pa) and metabolism across menopause and possibly exacerbates metabolic dysfunction and weight gain. though hormone replacement therapy can help with vasomotor symptoms and sleep disturbances related to menopause, oestrogen therapy does not prevent weight gain in postmenopausal females.54 of note, a meta-analysis of 28 trials in 28 559 women found no evi dence of an effect of hormone replacement therapy (unopposed oes trogen or combined oestrogen-progestin) on body weight or bmi, 55 and current clinical guidelines do not recommend the use of meno pausal hormone therapy for preventive indications. role of movement adults should aim for a minimum of 150 min of moderate-to-vigorous activity and 2 days of muscle strengthening activity each week.32 physical activity is one of the best things people can do to improve their health. it is vital to healthy ageing and reduces the burden of chronic dis eases. pa is associated with improvements in overall cardiovascular health and longevity and much of these benefits result from improve ments in cardiorespiratory fitness (crf), which is a much stronger pre dictor of prognosis than exercise and pa alone.56 in this context, there has been debate about the relative effects of fitness vs. fatness on obesity and cardiovascular health 1031 morbidity and mortality. results from a meta-analysis of eight studies showed that fitness, perhaps the single most important predictor of overall health, did not completely abolish the adverse effects of bmi on mortality risk. however, the risk was still less than that in unfit indi viduals across all levels of bmi.57 in other words, low crf is a stronger predictor of cvd mortality risk (more than double) than is elevated bmi. the vast majority of studies investigating the effects of aerobic exer cise training on weight loss suggest that achievement of the minimum levels of pa (~150 min of moderate-intensity per week) without diet ary restriction are generally unlikely to result in clinically significant weight loss (at least 5%).58 therefore, the american college of sports medicine currently recommends 225-420 min/week of exercise for individuals attempting to lose weight.59 caloric restriction in com bination with exercise adherence ('eat less and move more') is recom mended for the treatment of overweight and obese adults. for those who are unable to lose weight, but can maintain regular exercise habits, it remains important for clinicians to emphasize that improvements in cardiometabolic risk factors occur independent of weight loss. these include improvements in adiposity, insulin sensitivity, arterial compli ance, endothelial function, lipid profiles, and crf.58 resistance training alone is unlikely to produce sufficient negative en ergy balance to result in clinically significant weight loss compared with aerobic training for at least a couple of reasons. first, aerobic training entails a higher total ee than resistance training. second, potential gains in lean mass from resistance training can attenuate weight loss. the in crease in lean body mass often translates into a higher resting metabolic rate and is perhaps more helpful with weight maintenance. clinically, tracking body weight alone with resistance training may obscure poten tial improvements in overall body composition.59 regular exercise activity can prevent weight regain. a staggering stat istic is that 80% of individuals who achieve significant weight loss are not able to maintain the weight loss.60 this is likely multifactorial, including neurohormonal response to weight loss such as increases in appetite hormones (e.g."
"Is it a problem if I dont sleep properly?","**Brief Introduction**
Sleep is a fundamental physiological process that supports metabolic, cardiovascular, neuro‑cognitive, and endocrine homeostasis.  Across the life span—from adolescence through pregnancy, the postpartum period, and into older age—insufficient or fragmented sleep is common and is linked to a spectrum of adverse health outcomes.  The evidence summarized below shows that “not sleeping properly” is not merely a nuisance; it is a clinically relevant problem that can accelerate disease and reduce quality of life.
---
| Population | Typical Sleep Problem | Major Health Consequences | Supporting Evidence |
|------------|-----------------------|---------------------------|---------------------|
| **Adolescents & Young Adults** | 36 % report inadequate sleep; daytime sleepiness, anxiety, and weakness are frequent | Persistent sleep deficits can track into adulthood, increasing risk of metabolic and cardiovascular disease | File 59 level 0 & level 1 summaries |
| **Pregnancy & Postpartum** | Nighttime arousals, frequent napping, snoring, and sleep apnea | Poor maternal sleep is linked to postpartum mood disorders (mania, depression, OCD) and impaired caregiving, with downstream effects on child health | File 59 level 0, level 1, and level 2 |
| **Women (including post‑menopausal)** | Higher prevalence of insomnia (61–83 % in post‑menopausal women) | Hormonal dysregulation (cortisol, growth hormone, TSH) and increased inflammation (CRP, IL‑6) raise cardiovascular and cognitive risk | File 59 level 0, level 1, level 2 |
| **Older Adults** | Early bedtimes, increased N1/N2, reduced slow‑wave (N3) sleep, fragmented wake‑after‑sleep onset | Age‑related decline in growth hormone and altered circadian rhythms can lead to subclinical hypothyroidism, frailty, and mortality | File 59 level 0, level 1, level 2 |
| **Shift Workers / Jet‑Lag / Circadian Disruption** | Phase shifts, irregular sleep timing | Insomnia, daytime sleepiness, mood disorders, cardiovascular disease, and cognitive decline | File 59 level 2 |
| **General Population** | Short (<5–6 h) or long (>8 h) sleep | Both extremes are associated with higher incidence of type 2 diabetes, obesity, hypertension, and all‑cause mortality | File 53 level 1 |
**Physiologic Pathways**
- **Hormonal Imbalance**: Sleep loss elevates cortisol, reduces growth hormone and leptin, and increases ghrelin, promoting insulin resistance and weight gain.
- **Inflammation**: Even modest sleep restriction raises CRP, TNF‑α receptor 1, and IL‑6, markers linked to atherosclerosis.
- **Circadian Misalignment**: Disrupted melatonin and cortisol rhythms impair glucose tolerance and cardiovascular regulation.
- **Neuro‑cognitive Decline**: Sleep deprivation reduces slow‑wave activity and hippocampal neurogenesis, contributing to memory impairment and mood disorders.
1. **Screening**
- Routine assessment of sleep duration, quality, and daytime sleepiness should be part of health evaluations, especially in high‑risk groups (pregnant women, older adults, shift workers, adolescents, and patients with metabolic or mood disorders).
2. **Sleep Hygiene & Behavioral Interventions**
- Consistent bedtime/wake‑up times, limiting caffeine and electronic exposure before bed, and creating a dark, cool sleep environment can mitigate many of the described problems.
3. **Medical Management**
- Treat underlying conditions (obstructive sleep apnea, restless legs syndrome, depression) with appropriate therapies (CPAP, dopaminergic agents, CBT‑I).
- Hormonal therapies (e.g., melatonin, thyroid hormone) may be considered when circadian or endocrine disturbances are evident.
4. **Lifestyle Modifications**
- Regular physical activity improves sleep architecture and reduces insulin resistance.
- Balanced nutrition and weight management help counteract the appetite‑altering effects of sleep loss.
5. **Follow‑up & Monitoring**
- Re‑evaluate sleep patterns after interventions; persistent sleep problems warrant referral to a sleep specialist.
Based on the hierarchical evidence, inadequate or disrupted sleep is a significant health problem that can precipitate metabolic dysregulation, cardiovascular disease, neuro‑cognitive decline, mood disorders, and increased mortality.  The problem is pervasive across life stages and is modifiable through behavioral, medical, and lifestyle interventions.  If you are experiencing chronic sleep difficulties, it is advisable to discuss them with a healthcare professional to identify underlying causes and appropriate treatment strategies.","**1. File 59 - [The prevalence of sleep loss and sleep disorders in young and_extracted.pdf] - file_59_summary_0_part_0_level_2**
pregnancy, postpartum, and aging all cause sleep deficits that increase metabolic, cardiovascular, neurocognitive, and mortality risks, with hormonal changes and altered sleep architecture driving these effects. rapid eye movement behavior disorder arises from abnormal cortex-brainstem connections and is exacerbated by age, male sex, narcolepsy, antidepressants, and neurodegenerative synucleinopathies, often without dream enactment. circadian rhythm disorders from phase shifts, jet lag, or shift work disrupt sleep timing, leading to insomnia, daytime sleepiness, and heightened risk of mood disorders, cardiovascular disease, aggression, and cognitive decline.

**2. File 59 - [The prevalence of sleep loss and sleep disorders in young and_extracted.pdf] - file_59_summary_3_part_0_level_1**
pregnancy and postpartum periods disrupt sleep, causing fragmented nursing sleep in rats and widespread deficits in humans such as nighttime arousal, daytime napping, and poor quality, with hormonal and bodily changes likely driving these disturbances. late-sleeping pregnant women show higher rates of postpartum mania, depression, and obsessive-compulsive disorder, and poor maternal sleep is linked to reduced caregiving, potentially harming child health. aging progressively alters sleep architecture—early bedtimes, increased n1/n2, reduced n3, greater fragmentation, weakened circadian signals, and lower delta amplitude—while also disrupting hormonal rhythms of growth hormone, cortisol, and tsh, which can lead to subclinical hypothyroidism and associated cardiovascular, cognitive, and mood disorders. overall, sleep deficits across pregnancy, postpartum, and aging contribute to metabolic, cardiovascular, neurocognitive, and mortality risks, underscoring the need to address sleep quality to preserve health.

**3. File 53 - [Sleep and Metabolism_extracted.pdf] - file_53_summary_4_part_0_level_1**
the cited studies examine how sleep quality and duration influence glucose regulation, cortisol, insulin resistance, and type 2 diabetes risk. they report that sleep loss elevates cortisol, alters postprandial hormone responses, and disrupts growth hormone and leptin profiles, contributing to metabolic dysregulation. inflammatory markers such as c-reactive protein, tnf-α receptor 1, and il-6 rise with modest sleep restriction, indicating cardiovascular risk. the research also covers shift-work simulations, spaceflight sleep deprivation models, and the impact of exercise on glucose tolerance.

**4. File 59 - [The prevalence of sleep loss and sleep disorders in young and_extracted.pdf] - file_59_summary_2_part_0_level_1**
36 % of students report insufficient sleep, and adolescent sleep disturbances persist into adulthood, affecting about one-third of individuals by age 23 and one-tenth by age 42. college students and office workers experience daytime sleepiness and symptoms such as tiredness upon waking, anxiety, weakness, tension, and nervousness, with sleep-fatigue-mood links stronger in younger respondents. women are disproportionately impacted, with 47 % reporting trouble sleeping, postmenopausal insomnia prevalence of 61-83 %, and pregnancy and postpartum periods causing frequent nighttime arousals, daytime napping, snoring, and apnea likely driven by hormonal changes. animal studies show cetacean mothers and calves remain largely awake postpartum, rodents exhibit increased nrem delta and fragmented sleep during nursing, and human sleep deficits during pregnancy predict later frailty and mortality.

**5. File 53 - [Sleep and Metabolism_extracted.pdf] - file_53_summary_7_part_0_level_1**
sleep deprivation and sleep disorders disrupt metabolic homeostasis through sympathetic overstimulation, hormonal imbalance, and subclinical inflammation, leading to increased risk of type ii diabetes and cardiovascular disease. epidemiological studies show that both short sleep (<5–6 hours) and long sleep (>8 hours) are associated with higher diabetes incidence, particularly in men, and that chronic partial sleep loss elevates bmi. sleep loss reduces leptin and increases ghrelin, blunting diurnal variation and driving cravings for high-carbohydrate foods, while orexin deficiency impairs energy expenditure and insulin sensitivity, contributing to weight gain. these findings highlight sleep as a critical, modifiable factor in metabolic regulation and disease prevention.

**6. File 59 - [The prevalence of sleep loss and sleep disorders in young and_extracted.pdf] - file_59_chunk_3_level_0**
among them, 36 % students admitted that they were not getting enough sleep and were unable to focus on their schoolwork. inadequate sleep during the adolescent age can lead to long-term sleep issues which can even persist during old age. a group of subjects had sleep disturbances during their adolescent age, which persisted in 1/3rd of subjects till their 23rd yr and in 1/10th of subjects till the age of 42 yrs. additionally, compared to 36 percent of teen-agers and adults, the majority of college students exhibited daytime sleepiness. the most frequent symptoms were tiredness upon waking (46 %), followed by anxiety and overall weakness in teenagers, excessive drowsiness (50 %) followed by nervousness and tension in college stu-dents, and tension (49 %) followed by nervousness and irri-tability in office goers or workers. the connections between sleep demand, sleep index, fatigue, and mood was more pronounced in younger respondents. surpris-ingly, indications of tiredness were prevalent in college students, school-age children, as well as in office-goer adults. many factors, including the dysfunctional circadian machinery, can be attributed to sleep disruption. it appears that women are more severely impacted by chronic sleep loss than males. forty-seven percent of women report having trouble sleeping, mostly due to sleeping for <6 h per night. the prevalence of insom-nia complaints in postmenopausal women was examined using polysomnography recording, which ranged from 61 to 83 percent. the situation becomes more serious with clinical conditions such as pain, obesity, pregnancy, etc. sleep during pregnancy and postpartum several studies have suggested that sleep considerably gets altered during and after pregnancy. many physiologi-cal, societal, and psychological modifications arise at some stage in the perinatal and postpartum intervals, potentially modifying sleep. amongst many, the postpartum infant-care duty and postpartum melancholy can be the elements that likely give the mother sleepless time for days. animal models are best suited to study the effect on sleep loss dur-ing pregnancy and postpartum. many similar studies have been conducted on pregnant mammals like whales and dolphins. in these species too, mothers as well as calves, both remained active for the entire day at some point of the first postpartum month and did not show slumbering behavior in any respect, primarily due to an external risk. the aquatic mammals such as whales and dol-phins exhibit unihemispheric sleep (one half of the brain sleeps while the other half remains active). unihemi-spheric sleep can visually be observed as one eye (con-tralateral to the sleeping brain) remained closed while the other eye (ipsilateral to the sleeping brain) remained open. in preliminary postpartum months, the mothers did not display either uni-or bi-lateral eye closure at any stage. the calf, however, showed unilateral eye closure one month after birth. it appears that the mother and calf had been almost sleepless for a month. however, it is not clear yet if such sleepless behavior is unique to an aquatic environment only or if other mammalian ani-mals also exhibit such sleepless behavior. unlike the cetacean mother and calf, however, in the laboratory, mother rats/mice and their pups, mother cats, and their kittens did not show sleepless behavior at all. although, during pregnancy and postpartum, the wistar rats showed frequent intermittent arousal from sleep, but nrem sleep and delta power during nrem sleep signifi-cantly increased. nevertheless, in the third trimester of pregnancy, the anxiety level increased in the mother rats, which gradually improved after parturition. it is worth mentioning that the mother rat modified and syn-chronized its sleep-wake timing with the activity of suck-ling. for example, the mother rats mostly remain in nrem sleep when pups suckle. however, the sleep of mothers remains fragmented during nursing. interestingly, the delta sleep load did not change, rather it exhibited a load comparable to the non-nursing periods. overall it appears that pregnancy and postpartum periods alter the normal sleep-wake cycle, but at the same time, some compensatory re-appropriation also takes place. in humans, pregnant and postpartum women also expe-rience sleep deficits. for example, nighttime waking, inter-mittent arousal, frequent daytime napping, poor sleep quality, snoring, sleep apnea, etc., have been noticed in the majority of pregnant women. studies suggest that old adult mothers have a higher prevalence of poor sleep quality than young mothers. although the pre-cise cause of sleep deficit in pregnant women is not known, evidence suggests that hormonal changes during preg-nancy could be the primary factor.

**7. File 59 - [The prevalence of sleep loss and sleep disorders in young and_extracted.pdf] - file_59_chunk_4_level_0**
for example, the mother rats mostly remain in nrem sleep when pups suckle. however, the sleep of mothers remains fragmented during nursing. interestingly, the delta sleep load did not change, rather it exhibited a load comparable to the non-nursing periods. overall it appears that pregnancy and postpartum periods alter the normal sleep-wake cycle, but at the same time, some compensatory re-appropriation also takes place. in humans, pregnant and postpartum women also expe-rience sleep deficits. for example, nighttime waking, inter-mittent arousal, frequent daytime napping, poor sleep quality, snoring, sleep apnea, etc., have been noticed in the majority of pregnant women. studies suggest that old adult mothers have a higher prevalence of poor sleep quality than young mothers. although the pre-cise cause of sleep deficit in pregnant women is not known, evidence suggests that hormonal changes during preg-nancy could be the primary factor. in addition, signif-icant bodily changes during pregnancy, for example, fetus demands for womb space, respiratory and micturition dis-comfort to the mother because of an increase in womb vol-ume, postural discomfort, etc., could be other factors that contribute to causing sleep distress. these factors may con-tribute to developing depression, anxiety, and antepartum suicidal tendency in some women during pregnancy and v. madan jha aging brain 3 100057 3 the postnatal period. also, late-sleeper pregnant women are highly sensitive to developing postpartum mania, depression, and obsessive-compulsive disorder. obeysekare et al., in one of their studies, divided the participating subjects into ''early and late sleeper"" groups based on their sleeping lifestyle. the early sleepers go to bed around 11: 30 pm, while the late sleepers sleep after 11: 30 pm. they reported that the late sleeping women had a higher prevalence of developing symptoms of mania, depression, and obsessive-compulsive disorder during the postpartum period. in another study, king et al. reported that poorly sleeping mothers exhibited sig-nificantly less maternal caregiving attitudes toward infants. from these studies, it appears that pregnancy and postpartum conditions influence sleep quite adversely. although the compensatory processes attempt to re-appropriate the sleep loss, if not compensated by any chance, it has long-lasting consequences on the child's health. sleep and sleep disturbances with normative aging sleep is vital for the maintenance of our normal health and cognition. unfortunately, sleep is altered in subjects with normative aging both qualitatively as well as quantitatively (fig. 1). the energy of the sleep oscillatory waves, sleep efficiency, total sleep time, nrem and rem sleep ratio, nrem and rem sleep episode length are significantly altered with aging. the noticeable changes in sleep architecture one can observe with aging are early bedtimes and rise times, sleep fragility, increase in n1 and n2 sleep stages and decrease in n3 sleep amount, etc in addition, sleep urge and daytime sleepiness are also prominent in older subjects. the aged subjects experience an alteration in circadian oscillation. for example, the circadian timing of body tem-perature rhythm and melatonin secretion in elderly sub-jects are altered, and it could be the causal factor of sleep disturbances in old adults. in addition, the wake-inducing circadian signal becomes weak in the aged per-son, especially during the evening, and sleepiness increases during the wake period (late afternoon). the old adults also exhibit a preference for morningness, a phe-nomenon that is associated with the circadian phase advancement. besides these, nrem sleep amount, along with the amplitude of delta waves and evoked k-complex, decrease in a linear fashion with normative aging. these studies suggest that there could be a gross alteration in homeostatic as well as circadian regulation of the sleep-wake cycle with aging. sleep also modulates the hormonal secretion of the neuroendocrine system. for example, the pituitary gland secretes and releases growth hormone only during sleep. aging significantly influences sleep amount, which decreases exponentially from adulthood to middle age (ap-prox 50 years) to late age (approx 80 years). it is, however, not known if the changes in sleep fragmentation and nrem sleep amount from younger to older adults are associated with a parallel decrease in growth hormone secretion. but the release of human growth hormone during sleep is significantly related to the synchronized stages of sleep, suggesting that these two are closely linked through a common neural mechanism. further, cauter et al. have observed that the elevated evening level of cortisol could be associated with an age-related decline in the rem sleep amount.

**8. File 59 - [The prevalence of sleep loss and sleep disorders in young and_extracted.pdf] - file_59_chunk_16_level_0**
sleep 2004; 27: 1567-96. ensrud ke, blackwell tl, ancoli-israel s, redline s, cawthon pm, paudel ml, et al. sleep disturbances and risk of frailty and mortality in older men. sleep med 2012; 13: 1217-25. ensrud ke, blackwell tl, redline s, ancoli-israel s, paudel ml, cawthon pm, et al. sleep disturbances and frailty status in older community-dwelling men. j am geriatr soc 2009; 57: 2085-93. ensrud ke, ewing sk, cawthon pm, fink ha, taylor bc, cauley ja, et al. a comparison of frailty indexes for the prediction of falls, disability, fractures, and mortality in older men. j am geriatr soc 2009; 57: 492-8. facco fl, kramer j, ho kh, zee pc, grobman wa. sleep disturbances in pregnancy. obstet gynecol 2010; 115: 77-83. fang h, tu s, sheng j, shao a. depression in sleep disturbance: a review on a bidirectional relationship, mechanisms and treatment. j cell mol med 2019; 23: 2324-32. ferrie je, kivimaki m, akbaraly tn, singh-manoux a, miller ma, gimeno d, et al. associations between change in sleep duration and inflammation: findings on c-reactive protein and interleukin 6 in the whitehall ii study. am j epidemiol 2013; 178: 956-61. fleetham ja, fleming jae parasomnias. cmaj 186: e273-e280. foley dj, vitiello mv, bliwise dl, ancoli-israel s, monjan aa, walsh jk. frequent napping is associated with excessive daytime sleepiness, depression, pain, and nocturia in older adults: findings from the national sleep foundation '2003 sleep in america' poll. am j geriatr psychiatry 2007; 15: 344-50. gadie a, shafto m, leng y, kievit ra. how are age-related differences in sleep quality associated with health outcomes? an epidemiological investigation in a uk cohort of 2406 adults. bmj open 2017; 7: e014920. gaffey ae, bergeman cs, clark la, wirth mm. aging and the hpa axis: stress and resilience in older adults. neurosci biobehav rev 2016; 68: 928-45. gelaye b, addae g, neway b, larrabure-torrealva gt, qiu c, stoner l, et al. poor sleep quality, antepartum depression and suicidal ideation among pregnant women. j affect disord 2017; 209: 195-200. gruenewald da, naai ma, marck bt, matsumoto am. age-related decrease in hypothalamic gonadotropin-releasing hormone (gnrh) gene expression, but not pituitary responsiveness to gnrh, in the male brown norway rat. j androl 2000; 21: 72-84. guzman-marin r, suntsova n, stewart dr, gong h, szymusiak r, mcginty d. sleep deprivation reduces proliferation of cells in the dentate gyrus of the hippocampus in rats. j physiol 2003; 549: 563-71. hershner s. is sleep a luxury that college students cannot afford? sleep health 2015; 1: 13-4. hirshkowitz m, whiton k, albert sm, alessi c, bruni o, doncarlos l, et al. national sleep foundation's sleep time duration recommendations: methodology and results summary. sleep health 2015; 1: 40-3. hornyak m, trenkwalder c. restless legs syndrome and periodic limb movement disorder in the elderly. j psychosom res 2004; 56: 543-8. inoue s, honda k, komoda y. sleep as neuronal detoxification and restitution. behav brain res 1995; 69: 91-6. irwin mr, archer g, olmstead r, brown tt, teplin la, patel sr, et al.

**9. File 59 - [The prevalence of sleep loss and sleep disorders in young and_extracted.pdf] - file_59_chunk_5_level_0**
these studies suggest that there could be a gross alteration in homeostatic as well as circadian regulation of the sleep-wake cycle with aging. sleep also modulates the hormonal secretion of the neuroendocrine system. for example, the pituitary gland secretes and releases growth hormone only during sleep. aging significantly influences sleep amount, which decreases exponentially from adulthood to middle age (ap-prox 50 years) to late age (approx 80 years). it is, however, not known if the changes in sleep fragmentation and nrem sleep amount from younger to older adults are associated with a parallel decrease in growth hormone secretion. but the release of human growth hormone during sleep is significantly related to the synchronized stages of sleep, suggesting that these two are closely linked through a common neural mechanism. further, cauter et al. have observed that the elevated evening level of cortisol could be associated with an age-related decline in the rem sleep amount. the release of another pituitary hormone, thyroid-stimulating hormone (tsh), is also asso-ciated with the sleep-wake cycle. the level of tsh remains low during the daytime but starts increasing in the late afternoon and attains a peak at sleep onset. the level of tsh declines gradually at night and returns to its low level during the day. since tsh secretory rhythm is tightly regulated by the sleep-wake pattern, hence, it is quite fig. 1. the changes in sleep architecture in an old adult are shown in comparison with a young healthy adult. the old adult exhibits more frequent arousal than the young adult. the hypnogram is taken and reproduced with permission and licensed from the paper entitled ''insomnia in the elderly: cause, approach, and treatment"" by licensed content authors nabil s. kamel, and julie k. gammack in the journal the american journal of medicine. (license number: 5416321461088; license date: oct 26, 2022). v. madan jha aging brain 3 100057 4 obvious that an age-associated altered sleep-wake cycle could influence the level of circulating tsh, which may, in turn, cause subclinical hypothyroidism and homeostatic ionic imbalance in old adults. subclinical hypothy-roidism causes cardiovascular and cognitive dysfunctions, depression, and disability. it is highly possible that age-associated physiological, cognitive, and bodily disabil-ity could be associated with sleep-deficit-mediated altered circulatory tsh levels in older adults. these studies alto-gether suggest that aging-associated decrease in health and cognition could mainly, if not exclusively, be due to poorer sleep quality. it is intriguing to ask that if a gradually decreasing sleep amount with aging is a normal phenomenon, then how and why does the quality of life gets compromised in older adults? we need to understand clearly that the sleep architecture changes as we grow, but frequent arousal, waking up tired almost every morning, and poor sleep are not part of normal aging. sleep is invariably getting disturbed due to the pressure of performing societal and professional duties in this mod-ern world. our brain and body undergo several physiolog-ical and behavioral changes because of sleep deprivation. numerous health issues, including metabolic dysfunction, hypertension, cerebral vascular disorders, diabetes, neu-rocognitive diseases, and cardiometabolic consequences, as well as increased mortality, may be caused by insuffi-cient sleep, be it either sleep quantity or quality, or both. besides these, there are over 80 different sleep disorders that have been reported, but the most common are hyper-somnia, circadian rhythm abnormalities, sleep-related movement disorders, obstructive sleep apnea, insomnia, etc. as adults get older, sleep problems begin, and mainte-nance of healthy sleep habits become more difficult. increased sleep latency (the amount of time needed to fall asleep), sleep fragmentation (the frequency of nightly awakenings), the length of awakenings, and a decrease in the total amount of sleep are symptoms that represent these challenges (fig. 1). some of the common sleep-associated diseases, which are quite prevalent in our soci-ety across ages, are deliberated here (table 1). sleep disorders in young and old adults insomnia, excessive sleepiness, and abnormal events that occur during sleep are the diagnostic features of sleep disorders or somnipathy (table 1). also, sleep is commonly altered in several diseases. for example, poor sleep quality and chronic fatigue are common among patients suffering from chronic diseases such as rheumatoid arthritis, fibromyalgia, etc. besides, sleep deficiency itself is the root cause of several diseases. hence, it is essential to have a complete understanding about sleep disorders and sleep alteration in various diseases."
"What is heart failure?","**Brief Introduction**
Heart failure (HF) is a clinical syndrome in which the heart is unable to pump blood efficiently enough to meet the body’s metabolic demands or to maintain normal intracardiac pressures.  It arises from a structural or functional cardiac abnormality that reduces cardiac output or raises filling pressures, and it is diagnosed only when symptoms appear and objective evidence of cardiac dysfunction is documented.  The syndrome is highly heterogeneous, encompassing a spectrum of pathophysiological mechanisms, clinical presentations, and therapeutic responses.
---
| Aspect | Summary | Source |
|--------|---------|--------|
| **Definition & Clinical Features** | Typical symptoms include dyspnoea, fatigue, ankle swelling, and exercise intolerance.  Signs may be elevated jugular venous pressure, pulmonary crackles, and peripheral oedema.  HF is confirmed when these symptoms are present **and** a demonstrable cardiac abnormality is identified. | ESC 2016 definition (file\_46\_chunk\_0\_level\_0) |
| **Pathophysiology** | Chronic neuro‑humoral activation (renin‑angiotensin‑aldosterone system, sympathetic nervous system, endothelin, vasopressin) drives maladaptive remodeling, increased afterload, impaired calcium handling, and mitochondrial energy deficits.  Inflammation and endothelial dysfunction further exacerbate myocardial stiffness and fibrosis. | Level‑1 summaries (file\_46\_summary\_5\_part\_0\_level\_1, file\_46\_summary\_2\_part\_0\_level\_1) |
| **Classification** | 1. **Ejection‑fraction (EF) categories** – HFrEF (EF < 40 %), HFpEF (EF > 50 %), HFmrEF (EF 40–49 %).  2. **NYHA functional class** – I – IV, reflecting symptom severity.  3. **Underlying mechanism** – pressure‑induced (e.g., hypertension, aortic stenosis), volume‑induced (e.g., MR, VSD), or pump failure. | Level‑1 summaries (file\_46\_summary\_1\_part\_0\_level\_1, file\_46\_summary\_1\_part\_0\_level\_2) |
| **Diagnostic Work‑up** | Non‑invasive imaging (echocardiography, cardiac MRI) to assess EF, wall motion, valvular disease, and structural remodeling.  Biomarkers – NT‑proBNP or BNP – quantify filling pressures and correlate with prognosis.  In selected cases, invasive haemodynamics or endomyocardial biopsy may be required. | Level‑1 summaries (file\_46\_summary\_5\_part\_0\_level\_1) |
| **Therapeutic Targets** | Neuro‑humoral antagonists (ACE‑I/ARB, ARNI, β‑blockers, MRAs) reduce mortality in HFrEF.  Diuretics relieve congestion.  Device therapy (ICD, CRT) and surgical interventions (valve repair/replacement) are indicated in specific phenotypes.  HFpEF lacks a proven mortality‑reducing pharmacologic strategy; management focuses on controlling comorbidities and risk factors. | Level‑1 summaries (file\_46\_summary\_5\_part\_0\_level\_1) |
| **Comorbidities & Risk Factors** | Anemia, iron deficiency, chronic kidney disease, type 2 diabetes, frailty, and polypharmacy are common and independently worsen outcomes.  SGLT2 inhibitors and metformin confer cardiovascular benefit, while iron repletion improves functional status.  Early detection of cardiotoxicity (e.g., from chemotherapy) is critical. | Level‑1 summaries (file\_46\_summary\_2\_part\_0\_level\_1, file\_46\_chunk\_13\_level\_0) |
| **Acute vs. Chronic HF** | Acute decompensation (often precipitated by arrhythmia, infection, or medication non‑adherence) presents with rapid worsening of dyspnoea and oedema.  Chronic HF is characterized by a “vicious cycle” of neuro‑humoral over‑activation and progressive remodeling. | Level‑2 summary (file\_46\_summary\_1\_part\_0\_level\_2) |
| **Prognosis** | HF is associated with a 5‑year mortality of 30–40 % in HFrEF and up to 50 % in HFpEF, largely driven by neuro‑humoral burden and systemic inflammation. | Level‑1 summaries (file\_46\_summary\_5\_part\_0\_level\_1) |
1. **Early Recognition** – Symptoms such as exertional dyspnoea or orthopnoea should prompt prompt evaluation with imaging and natriuretic‑peptide testing.  Early identification of cardiotoxicity in patients receiving chemotherapy or radiotherapy can prevent irreversible myocardial damage.
2. **Individualised, Mechanism‑Based Therapy** – While guideline‑directed medical therapy is life‑saving in HFrEF, HFpEF requires a tailored approach that prioritises control of hypertension, diabetes, and atrial fibrillation, and aggressive management of iron deficiency and anemia.  SGLT2 inhibitors have emerged as a class that benefits both HFrEF and HFpEF by reducing hospitalisation and mortality.
3. **Multidisciplinary Care** – Older patients often present with frailty, polypharmacy, and cognitive impairment.  A coordinated team (cardiologist, heart‑failure nurse, pharmacist, dietitian, geriatrician) is essential to optimise self‑care, medication adherence, and to reduce readmissions.
4. **Risk‑Factor Prevention** – Lifestyle modification, smoking cessation, blood‑pressure control, and weight management remain foundational, as these factors influence both the onset and progression of HF.
Heart failure is a complex, progressive syndrome defined by the heart’s inability to maintain adequate perfusion or normal filling pressures in the presence of a structural or functional defect.  Its heterogeneity—spanning neuro‑humoral, inflammatory, and mechanical derangements—necessitates a comprehensive, patient‑specific diagnostic and therapeutic strategy.  Guideline‑directed neuro‑humoral blockade, congestion control, device therapy, and meticulous management of comorbidities together form the cornerstone of contemporary HF care, while ongoing research into novel agents such as SGLT2 inhibitors continues to refine our therapeutic armamentarium.","**1. File 46 - [Pathophysiology of heart failure_extracted.pdf] - file_46_summary_5_part_0_level_1**
heart failure is a clinical syndrome with symptoms such as dyspnoea and fatigue caused by structural or functional cardiac abnormalities that reduce output or raise intracardiac pressures, diagnosed only when symptoms appear and cardiac dysfunction is demonstrated. it is classified by nyha functional class and by underlying pathophysiology (pressure- or volume-induced, systolic or diastolic), with hfpef and hfref differing in inflammation, endothelial dysfunction, cardiomyocyte hypertrophy, fibrosis, and response to neurohormonal activation. diagnosis relies on non-invasive imaging (echocardiography, mri) and biomarkers (nt-probnp, natriuretic peptides), while treatment targets neurohormonal pathways with ace inhibitors, arbs, arni, beta-blockers, mras, and may include valve repair or surgery. chronic activation of the sympathetic nervous system and raas, along with elevated inflammatory cytokines and endothelial dysfunction, drives a vicious cycle of volume overload, tachycardia, and progressive myocardial dysfunction, underscoring the need for individualized therapy and risk-factor prevention.

**2. File 46 - [Pathophysiology of heart failure_extracted.pdf] - file_46_summary_2_part_0_level_1**
heart failure causes systemic organ dysfunction through reduced peripheral circulation, neurohumoral activation, and volume overload, leading to cachexia, edema, and increased heart rate. chronic neurohumoral stimulation (renin-angiotensin-aldosterone, sympathetic, endothelin, vasopressin) drives ventricular remodeling, increased afterload, impaired calcium handling, and mitochondrial energy deficits, creating a vicious cycle of contractile dysfunction and arrhythmia risk. comorbidities such as anemia, iron deficiency, chronic kidney disease, diabetes, frailty, and polypharmacy are common, worsen prognosis, and require multidisciplinary management, with evidence that sglt2 inhibitors and metformin improve outcomes while iron repletion improves quality of life. despite advances, many patients with severe comorbidities are underrepresented in trials, underscoring the need for targeted therapies addressing metabolic, neurohormonal, and oxidative stress pathways in heart failure.

**3. File 46 - [Pathophysiology of heart failure_extracted.pdf] - file_46_summary_1_part_0_level_2**
heart failure progresses through a vicious cycle of neurohumoral activation, maladaptive remodeling, and organ hypoperfusion, leading to symptoms such as dyspnea, fluid retention, and systemic complications; it is classified by ejection fraction into hfref, hfpef, and hfmref, each with distinct pathophysiology—hfref involves systolic dysfunction and cardiomyocyte loss, while hfpef is driven by inflammation, endothelial dysfunction, and concentric hypertrophy. treatment requires guideline-directed neurohormonal antagonists, diuretics, and device or surgical interventions for hfref, whereas hfpef management focuses on comorbidity control, oxidative stress reduction, and emerging mitochondrial therapies. early detection of cardiotoxicity, multidisciplinary care, and individualized risk-factor prevention are essential to halt disease progression.

**4. File 46 - [Pathophysiology of heart failure_extracted.pdf] - file_46_summary_1_part_0_level_1**
understanding heart failure pathophysiology is essential for individualized therapy and risk factor prevention. heart failure is classified by ejection fraction into reduced (hfref, ef<40%), preserved (hfpef, ef>50%) and mid-range (hfmref, ef 40-49%), with hfpef patients lacking evidence-based treatments and hfref patients often having treatable causes such as coronary disease or valve lesions. neurohumoral activation (renin-angiotensin-aldosterone and sympathetic systems) drives maladaptive remodeling, increases myocardial oxygen demand, and predicts mortality, while structural changes such as eccentric or concentric hypertrophy and chamber dilation impair preload-dependent stroke volume via the frank-starling mechanism. acute decompensation, comorbidities, frailty, and polypharmacy necessitate multidisciplinary care, and early detection of cardiotoxicity (e.g., anthracycline-induced) with echocardiographic strain and troponin monitoring allows timely intervention to preserve function.

**5. File 46 - [Pathophysiology of heart failure_extracted.pdf] - file_46_chunk_0_level_0**
(c) cardiovascular diagnosis and therapy. all rights reserved. cardiovasc diagn ther 2021; 11: 263-276 | definition and etiology heart failure is a clinical syndrome characterized by typical symptoms (e.g., dyspnoea, ankle swelling, fatigue) that may be accompanied by signs (e.g., elevated jugular venous pressure, pulmonary crackles, peripheral oedema) caused by a structural and/or functional cardiac abnormality, leading to a reduced cardiac output and/or elevated intracardiac pressures at rest or during stress (definition according to the european society of cardiology, esc 2016). heart failure is present only when symptoms are apparent. the demonstration of an underlying cardiac dysfunction is essential for the diagnosis of heart failure. this is usually a cardiac abnormality (e.g., myocardial infarction) causing systolic and/or diastolic ventricular dysfunction. abnormalities of the valves (stenosis, regurgitation), pericardium, endocardium, heart rhythm/conduction or a combination of these alterations may also initiate heart failure. identification of the pathophysiological mechanism leading to heart failure is crucial to choose adequate therapeutic options i.e., valve repair, treatment of rhythm disorders, pharmacological treatment. the clinical severity of heart failure is graded according the new york heart association (nyha) on the basis of clinical symptoms at various degrees of physical activity of the patient. the american college of cardiology (acc) and the american heart association (aha) introduced a classification which combines clinical symptoms and pathophysiology of heart failure robert h. g. schwinger kardiologie, nephrologie/hypertonie, pneumologie, internistische intensivmedizin, medizinische klinik ii, klinikum weiden, weiden, germany correspondence to: professor dr.med. robert h. g. schwinger. kardiologie, nephrologie/hypertonie, pneumologie, internistische intensivmedizin, medizinische klinik ii, klinikum weiden, kliniken nordoberpfalz ag, sollnerstr. 18, 92637 weiden i.d. opf., weiden, germany. email: . abstract: heart failure is an epidemic disease which affects about 1% to 2% of the population worldwide. both, the etiology and phenotype of heart failure differ largely. following a cardiac injury (e.g., myocardial infarction, increased preload or afterload) cellular, structural and neurohumoral modulations occur that affect the phenotype being present. these processes influence the cell function among intra-as well as intercellular behavior. in consequence, activation of the sympathoadrenergic and renin-angiotensin- aldosterone-system takes place leading to adaptive mechanisms, which are accompanied by volume overload, tachycardia, dyspnoea and further deterioration of the cellular function (vicious circle). there exists no heart failure specific clinical sign; the clinical symptomatic shows progressive deterioration acutely or chronically. as a measure of cellular dysfunction, the level of neurohormones (norepinephrine) and natriuretic peptides (e.g., nt-pro bnp) increase. for the diagnosis of heart failure, noninvasive (echocardiography, nmr, nt-probnp) and invasive (heart catheterization, biopsy) diagnostic procedures are implemented. modulation of the activated systems by ss-blocker, ace-inhibitors and arni improve outcome and symptoms in heart failure patients with left ventricular dysfunction. interventional and surgical therapy options may be performed as well. the understanding of the underlying pathophysiology of heart failure is essential to initiate the adequate therapeutic option individually for each patient. furthermore, prevention of cardiovascular risk factors is essential to lower the risk of heart failure. keywords: heart failure; pathophysiology; hfpef; hfref; treatment of heart failure submitted feb 28, 2020. accepted for publication may 28, 2020. doi: 10.21037/cdt-20-302 view this article at: review article on heart failure in the young and old: insights into various therapies 264 schwinger. hf pathophysiology (c) cardiovascular diagnosis and therapy. all rights reserved. cardiovasc diagn ther 2021; 11: 263-276 | the concomitant disease and risk factors to develop heart failure. the lifetime risk to develop heart failure is about one in five for a 40-year-old man in europe or north-america and increases with age.

**6. File 46 - [Pathophysiology of heart failure_extracted.pdf] - file_46_chunk_2_level_0**
acute decompensation of chronic heart failure is the most common type of clinical presentation of acute heart failure. heart failure may be also classified according to the affected circulatory system (right-sided; left-sided) or the underlying pathophysiological factor leading to cardiac dysfunction (pressure-induced: aortic stenosis, hypertension; volume-induced: asd, vsd, mitral regurgitation) (table 2). excessive preload, excessive afterload or pump failure may lead to low output heart failure. high-output failure results from a mismatch of cardiac output (stroke volume, heart rate) and circulatory oxygen demand (e.g., high heart rate in anemia). table 1 predominant clinical situations for systolic and diastolic heart failure systolic heart failure diastolic heart failure coronary artery disease diabetes mellitus arterial hypertension arterial hypertension valvular heart disease (volume load) valvular heart disease (pressure load) arrhythmia hypertrophic cardiomyopathy inflammatory diseases restrictive cardiomyopathy idiopathic cardiomyopathy constrictive pericarditis toxic cardiomyopathy (alcohol) amyloidosis (storage disease) 265 cardiovascular diagnosis and therapy, vol 11, no 1 february 2021 (c) cardiovascular diagnosis and therapy. all rights reserved. cardiovasc diagn ther 2021; 11: 263-276 | pathophysiological differences between hfpef and hfref only in hfref but not in hfpef evidence-based therapy offers improvement in symptoms and prognosis. these differences highlight the need for understanding the differences in the pathophysiology between hfref and hfpef which might also influence treatment-targets. a common fact for both is the increasing incidence and high mortality. differences in pathological development of hfref and hfpef, have been reported for aspects of inflammation and endothelial function, cardiomyocyte hypertrophy and death, alterations in the giant spring titin, and fibrosis and other aspects. hfpef is characterised by structural and cellular alterations leading to an inability of the left ventricle to relax properly, e.g., cardiomyocyte hypertrophy, intercellular fibrosis, altered cardiomyocyte relaxation and inflammation. hfpef is often connected with chronic comorbidities, such as arterial heart failure progression ejection fraction (ef) cardiovascular riscfactor hypertension obesity diabetes and others hypertrophy (concentric) coronary heart disease (eccentric) time factors influencing phenotypes damaging factor volume load (lvedv) eccentric figure 1 the phenotype of the heart may be predominantly excentric (e.g., following volume overload, myocardial infarction), concentric (e.g., following pressure overload, aortic stenosis) or a combination of both. the adaptive remodeling (change in lv mass, volume, structure) is influenced by the phenotype, comorbidities (e.g., diabetes), risk factors (e.g., hypertension) and by the damaging factors (e.g., myocardial stress following volume load after nsar treatment; high heart rate). the left ventricular ejection fraction depends on filling pressure and volume. permanent overload initiates structural remodeling with chamber dilatation and shift of the pressure-volume relationship which further deteriorate cardiac function. table 2 predominant clinical situations for left-sided and right-sided heart failure left-sided heart failure right-sided heart failure coronary artery disease coronary artery disease (right ventricle mi) hypertension copd myocarditis pulmonary hypertension heart valve disease pulmonary valve stenosis tachycardiomyopathy pulmonary embolism tricuspidal regurgitation pneumothorax pericardial effusion 266 schwinger. hf pathophysiology (c) cardiovascular diagnosis and therapy. all rights reserved. cardiovasc diagn ther 2021; 11: 263-276 | hypertension, type 2 diabetes mellitus (t2dm), obesity, renal insufficiency, pulmonary disease, liver disease, sleep apnoea, gout, and cancer. the inflammatory process in hfpef is often linked to these comorbidities e.g., diabetes which also exert activation of inflammation. endothelial cells represents about 60% of non-cardiomyocytes and endothelial dysfunction seen early in cardiovascular disease is more often present in hfpef than hfref. endothelial dysfunction can be the result of various adaptive mechanisms following reduced cardiac output e.g., neurohumoral activation, vasoconstriction, increased oxidative stress, imbalance of nitric oxide or energy bioavailability. but endothelial dysfunction (initiated by comorbidities) may be precursor of cardiac dysfunction in hfpef also. hfpef shows a broad spectrum of heterogeneity. some comorbidities and risk factors are shared but some are different between hfref and hfpef (table 1). patients with hfpef are older and show a two-fold predominance of females.

**7. File 46 - [Pathophysiology of heart failure_extracted.pdf] - file_46_chunk_1_level_0**
the understanding of the underlying pathophysiology of heart failure is essential to initiate the adequate therapeutic option individually for each patient. furthermore, prevention of cardiovascular risk factors is essential to lower the risk of heart failure. keywords: heart failure; pathophysiology; hfpef; hfref; treatment of heart failure submitted feb 28, 2020. accepted for publication may 28, 2020. doi: 10.21037/cdt-20-302 view this article at: review article on heart failure in the young and old: insights into various therapies 264 schwinger. hf pathophysiology (c) cardiovascular diagnosis and therapy. all rights reserved. cardiovasc diagn ther 2021; 11: 263-276 | the concomitant disease and risk factors to develop heart failure. the lifetime risk to develop heart failure is about one in five for a 40-year-old man in europe or north-america and increases with age. main risk factors are coronary heart disease, hypertension, diabetes mellitus, a family history of heart disease, obesity, chronic pulmonary diseases, inflammation or chronic infection, metabolic diseases, treatment with cardiotoxic agents (cocaine, anthracycline therapy in oncology e.g., doxorubicin, trastuzumab in treatment of breast cancer) or alcohol abuse. cardiotoxic agents may induce cardiotoxicity acutely, early-onset chronically or late-onset chronically. anthracycline-containing therapy lead to cardiotoxicity mostly within the first year and is associated with the given dose and the lvef at the end of treatment. early detection (echocardiographic strain imaging; cardiac biomarker troponin) and early treatment (ace-i, ss blocker, change in cancer treatment) of depressed cardiac function after anthracycline induced cardiotoxicity is crucial for recovery of the heart function. heart failure is a progressive disease with an annual mortality rate of about 10%. the main causes of death are sudden cardiac death (>50%) or organ dysfunction due to hypoperfusion. classification patients with heart failure may present with low or reduced ejection fraction (hfref: ef <40%; also systolic heart failure), preserved ejection fraction (hfpef: ef >50%; also diastolic heart failure) or mid-range (hfmref: ef 40-49%) ejection fraction. patients with hfpef are more often older, female, obese with a history of hypertension and/or atrial fibrillation. no evidence-based therapy to improve outcome can be offered for patients with hfpef. hfref patients show up more often with coronary heart disease (myocardial infarction), valve disease (aortic stenosis, mitral regurgitation) or uncontrolled hypertension; these more exactly defined underlying diseases in hfref are to be treated more effectively via medication, surgery or intervention (table 1). the main structural alteration in hfref is eccentric remodeling accompanied with chamber dilatation and often volume-overload leading to forward failure typically as consequence of large anterior myocardial infarction. the volume overload is most often the result of permanent neurohumoral activation (raa-system). hfpef shows impaired ventricular relaxation and/or filling, increased ventricular stiffness and thus elevated filling pressure accompanied by pressure overload. these hearts show concentric remodeling and/or ventricular hypertrophy accompanied by pressure overload and often backward failure (figure 1). heart failure may present acutely (de novo) e.g., as a consequence of acute myocardial infarction or hypertensive emergency, or in otherwise stable patients with stable heart failure symptoms for months, who can also decompensate acutely (e.g., nsar treatment; increased fluid intake; high heart rate in atrial fibrillation). acute decompensation of chronic heart failure is the most common type of clinical presentation of acute heart failure. heart failure may be also classified according to the affected circulatory system (right-sided; left-sided) or the underlying pathophysiological factor leading to cardiac dysfunction (pressure-induced: aortic stenosis, hypertension; volume-induced: asd, vsd, mitral regurgitation) (table 2). excessive preload, excessive afterload or pump failure may lead to low output heart failure. high-output failure results from a mismatch of cardiac output (stroke volume, heart rate) and circulatory oxygen demand (e.g., high heart rate in anemia).

**8. File 46 - [Pathophysiology of heart failure_extracted.pdf] - file_46_chunk_7_level_0**
angiotensin ii mediates its effects via g protein coupled receptors, i.e., at1r (vasculature, kidney, adrenal cortex, lungs, brain, myocardial cell nerves) and at2r; at3r and at4r are less characterized. the at1r mediated effects are more cardiodepressive (vasoconstriction, hypertrophy, cell proliferation, inflammation, catecholamine and aldosterone release etc.) but the at2r mediated effects are more cardioprotective (vasodilatation, bradykinin release, antiproliferative, anti-inflammation, antioxidative) (figure 4). aldosterone increases the sodium and water reabsorption in the kidney and thus the circulatory fluid i.e., preload and blood pressure. also, tissue chymase activation and conversion of kallikrein and cathepsin g may lead to angiotensin ii expression. there is an imbalance in human heart failure between vasoconstrictive and vasodilatory factors (nitric oxide, bradykinin, natriuretic peptides). myocardial stretch (volume, pressure) leads to release of natriuretic peptides from cardiomyocytes to counteract the constrictive effects (see above). natriuretic peptides promote vasodilatation, diuresis and bnp (brain natriuretic peptide) inhibit the raa and the sympathoadrenergic activation. the levels of natriuretic peptides have diagnostic and prognostic relevance (table 3). chronic inflammation beside acute heart failure due to myocarditis (virus-mediated acute heart failure) the depressed heart function may result also from chronic activation of inflammation processes. the concentration of circulating proinflammatory figure 3 neuroendocrine activation in human heart failure lead to elevation of several neuroendocrine and natriuretic peptides (red arrows). ace, angiotensin converting enzyme; ang'en, angiotensinogen; ang i/ii, angiotensin i/ii; at1/2r, angiotensin receptor 1/2; co, cardiac output; svr, systemic vascular resistance; treatment option in green: bb, beta blocker; mra, mineralocorticoid receptor antagonist; acei, ace inhibitor; arb, at blocker; arni, angiotensin-receptor-neprilysin-inhibitor. changes in heart failure || treatment option bulbar circulatory center sympathoadregic stimulation blood pressure co svr | arni neprilysin bb arb acei vasoconstriction vasodilatation na2 | h2o | ang ii | renin | at2r ang i aldosteron anp | bnp| kidney |adrenalin ang'en at1r |aldo-steron ace |nor-adrenalin a-ar mra nn neuroendocrine activation in heart failure heart 270 schwinger. hf pathophysiology (c) cardiovascular diagnosis and therapy. all rights reserved. cardiovasc diagn ther 2021; 11: 263-276 | cytokines (tnfa, il-1, il-6) are increased in heart failure and some causal pathophysiological function are discussed. patients with chronic heart failure and elevated il-10 and tnfa concentration show significantly higher mortality. in addition, plasma concentrations of chemokines are elevated in heart failure (mcp-1a) as well as some other proinflammatory mediators (crp). these processes may be both acutely adaptive and chronically maladaptive. altered contraction and relaxation in human cardiomyocytes altered intracellular calcium-handling following an action potential, ca 2+ enters cardiac myocytes via l-type ca 2+-channels and initiates a large ca 2+-release through the sarcoplasmatic reticulum (calcium induced calcium release, cic). this ca 2+ binds to troponin c initiating actin-myosin interaction and thus myocardial contraction. during diastole ca 2+ diffuses away from troponin c and will be re-uptaken into the sarcoplasmatic reticulum by action of the serca which is under regulatory control of phospholamban. the amount of ca 2+ moving through l-type ca 2+ into the cell will be extruded by the nat/ca 2+-exchanger (figure 5).

**9. File 46 - [Pathophysiology of heart failure_extracted.pdf] - file_46_chunk_13_level_0**
reappraisal of metformin efficacy in the treatment of type 2 diabetes: a meta-analysis of randomised controlled trials. plos med 2012; 9: e1001204.19. verma s, mcmurray jjv. scglt2 inhibitors and mechanisms of cardiovascular benefit: a state-of-the-art review. diabetologia 2018; 61: 2108-17.20. mcmurray jjv, solomon sd, inzucchi se, et al. dapagliflozin in patients with heart failure and reduced ejection fraction. n engl j med 2019; 381: 1995-2008.21. zinman b, wanner c, lachin jm, et al. empareg outcome investigators. empagliflozin, cardiovascular outcomes, and mortality in type 2 diabetes. n engl j med 2015; 373: 2117-28.22. packer m. lessons learned from the dapa-hf trial concerning the mechanisms of benefit of sglt2 inhibitors on heart failure events in the context of other large-scale trials nearing completion. cardiovasc diabetol 2019; 18: 129.23. turner g, clegg a. best practice guidelines for the management of frailty: a british geriatrics society, age uk and royal college of general practitioners report. age ageing 2014; 43: 744-7.24. chidsey ca, braunwald e, morrow ag. catecholamin excretion and cardiac stores of norepinephrine in congestive heart failure. am j med 1965; 39: 442-51.25. seravalle g, quarti-trevano f, dell'oro r, et al. sympathetic and baroreflex alterations in congestive heart failure with preserved, midrange and reduced ejection fraction. j hypertens 2019; 37: 443-8.26. brixius k, reuter h, bloch w, et al. altered hetero-and homeometric autoregulation in the terminally failing human heart. eur j heart fail 2005; 7: 29-35.27. schwinger rhg, bohm m, koch a, et al. the failing human heart is unable to use the frank-starling mechanism. circ res 1994; 74: 959-69.28. glower dd, spratt ja, snow nd, et al. linearity of the frank-starling relationship in the intact heart: the concept of preload recruitable stroke work. circulation 1985; 71: 994-1009.29. kehat i, molkentin jd. molecular pathways underlying 275 cardiovascular diagnosis and therapy, vol 11, no 1 february 2021 (c) cardiovascular diagnosis and therapy. all rights reserved. cardiovasc diagn ther 2021; 11: 263-276 | cardiac remodeling during pathophysiological stimulation. circulation 2010; 122: 2727-35.30. bristow mr, ginsburg, r, minobe w, et al. decreased catecholamine sensitivity and b-adrenergic-receptor density in failing human hearts. n engl j med 1982; 307: 205-11.31. lohse mj, engelhardt s, eschenhagen t. what is the role of beta-adrenergic signaling in heart failure? circ res 2003; 93: 896-906.32. bohm m, larosee k, schwinger rhg, et al. evidence for reduction of norepinephrine uptake sites in the failing human heart. j am coll cardiol 1995; 25: 146-53.33. ishikawa y, sorota s, kiuchi k, et al. downregulation of adenylylcyclase types v and vi mrna levels in pacing-induced heart failure in dogs. j clin invest 1994; 93: 2224-9.34. goldsmith sr. the role of vasopressin in congestive heart failure. cleve clin j med 2006; 73: s19-23.35. urata h, arakawa k. angiotensin ii-forming systems in cardiovascular diseases. heart failure rev 1998; 3: 119-24.36. dendorfer a, thornagel a, raasch w, et al. angiotensin ii induces catecholamine release by direct ganglionic excitation.

**10. File 46 - [Pathophysiology of heart failure_extracted.pdf] - file_46_chunk_5_level_0**
comorbidities and aging via influencing cognitive and self-care ability affect management of heart failure patients. also, polypharmacy is present often. in addition, frailty [frailty scores ] is common in these patients. in consequence, a multidisciplinary team is needed to take care especially for older heart failure patients to reduce hospitalizations and improve outcome. activation of compensatory mechanisms neurohumoral activation to overcome the impaired metabolic situation (central/ heart, peripheral) following reduced cardiac function or increased cardiac load several compensatory mechanisms will be activated i.e., activation of the neurohumoral system (renin-angiotensin-aldosterone-system (raa), sympathoadrenergic system) as well as adaptive mechanisms on the cellular and molecular level. in consequence, the muscle sympathetic nerve traffic is increased in hfref, hfmref and hfpef. catecholamines increase via ss-adrenoceptor activation intracellular calcium and thus the contractility; however, on a long run catecholamines also increase myocardial oxygen demand, predispose for life-threating arrhythmias and activate signaling pathways of hypertrophy and cell death. in consequence, cardiac function further deteriorates and is associated with adverse outcome (vicious circle). the permanent neurohumoral activation also affect cell expression and cell function e.g., the stretch-induced force generation (frank-starling mechanism), the frequency-induced force generation (bowditch effect) and interstitial and structural cell-interaction (hypertrophy, fibrosis), and is a predictor of mortality in heart failure. pressure-volume relationship the left ventricular function is dependent on myocardial contractility, preload (diastolic filling volume and maximal stretch length) and afterload (resistance of the peripheral vasculature, aortic compliance). the frank starling mechanism is the ability of the heart to change its contractile force and thus increase stroke volume due to elevated preload. on a cellular level it is dependent on the length (sarcolemmal)-tension (-force) relationship. this relationship may change depending on the heart failure situation and may also reach a plateau when the heart is no further able to increase force following increased stretch. part of the frank-starling mechanism is also the cross talk of right and left ventricular function. through shared myocardium (the interventricular 268 schwinger. hf pathophysiology (c) cardiovascular diagnosis and therapy. all rights reserved. cardiovasc diagn ther 2021; 11: 263-276 | septum and the common pericardium) the left ventricular contraction influences pressure development in the right ventricle; loading of the right ventricle (volume or pressure) is affecting stretch of myocytes involved in left ventricular function. the force generation of the left ventricle is thereby influenced by preload of the right heart. in addition, the pressure and volume changes during a heart circle are described by the pressure-volume diagram. the ventricular filling pressure increases when venous return fills the chamber (preload). the stroke volume will be dependent on preload, afterload and inotropy and is described as pressure-volume loop (figure 2). structural changes chronic or acute injury (e.g., myocardial infarction) as well as overload (volume, pressure) of the heart will initiate structural and subsequent functional changes. in consequence physiological (mostly reversible) or pathological (e.g., fibrosis) adaptation occur and involve cardiomyocytes (hypertrophy, apoptosis, necrosis), fibroblasts (proliferation), endothelium and interstitium (extracellular matrix). these adaptive or maladaptive processes are the same, independent of the underlying pathological mechanism and involve the entire heart. additionally, activation of the neurohumoral systems (angiotensin ii, endothelin i, vasopressin), hemodynamic changes, or systemic inflammation (proinflammatory mediators il 1, il 8, tnfa) may act as modifiers. structural changes involve ventricular hypertrophy (ventricular mass), chamber dilatation, disorganization of cardiomyocytes and consequently the wall tension increases accompanied by a reduction of the subendocardial perfusion. these processes may further deteriorate cardiac function (vicious circle) (figure 1). baroreceptor stimulation following impaired contractility, the sympathoadrenergic system, the raa (renin-angiotensin-aldosterone)-system and the release of vasoactive peptides (natriuretic peptides) are stimulated (figure 3). measures for increased tone are located in the carotid sinus, aortic arch and in left ventricle."
"I am obese, how much does my lifestyle matter in this regard?","**Brief Introduction**
Obesity is a complex, multifactorial condition in which genetics, environment, and behaviour all play a role. Recent large‑scale analyses using polygenic risk scores (PRS) for body‑mass index (BMI) and detailed lifestyle data from the UK Biobank demonstrate that lifestyle choices can substantially modify an individual’s risk of becoming obese and of developing obesity‑related complications, even when genetic susceptibility is high.
---
| Aspect | What the data show |
|--------|--------------------|
| **Genetic risk alone** | Individuals in the highest quintile of the BMI PRS had a 1.8‑fold higher risk of incident obesity compared with those in the lowest quintile, independent of lifestyle. |
| **Lifestyle alone** | A healthy lifestyle (≥4 of 5 healthy behaviours) was associated with a 35 % lower risk of incident obesity compared with a poor lifestyle (≤1 healthy behaviour). |
| **Interaction** | The combined effect of high genetic risk and poor lifestyle was markedly greater than the sum of the individual effects (p‑interaction < 0.001). Importantly, those with high genetic risk who maintained a healthy lifestyle had obesity risks comparable to individuals with low genetic risk. |
| **Magnitude of benefit** | The absolute difference in obesity risk between healthy and poor lifestyles widened progressively across higher PRS quintiles. For example, in the top quintile of genetic risk, the 10‑year risk of obesity was ~25 % lower for those with a healthy lifestyle versus a poor lifestyle. |
| **Specific lifestyle drivers** | Sedentary behaviour had the strongest association with obesity, followed by low physical activity and poor diet. Alcohol consumption and sleep duration also contributed but to a lesser extent. |
| **Impact on comorbidities** | The same pattern held for 20 obesity‑related morbidities (e.g., type 2 diabetes, hypertension, cardiovascular disease). When BMI was statistically adjusted for, the association between PRS and morbidity largely disappeared, underscoring BMI as the key mediator. |
| **Weight‑loss interventions** | While lifestyle interventions (diet, exercise, sleep hygiene) can produce modest weight loss (5–10 % of initial body weight), they are often insufficient to sustain long‑term weight loss in isolation. However, they remain the cornerstone of prevention and management of obesity‑related complications. |
1. **Lifestyle is a powerful modifiable factor**
- Even for patients with a high genetic predisposition, adherence to a healthy lifestyle can bring obesity risk down to levels seen in those with low genetic risk.
- Clinicians should therefore prioritize lifestyle counselling for all patients, regardless of genetic background.
2. **Targeted lifestyle components**
- Reducing sedentary time (≤2 h/day of TV/computer use) and increasing moderate‑to‑vigorous physical activity (≥3000 MET‑min/week) are the most impactful.
- A diet rich in fruits, vegetables, whole grains, and fish, with limited refined grains, processed meats, red meats, and sugary foods, should be encouraged.
- Moderate alcohol intake (≤14 g/day for women, ≤28 g/day for men) and 6–8 h of sleep per night also contribute to risk reduction.
3. **Risk communication**
- Use of PRS can help stratify patients into low, intermediate, and high risk groups.
- Communicating that “your lifestyle can offset your genetic risk” may motivate patients who feel resigned to their genetic profile.
4. **Preventive focus**
- Because obesity drives many chronic diseases, lifestyle modification should be viewed as a preventive strategy to reduce future morbidity and mortality.
- Early intervention (before significant weight gain) is more effective than attempting to reverse established obesity.
5. **Integration with other therapies**
- For patients struggling to lose weight with lifestyle alone, adjunctive pharmacotherapy or bariatric surgery may be considered, but lifestyle optimisation remains essential for long‑term metabolic health.
The evidence from the UK Biobank shows that **lifestyle matters profoundly for obesity risk and its complications, even in the presence of strong genetic predisposition**. A healthy lifestyle—defined by adherence to four or more of the five key behaviours (physical activity, diet, limited sedentary time, moderate alcohol, adequate sleep)—can neutralise the excess risk conferred by a high BMI PRS. Therefore, regardless of your genetic profile, focusing on these modifiable behaviours is a critical and effective strategy for managing obesity and reducing the burden of its associated diseases.","**1. File 10 - [Association of genetic risk, lifestyle, and their interaction with obesity and obesity-related morbidities_extracted.pdf] - file_10_summary_0_part_0_level_1**
we quantified inherited obesity susceptibility with a polygenic score for body mass index in 338, 645 uk biobank participants and created a composite lifestyle score from physical activity, diet, sedentary behavior, alcohol consumption, and sleep duration. high genetic risk combined with poor lifestyle was associated with a markedly increased risk of obesity, with a significant interaction (pinteraction<0.001). the absolute difference in obesity risk between healthy and poor lifestyles widened progressively across higher polygenic score quintiles, indicating that lifestyle can attenuate genetic risk. our findings suggest that promoting healthy lifestyles is beneficial for all individuals, regardless of genetic background, and we also examined the impact on 20 obesity-related morbidities.

**2. File 10 - [Association of genetic risk, lifestyle, and their interaction with obesity and obesity-related morbidities_extracted.pdf] - file_10_summary_1_part_0_level_2**
high genetic risk combined with poor lifestyle markedly increases obesity risk, with a significant interaction. healthy lifestyle can attenuate genetic risk, as high polygenic score individuals with healthy habits had risks similar to lower genetic risk. the effect on obesity-related morbidities is largely mediated by bmi, and weighted lifestyle scoring confirms the same pattern.

**3. File 10 - [Association of genetic risk, lifestyle, and their interaction with obesity and obesity-related morbidities_extracted.pdf] - file_10_summary_4_part_0_level_1**
this study used 338, 645 unrelated white-british participants from uk biobank to examine how a polygenic risk score for bmi interacts with lifestyle behaviours to influence incident obesity and obesity-related morbidities. individuals with a high polygenic score and an unhealthy lifestyle had markedly increased risks of obesity and morbidities, whereas those with a high polygenic score but a healthy lifestyle had risks comparable to individuals with lower genetic risk. the association between genetic risk and morbidities was largely mediated by measured bmi, as adjustment for bmi attenuated the risk. a weighted lifestyle score, accounting for differential obesity associations of each behaviour, produced the same pattern of results as an unweighted score. the findings demonstrate that adherence to a healthy lifestyle can mitigate genetic susceptibility to obesity and its complications across all genetic backgrounds.

**4. File 10 - [Association of genetic risk, lifestyle, and their interaction with obesity and obesity-related morbidities_extracted.pdf] - file_10_summary_3_part_0_level_1**
high polygenic score for bmi and poor lifestyle jointly increase obesity risk, but adherence to a healthy lifestyle reduces risk even in those with high genetic predisposition. the study found significant additive interaction, with 56.6% of joint effect attributable to genetic risk alone, 25.2% to lifestyle alone, and 18.1% to their interaction. sedentary behavior was the strongest lifestyle factor associated with obesity, followed by low physical activity and poor diet. these findings suggest that promoting healthy lifestyles can mitigate obesity-related multimorbidities in genetically susceptible individuals and counter deterministic views of genetic risk.

**5. File 41 - [Obesity and cardiovascular health_extracted.pdf] - file_41_chunk_1_level_0**
obesity results in a state of chronic inflammation, abnormal hormonal and immune system responses, and ultimately systemic metabolic dysregulation.1 the aeti ology of obesity is multifactorial with genetics, environmental factors, socioeconomic status, and behavioural factors all contributing to the development and persistence of obesity. obesity is a major risk factor for many of the most prevalent global chronic diseases including dia betes, hypertension, cardiovascular disease (cvd), kidney disease, chronic respiratory disease, and multiple types of cancers. it is esti mated that obesity is directly responsible for at least 200 000 new can cer cases each year across europe.2 the direct and indirect costs to society are immense placing significant strain on the health systems and other social resources in many countries. the world health organization (who) defines overweight individuals as having a body mass index (bmi) >25 kg/m2 and obese indi viduals having a bmi >30 kg/m2.2 although bmi is not a perfect measure of obesity, it is easy to calculate and in most groups of people correlates well with the percentage of body fat and body fat mass. the prevalence of obesity has risen to epidemic levels in many countries in the past 50 years. as of 2011, nearly 1.5 billion people worldwide were overweight or ob ese, and it is estimated that almost 60% of adults and nearly one in three children (29% of boys and 27% of girls) in the who european region are overweight or obese.2 in 2018, age-adjusted prevalence of obesity among adults in the usa based upon data collected for national health and nutrition examination survey (nhanes) was 42.4%.3 initially a disease of wealthy people in high-income nations, obesity is now a disease of the poor due to global socioeconomic forces including the adoption of global free trade and economic growth and urbanization of low-and middle-income countries.3 in wealthy nations like the usa, overweight and obesity disproportionately affects low-income and minority residents. non-hispanic black women have the highest rates of obesity in the usa --nearly 57%, compared with 44% in hispanic american women, 40% in non-hispanic white women, and 17% of non-hispanic asian women.3 physiologically, humans evolved to store calories and conserve energy. this likely conveyed a reproductive and survival advantage, buffering against starvation and avoiding disease-induced anorexia (the thrifty gene hypothesis).4 while storing some amount of fat would have been advantageous, storing large amounts of fat would have increased suscep tibility to predation. it is hypothesized that this absence of predation se lection in the last 30 000 years allowed for genes that promote energy storage and obesity to persist and drift forward in the genetic journey of human evolution rather than be selected out (the drifty gene hypoth esis).4, 5 while genetic susceptibility for obesity plays a role in our current obesity epidemic, the evolution of our current obesogenic environment in the last 50 years is the catalyst for the rapid rise in obesity rates in this time frame. the modern western lifestyle, particularly the overconsumption of hyperpalatable, calorie-dense foods, lack of physical activity (pa), and increased sedentary behaviours facilitated by dramatic shifts in global food production, economic changes in types of employment, transporta tion, the rise of suburban living, and loss of communal green spaces, con tributes to the rising obesity rates.6 as this western lifestyle has spread globally, we have seen the global rise in obesity in less economically devel oped nations across various ethnicities and across all age groups. once significant weight gain and obesity occurs for the individual, weight loss through healthy lifestyle interventions including severe cal orie restricted diets, education about healthy food choices, and increas ing pa and scheduled exercise most often fail to achieve and maintain significant weight loss (defined as 5-10% loss of initial body weight). randomized controlled trials looking at weight loss through lifestyle interventions in obese individuals with and without diabetes, such as the look ahead trial, have demonstrated modest metabolic benefits without a reduction in cardiovascular events or mortality benefit. in addition, lifestyle interventions for the management of obesity involv ing severe calorie restriction almost always demonstrate rapid weight regain even when weight maintenance therapy is provided.7, 8 undoubtedly, the key to combating the obesity pandemic is preventing people from becoming obese in the first place. this may sound like a modest goal but given the skyrocketing rates of obesity in children of all ages including infants and toddlers, this is no small task. understanding the genetic predisposition and pathophysiology of obes ity will inform the best prevention efforts both at the population health and individual level. contribution of obesity to cardiovascular disease and cardiovascular risk factors obesity directly and indirectly promotes cvd.

**6. File 10 - [Association of genetic risk, lifestyle, and their interaction with obesity and obesity-related morbidities_extracted.pdf] - file_10_chunk_16_level_0**
the scores were categorized as healthy (4-5 healthy lifestyle factors), intermediate (2-3 healthy lifestyle factors), and poor (0-1 healthy lifestyle factor) lifestyle.11, 25 as a sensitivity analysis, we constructed a weighted lifestyle score based on the five lifestyle factors using the following equation: weighted lifestyle score  (b1*factor1 + b2*factor 2 +. + b5*factor 5) * (5/sum of the b coefficients).26, 32 this weighted score also ranged from 0 to 5 points, and participants were categorized into lifestyle groups in a manner consistent with the grouping derived from the raw lifestyle scores. assessment of outcomes incident obesity was the primary endpoint. incident obesity was determined through the analysis of the uk biobank health data that included primary care data, hospital inpatient records, death register entries, and self-reported medical conditions. this comprehen-sive approach identified individuals experiencing their first occurrence of obesity and those who underwent bariatric surgery as indi-cated by the opcs-4 codes (table s15). the date of diagnosis was determined based on the earliest records from any of the sources listed above. individuals not included in the case group were classified as controls, with the last follow-up date set as december 31, 2021. we also explored prevalent obesity as a secondary outcome, and this was defined as bmi r30 kg/m2 at baseline.7 our rationale for including prevalent obesity stemmed from evidence that obesity pgs manifest their impact early in life.8, 24 given that uk biobank enrollment begins at age 40, a considerable number of individuals with a high genetic predisposition may already be living with obesity before enrollment. as such, limiting our analysis to incident obesity cases after enrollment could potentially overlook these significant proportions, possibly leading to an underestimation of the genetic influence on obesity. conversely, an analysis on prev-alent obesity alone would not be sufficient, as associations between lifestyle and obesity in a cross-sectional setting are prone to reverse causation bias, thus creating difficulty in determining if lifestyle is the cause or effect of obesity. therefore, we established cohorts for incident and prevalent obesity to conduct parallel analyses and cross-validated our findings in both scenarios to strengthen the robustness of our observations. in addition to bmi, we also assessed body fat percentage, waist circumference (wc), and waist-to-hip ratio (whr) at baseline. top 20% was defined as cutoffs to establish an equivalent point to bmi (bmi of 30 represented the top 20% among uk biobank partic-ipants). we predicted absolute risks by estimating the hazard ratio (hr) and odds ratio (or) of incident and prevalent obesity, respec-tively, by lifestyle groups and pgs percentile. furthermore, we calculated the hrs of obesity using the cox proportional hazard regression model and ors of obesity using a logistic regression model with enrollment age, sex, and the first four principal compo-nents of ancestry as covariates. the predicted probability of obesity by age 75 was then calculated by referencing the risk of the poor lifestyle group with the mean pgs and conditioning on the mean value of each covariate. the difference in percentage units between the healthy and poor lifestyle groups across the pgs percentiles was then assessed. twenty obesity-related morbidities (orms) previously shown to be causally affected by increased adiposity in mendelian random-ization or interventional studies were selected for subsequent analysis (table s16).4, 36, 37 incident orms were ascertained using ll open access clinical and translational report cell metabolism 36, 1494-1503.e1-e3, july 2, 2024 e2 self-reported, death registry records, and hospital admission data from the uk biobank. we applied the bonferroni correction to counteract multiple comparisons problems. covariates all models were adjusted for enrollment age, sex, education (college/university degree or professional qualifications [e.g., nursing, teaching]  1, others  0), socioeconomic status (categories derived from tdi of the bottom 20% [least deprived], middle 60% [in-termediate], and top 20% [most deprived], combining information on social class, employment, car availability, and housing), smok-ing status, diabetes mellitus, weight gain medications (table s17), and other weight changing medical conditions (depression, cush-ing syndrome, hypothyroidism, and polycystic ovary syndrome).38 we further adjusted for the genotype array and the first 10 principal components (pcs) when models included the pgsbmi.

**7. File 10 - [Association of genetic risk, lifestyle, and their interaction with obesity and obesity-related morbidities_extracted.pdf] - file_10_chunk_4_level_0**
of healthy lifestyle factors, no. (%) 0 2, 162 (1.2) 70 (1.7) 1 22, 185 (12.8) 627 (15.3) 2 58, 644 (33.8) 1, 511 (36.8) 3 57, 695 (33.2) 1, 338 (32.6) 4 27, 388 (15.8) 488 (11.9) 5 5, 598 (3.2) 74 (1.8) lifestyle category, no (%) poor 24, 347 (14.0) 697 (17.0) intermediate 116, 339 (67.0) 2, 849 (69.4) healthy 32, 986 (19.0) 562 (13.7) education, no. (%) higher education 75, 221 (43.3) 1, 301 (31.7) remainder 97, 707 (56.3) 2, 788 (67.9) unknown 744 (0.4) 19 (0.5) socioeconomic status quintile, no. (%) 1 (least deprived) 34, 810 (20.0) 706 (17.2) 2 to 4 104, 143 (60.0) 2, 404 (58.5) 5 (most deprived) 34, 520 (19.9) 995 (24.2) unknown 199 (0.1) 3 (0.1) table 1. continued characteristics non-obese (n  173, 672) obese (n  4, 108) smoking status, no. (%) never 96, 493 (55.6) 1, 913 (46.6) previous 60, 455 (34.8) 1, 650 (40.2) current 16, 365 (9.4) 533 (13.0) unknown 359 (0.2) 12 (0.3) alcohol drinking status, no. (%) never 5, 067 (2.9) 134 (3.3) previous 5, 585 (3.2) 195 (4.7) current 162, 948 (93.8) 3, 776 (91.9) unknown 72 (0.0) 3 (0.1) other, no. (%) diabetes 4, 382 (2.5) 190 (4.6) depression 1, 062 (0.6) 59 (1.4) cushing's syndrome 14 (0.0) 0 (0.0) hypothyroidism 1, 632 (0.9) 68 (1.7) polycystic ovary syndrome 37 (0.0) 1 (0.0) weight gain medication prescriptions 10, 562 (6.1) 397 (9.7) ll open access clinical and translational report 1496 cell metabolism 36, 1494-1503, july 2, 2024 all orms diverged by lifestyle. those with a high pgsbmi (top 20%) and healthy lifestyle experienced comparable risks of orm to individuals with non-high pgsbmi (remaining 80%-- reference group), whereas those with a high pgsbmi and unfa-vorable lifestyle showed increased risks of orms (figure 4b). this could be attributed to the smaller bmi differences between the high pgsbmi-healthy lifestyle group and the reference group (table s12). when adjusting for bmi, the association between pgsbmi and the risk of orms was null for most conditions (fig-ure 5), indicating that measured bmi was a strong mediator be-tween pgsbmi and orms. weighted lifestyle score given that each lifestyle factor composing lifestyle score has a different extent of association with obesity, we constructed a weighted lifestyle score as described in the star methods. the same pattern of associations was observed in a series of sensitivity analyses with the weighted lifestyle score compared to unweighted lifestyle score, as demonstrated in figure s4 and table s13. discussion to the best of our knowledge, this is the largest quantitative anal-ysis of the interplay between genetic and lifestyle risk factors for obesity. adherence to a healthy lifestyle (minimal obesogenic behaviors) is associated with a reduced risk of obesity and orms across all genetic backgrounds. absolute differences in obesity risk between those who adhere to healthy lifestyles and those who do not had gradually expanded with an increase in polygenic score.

**8. File 10 - [Association of genetic risk, lifestyle, and their interaction with obesity and obesity-related morbidities_extracted.pdf] - file_10_chunk_1_level_0**
we explored how the interaction between genetic and lifestyle factors influences the risk of obesity and obesity-related morbidities. the polygenic score for body mass index was calculated to quantify inherited susceptibility to obesity in 338, 645 uk biobank european participants, and a composite life-style score was derived from five obesogenic factors (physical activity, diet, sedentary behavior, alcohol con-sumption, and sleep duration). we observed significant interaction between high genetic risk and poor lifestyles (pinteraction<0.001).absolutedifferencesinobesityriskbetweenthosewhoadheretohealthylifestylesandthose who do not had gradually expanded with an increase in polygenic score. despite a high genetic risk for obesity, individuals can prevent obesity-related morbidities by adhering to a healthy lifestyle and maintaining a normal body weight. healthy lifestyles should be promoted irrespective of genetic background. introduction obesity is a predominant non-infectious pandemic worldwide, 1 driven by increased intake of energy-dense foods and sedentary lifestyles.2 the profound metabolic burden of obesity leads to various comorbidities, 3, 4 and as such, it represents a key target for global health policies and public health efforts aimed at reducing its health and economic burden.5, 6 obesity is largely heritable and known to be polygenic.7, 8 numerous metabolic pathways contribute to weight gain, and more than a thousand independent genetic variants have been associated with obesity.7 against the long belief that genetic pre-disposition to obesity is non-modifiable, 9 increasing evidence from gene-environment (g3e) interaction studies advocates that certain lifestyle factors, such as physical activity, may atten-uate the effect of some obesity-related genes.7, 10 however, such investigations have been limited to a few lifestyle factors and obesogenic genes such as fto. it is unclear how modifiable life-style factors for obesity might interact with a genome-wide pre-disposition to obesity, measured by a polygenic score (pgs), and attenuate its burden. based on our previously proposed design, 11 this study aimed to examine the extent to which modifiable lifestyle factors could offset the determined genomic risk for obesity. we used the pgs for body mass index (bmi) to quantify inherited susceptibility to obesity, as justified previously, 8 and explored its association and interaction with lifestyle factors. as obesity is causally asso-ciated with multimorbidity, we further investigated the effect of adherence to a healthy lifestyle on the risks of 20 obesity-related morbidities (orms) using genetic, lifestyle, and comorbidity data from 338, 645 individuals of european ancestry. results genetic and lifestyle characteristics of study participants of 487, 409 uk biobank participants, 338, 645 individuals who were unrelated, white british, and passed genetic quality control 1494 cell metabolism 36, 1494-1503, july 2, 2024 a 2024 the authors. published by elsevier inc. this is an open access article under the cc by license (ll open access were included in the analysis. after excluding 1, 079 participants without bmi information and 21 participants lacking orm data (nine participants were excluded for missing value in bmi and orm data), 337, 554 individuals were included in the analyses (figure 1; table s1). individuals with obesity exhibited higher pgsbmi and fewer healthy lifestyle factors (tables 1 and s1). the pgsbmi demonstrated an association with the measured bmi and exhibited normal distribution (figure s1). moreover, the categories of genetic risk were proportionally distributed across lifestyle groups (figure s1). isolated effects of genetic risk and lifestyle high genetic risk and an unhealthy lifestyle were independently (table 2) and jointly associated with obesity (figure 2). the iso-figure 1. study flow diagram a person could be excluded for more than 2 criteria. lated effect of genetic risk on obesity (inde-pendent of lifestyle) was examined by ad-justing for lifestyle groups, and high genetic risk was associated with an increased risk of incident and prevalent obesity, independent of lifestyle cate-gories (hazard ratio [hr], 1.86; 95% confi-dence intervals [ci], 1.68 to 2.07; odds ra-tio [or], 4.59; 95% ci, 4.43 to 4.76) (tables 2 and s2). similarly, the isolated ef-fect of lifestyle on obesity (independent of genetic risk) was examined after adjusting for genetic risk groups.

**9. File 10 - [Association of genetic risk, lifestyle, and their interaction with obesity and obesity-related morbidities_extracted.pdf] - file_10_chunk_5_level_0**
weighted lifestyle score given that each lifestyle factor composing lifestyle score has a different extent of association with obesity, we constructed a weighted lifestyle score as described in the star methods. the same pattern of associations was observed in a series of sensitivity analyses with the weighted lifestyle score compared to unweighted lifestyle score, as demonstrated in figure s4 and table s13. discussion to the best of our knowledge, this is the largest quantitative anal-ysis of the interplay between genetic and lifestyle risk factors for obesity. adherence to a healthy lifestyle (minimal obesogenic behaviors) is associated with a reduced risk of obesity and orms across all genetic backgrounds. absolute differences in obesity risk between those who adhere to healthy lifestyles and those who do not had gradually expanded with an increase in polygenic score. g3e interaction analyses for obesity remain challenging owing to the requirement for a comprehensive cohort with ge-netic and lifestyle data and a large sample size. thus far, only 12 loci (e.g., fto and pparg) have been identified to be atten-uated or exacerbated by lifestyle factors.7 such focus on selec-tive obesogenic variants of the main effect limits the clinical and table 2. the associations of genetic risk and lifestyles with incident obesity model 1a model 2b genetic risk groups low (n  35, 556) intermediate (n  106, 668) high (n  35, 556) low (n  35, 556) intermediate (n  106, 668) high (n  35, 556) no. of cases 562 2, 492 1, 054 562 2, 492 1, 054 hr (95% ci) ref. 1.48 (1.35-1.62) 1.85 (1.67-2.06) ref. 1.48 (1.35-1.63) 1.86 (1.68-2.07) p value <0.001 <0.001 <0.001 <0.001 p value for trend <0.001 <0.001 model 1c model 2d lifestyle groups healthy (n  33, 548) intermediate (n  119, 188) poor (n  25, 044) healthy (n  33, 548) intermediate (n  119, 188) poor (n  25, 044) no. of cases 562 2, 849 697 562 2, 849 697 hr (95% ci) ref. 1.34 (1.22-1.47) 1.47 (1.31-1.64) ref. 1.35 (1.23-1.48) 1.48 (1.32-1.67) p value <0.001 <0.001 <0.001 <0.001 p value for trend <0.001 <0.001 ci, confidence interval; hr, hazard ratio. acox proportional hazard regression adjusted for age, sex, education, socioeconomic status, genotyping arrays, the first 10 principal components of ancestry, smoking status, diabetes, depression, cushing syndrome, hypothyroidism, polycystic ovary, and weight-gaining medicine use; p value for trends was calculated by treating the polygenic score as a continuous variable. bisolated effect of genetic risk on incident obesity (independent of lifestyles); cox proportional hazard regression adjusted for model 1 and lifestyle groups; p value for trends was calculated by treating the polygenic score as a continuous variable. ccox proportional hazard regression adjusted for age, sex, education, socioeconomic status, genotyping arrays, the first 10 principal components of ancestry, smoking status, diabetes, depression, cushing syndrome, hypothyroidism, polycystic ovary, and weight-gaining medicine use; p value for trends was calculated by treating the lifestyle score as a continuous variable. disolated effect of lifestyles on incident obesity (independent of genetic risk); cox proportional hazard regression adjusted for model 1 and genetic risk groups; p value for trends was calculated by treating the lifestyle score as a continuous variable. figure 2. association of genetic risk and lifestyle with incident obesity effect estimates were derived from adjusted models. participants with a low genetic risk and healthy lifestyle served as the reference group. hr, hazard ratio; ci, confidence interval.

**10. File 10 - [Association of genetic risk, lifestyle, and their interaction with obesity and obesity-related morbidities_extracted.pdf] - file_10_chunk_15_level_0**
imputation was performed centrally using a combination of uk 10k and 1000 genomes phase 3 panels. we considered white british participants based on genetic ethnic grouping data (data-field 22006) and excluded samples with a discrepancy between the reported and genetic sex or putative sex chromosome aneuploidy. from the imputed genotype data, we further excluded variants with call rate <95%, hardy-weinberg equilibrium p < 1 3 10 6, imputation quality scores (info) < 0.4, or minor allele frequency (maf) < 0.005. a total of 9, 575, 249 variants remained after the quality control. reagent or resource source identifier deposited data uk biobank bycroft et al.27 gwas summary statistics for body mass index locke et al.28 giant/index.php/giant_consortium_data_ files#gwas_anthropometric_2015_bmi_ summary_statistics software and algorithms prs-cs ge et al.29 r (version 3.6.0) the r project for statistical computing ll open access clinical and translational report e1 cell metabolism 36, 1494-1503.e1-e3, july 2, 2024 polygenic score a polygenic score (pgs), aggregating an individual's load of common genetic variants, was constructed based on a largest genome-wide association study (gwas) currently accessible to the public for body mass index (bmi) in 322, 154 individuals of european ancestry.28 we previously validated that pgs for bmi (pgsbmi) accurately predicts the risk for obesity and cardiometabolic diseases, justifying the use of bmi as a proxy to quantify genetic risk for obesity.8 prs-cs, a bayesian polygenic prediction method, 29 was utilized for training the posterior effect sizes of single nucleotide polymorphisms (snps) from the gwas summary statistics with the external linkage disequilibrium (ld) reference panel constructed using the 1000 genomes phase 3 european data. we applied prs-cs-auto, which enables automatic learning of a global scaling parameter from the gwas results with no requirement for an independent validation dataset; since it was demonstrated that both prs-cs and prs-cs-auto outperformed all alternative methods for bmi in the mass general brigham biobank (formerly, partners healthcare biobank).29, 30 the default settings were applied to all other parameters. pgsbmi were standardized to have a mean of 0 and a standard deviation of 1, and then categorized into low (lowest quintile), intermediate (quintiles 2-4), and high (highest quintile) genetic risk. the pgsbmi demonstrated an associ-ation with the measured bmi, and exhibited normal distribution, and the categories of genetic risk were proportionally distributed across lifestyle groups (figure s1). healthy lifestyle score a healthy lifestyle score was constructed from five previously described obesogenic lifestyle factors16, 31 collected at enrollment, and these included physical activity, diet, sedentary behaviors, alcohol consumption, and sleep duration (table s14). the specific criteria were determined using previously defined cutoffs and the direction of change in obesity risk.11, 25, 32 a healthy diet pattern was defined as a diet that includes at least half of the following eight criteria: consumption of an increased amount of 1) fruits, 2) vegetables, 3) whole grains, and 4) fish, and a reduced amount of 5) refined grains, 6) processed meats, 7) unprocessed red meats, and 8) sugar-sweetened foods or beverages16, 33; well-being physical activity was activity level exceeding 3000 metabolic equivalents of task (met) minutes/week (the top 30% of all uk biobank participants)34; less engagement in sedentary behaviors were defined as time spent watching television or using a personal computer (excluding work) not exceeding 2 h/day16; low alcohol consumption was %14 g/day for women and %28 g/day for men, with the maximum limit reflecting us dietary guidelines35; adequate sleep dura-tion was 6-8 h/day.16 as demonstrated in earlier studies, 11, 25 participants scored 1 point for each healthy behavior, and lifestyle fac-tor scores ranged from 0 to 5, with higher scores indicating higher adherence to healthy lifestyles."
"Why do I feel an inflammation in my right hand?","**Brief Introduction**
Inflammation is the body’s coordinated defense response to injury, infection, or other noxious stimuli. When you feel “inflammation” in your right hand—typically described as pain, warmth, swelling, or redness—your immune system has likely recruited a cascade of cells and mediators to the affected tissue. The sensation is the clinical manifestation of this cellular and molecular activity.
---
| Aspect | What the literature says | How it explains your hand symptoms |
|--------|--------------------------|-------------------------------------|
| **Triggering events** | Any insult that releases damage‑associated molecular patterns (DAMPs) or pathogen‑associated patterns (PAMPs) can initiate inflammation (File 34 level 0 chunk 0). | A recent cut, repetitive strain, or a bacterial infection could be the inciting event. |
| **Early cellular responders** | Neutrophils arrive first, followed by monocytes that differentiate into macrophages (File 34 level 0 chunk 4). | The rapid influx of neutrophils explains the sudden pain and heat; macrophages sustain the response. |
| **Mediators** | Cytokines such as IL‑1β, IL‑6, TNF‑α, and chemokines (e.g., IL‑8) are released, driving vasodilation, increased permeability, and leukocyte recruitment (File 34 level 0 chunk 4; File 68 level 1 chunk 0). | These mediators cause the classic redness, swelling, and warmth you feel. |
| **Resolution** | Resolution is an active, regulated process involving anti‑inflammatory cytokines (IL‑10, TGF‑β) and macrophage phenotype switching (File 34 level 0 chunk 4). | If the trigger is removed, the hand should gradually return to baseline; persistent symptoms suggest a failure of resolution. |
| **Chronic or hyper‑inflammatory states** | When the stimulus persists or the resolution fails, chronic inflammation can develop, leading to tissue remodeling and pain (File 68 level 1 chunk 3). | Ongoing pain or swelling after an injury, or pain that worsens with activity, may indicate a chronic process such as rheumatoid arthritis or gout. |
| **Systemic vs local** | In systemic disease, the classic cardinal signs may be absent or subtle (File 68 level 0 chunk 1). | A mild hand ache without obvious redness could still reflect systemic inflammation (e.g., early rheumatoid arthritis). |
1. **Differential Diagnosis**
- **Acute traumatic injury** (e.g., sprain, fracture) → neutrophil‑driven inflammation.
- **Infectious tenosynovitis or cellulitis** → bacterial PAMPs trigger a robust cytokine response.
- **Autoimmune arthritis** (rheumatoid arthritis, psoriatic arthritis) → chronic inflammation with autoantibody‑mediated activation of macrophages and T cells.
- **Crystal‑induced arthritis** (gout, pseudogout) → deposition of urate or calcium‑pyrophosphate crystals activates the inflammasome, leading to IL‑1β release.
- **Repetitive strain or overuse** → sterile inflammation driven by mechanical stress and DAMPs.
2. **Assessment Strategy**
- **History & Physical**: Onset, precipitating events, systemic symptoms (fever, fatigue), joint swelling pattern.
- **Laboratory Tests**: CBC (neutrophilia), ESR/CRP (acute‑phase reactants), rheumatoid factor/anti‑CCP (autoimmune), uric acid (gout).
- **Imaging**: X‑ray for fractures or erosions; ultrasound or MRI for soft‑tissue inflammation or crystal deposition.
3. **Management Principles**
- **Acute injury**: Rest, ice, compression, elevation (RICE), NSAIDs to blunt cytokine production.
- **Infection**: Empiric antibiotics guided by culture; consider corticosteroids only after infection control.
- **Autoimmune or crystal disease**: Disease‑modifying agents (DMARDs, biologics targeting IL‑1, TNF‑α) once chronicity is confirmed.
- **Preventive measures**: Ergonomic adjustments, adequate hydration, weight control, and anti‑inflammatory diet (File 68 level 0 chunk 5) to reduce baseline pro‑inflammatory activity.
The “inflamed” feeling in your right hand is the clinical read‑out of a complex, time‑regulated immune response. It is usually a protective mechanism that removes the offending agent and initiates healing. However, if the trigger is not cleared or the resolution pathway is impaired, the inflammation can become chronic, causing persistent pain and swelling. A focused history, targeted laboratory work‑up, and appropriate imaging will help pinpoint whether your hand’s discomfort is due to a self‑limited acute injury, an infection, or the early stages of a chronic inflammatory condition. Once the underlying cause is identified, standard anti‑inflammatory or disease‑modifying therapies can be applied to restore normal hand function.","**1. File 34 - [Inflammatory responses and inflammation-associated diseases in organs_extracted.pdf] - file_34_chunk_4_level_0**
cell types in inflammatory responses the inflammatory response involves a highly coordinated network of many cell types. activated oncotarget 7208 macrophages, monocytes, and other cells mediate local responses to tissue damage and infection. at sites of tissue injury, damaged epithelial and endothelial cells release factors that trigger the inflammatory cascade, along with chemokines and growth factors, which attract neutrophils and monocytes. the first cells attracted to a site of injury are neutrophils, followed by monocytes, lymphocytes (natural killer cells [nk cells], t cells, and b cells), and mast cells. monocytes can differentiate into macrophages and dendritic cells and are recruited via chemotaxis into damaged tissues. inflammation-mediated immune cell alterations are associated with many diseases, including asthma, cancer, chronic inflammatory diseases, atherosclerosis, diabetes, and autoimmune and degenerative diseases. neutrophils, which target microorganisms in the body, can also damage host cells and tissues. neutrophils are key mediators of the inflammatory response, and program antigen presenting cells to activate t cells and release localized factors to attract monocytes and table 2: summary of cytokines and their functions cytokine family main sources function il-1b il-1 macrophages, monocytes pro-inflammation, proliferation, apoptosis, differentiation il-4 il-4 th-cells anti-inflammation, t-cell and b-cell proliferation, b-cell differentiation il-6 il-6 macrophages, t-cells, adipocyte pro-inflammation, differentiation, cytokine production il-8 cxc macrophages, epithelial cells, endothelial cells pro-inflammation, chemotaxis, angiogenesis il-10 il-10 monocytes, t-cells, b-cells anti-inflammation, inhibition of the pro-inflammatory cytokines il-12 il-12 dendritic cells, macrophages, neutrophils pro-inflammation, cell differentiation, activates nk cell il-11 il-6 fibroblasts, neurons, epithelial cells anti-inflammation, differentiation, induces acute phase protein tnf-a tnf macrophages, nk cells, cd4+ lymphocytes, adipocyte pro-inflammation, cytokine production, cell proliferation, apoptosis, anti-infection ifn-g inf t-cells, nk cells, nkt cells pro-inflammation, innate, adaptive immunity anti-viral gm-csf il-4 t-cells, macrophages, fibroblasts pro-inflammation, macrophage activation, increase neutrophil and monocyte function tgf-b tgf macrophages, t cells anti-inflammation, inhibition of pro-inflammatory cytokine production oncotarget 7209 dendritic cells. macrophages are important components of the mononuclear phagocyte system, and are critical in inflammation initiation, maintenance, and resolution. during inflammation, macrophages present antigens, undergo phagocytosis, and modulate the immune response by producing cytokines and growth factors. mast cells, which reside in connective tissue matrices and on epithelial surfaces, are effector cells that initiate inflammatory responses. activated mast cell release a variety of inflammatory mediators, including cytokines, chemokines, histamine, proteases, prostaglandins, leukotrienes, and serglycin proteoglycans. multiple groups have demonstrated that platelets impact inflammatory processes, from atherosclerosis to infection. platelet interactions with inflammatory cells may mediate pro-inflammatory outcomes. the acute phase response (apr) is the earliest response to infection or injury, and some studies have indicated that platelets induce the apr. after being recruited by inflammatory stimuli, immune cells amplify and sustain the apr by releasing local inflammatory mediators at the site of recruitment. resolution of inflammation to prevent progression from acute inflammation to persistent, chronic inflammation, the inflammatory response must be suppressed to prevent additional tissue damage. inflammation resolution is a well-managed process involving the spatially-and temporally-controlled production of mediators, during which chemokine gradients are diluted over time. circulating white blood cells eventually no longer sense these gradients and are not recruited to sites of injury. dysregulation of this process can lead to uncontrolled chronic inflammation. inflammation resolution processes that rectify tissue homeostasis include reduction or cessation of tissue infiltration by neutrophils and apoptosis of spent neutrophils, counter-regulation of chemokines and cytokines, macrophage transformation from classically to alternatively activated cells, and initiation of healing. chronic inflammation occurs when acute inflammatory mechanisms fail to eliminate tissue injury, and may lead to a host of diseases, such as cardiovascular diseases, atherosclerosis, type 2 diabetes, rheumatoid arthritis, and cancers. understanding the common mechanisms that orchestrate dysfunction in the various organ systems will allow for development and production of improved targeted therapies.

**2. File 68 - [What Exactly Is Inflammation_extracted.pdf] - file_68_summary_1_part_0_level_1**
inflammation is a tightly regulated, protective response of the innate and adaptive immune systems to infection or injury, not inherently pathological; its overuse has led to misinterpretation and inappropriate anti-inflammatory therapy that can hinder recovery; historically, the four cardinal signs of redness, swelling, heat, pain and loss of function were used to identify inflammation, but these signs are not always present, especially in systemic disease; modern management relies on dynamic biomarker profiling, such as cytokine panels (il-6, il-1, tnf-α) and acute-phase proteins (crp, procalcitonin, saa), to distinguish hyper-inflammation, chronic inflammation or immunosuppression and to guide targeted interventions like anti-cytokine antibodies, antibiotics, or immunomodulators; the article emphasizes that inflammation must be carefully balanced, allowing it to resolve naturally while preventing excessive or self-directed activity that causes tissue damage.

**3. File 34 - [Inflammatory responses and inflammation-associated diseases in organs_extracted.pdf] - file_34_summary_0_part_0_level_1**
inflammation is a biological response triggered by pathogens, damaged cells, or toxic compounds that activates nf-κb, mapk, and jak-stat signaling pathways. pattern-recognition receptors such as tlrs detect pamp and damps, leading to cytokine, chemokine, and inflammatory protein release that recruit leukocytes to injury sites. oxidative-stress products and enzymes like hmgb1, nox, and cox-2 further amplify inflammation and serve as biomarkers for organ damage. dysregulation of these pathways underlies chronic inflammatory diseases in organs such as heart, liver, brain, and contributes to conditions like cardiovascular disease, cancer, and neurodegeneration, highlighting the need for targeted therapeutic strategies.

**4. File 15 - [Chronic Inflammatory Diseases and Cardiovascular Risk_extracted.pdf] - file_15_summary_5_part_0_level_1**
this review compiles evidence that autoimmune and inflammatory conditions such as rheumatoid arthritis and inflammatory bowel disease are associated with increased coronary artery disease burden, often detected by coronary computed tomography and photon-counting ct, which offers detailed plaque characterization. it highlights the role of systemic inflammation, statin anti-inflammatory effects, and lifestyle interventions—including mediterranean diet, exercise, and weight management—in reducing cardiovascular risk. emerging technologies like metabolomic biomarkers, polygenic risk scores, and fecal oncostatin-m/calprotectin assays are discussed as potential tools for risk stratification and therapeutic monitoring.

**5. File 68 - [What Exactly Is Inflammation_extracted.pdf] - file_68_summary_3_part_0_level_1**
modern inflammation is a protective, dynamic response involving innate and adaptive immune cells that aims to eliminate insults and restore homeostasis, but it can become harmful if resolution fails, leading to chronic or hyperinflammatory states that underlie diseases such as diabetes, heart disease, and autoimmune disorders. acute inflammation is initiated by neutrophils and macrophages that release reactive oxygen species, proteases, and cytokines like il-1, il-6, and tnf-α, and is normally resolved within days to weeks once the trigger is removed. chronic inflammation arises when the inflammatory stimulus persists or is inadequately cleared, causing tissue remodeling, fibrosis, and systemic damage, while hyperinflammation, seen in sepsis or severe covid-19, results from excessive pro-inflammatory mediator release. prevention focuses on lifestyle factors—healthy diet low in saturated fats and refined sugars, regular exercise, adequate sleep, reduced exposure to pollutants and tobacco, and stress management—to lower visceral fat and systemic inflammatory activity.

**6. File 68 - [What Exactly Is Inflammation_extracted.pdf] - file_68_chunk_1_level_0**
despite having stood the test of time and albeit still in wide medical use today, this clinical definition is overly simplistic and potentially misleading, as it does not address the pathophysiology of inflammation; implies harm from a process (because fire is associated with danger) which is at its core protective and whose benefits often far outweigh the risks; and the five signs of rubor (from vasodilation), tumor (from exudation), calor int. j. mol. sci. 2022, 23, 14905. int. j. mol. sci. 2022, 23, 14905 2 of 10 (from hyperemia), dolor (from local tension and inflammatory mediators), and functio laesa (from loss of mobility or fibroplasia) are rarely present in all cases, especially when inflammation is systemic rather than localized to the tissues in one area. 3. modern definition of inflammation--good fire vs. bad fire with the benefit of insights from molecular biology that were unavailable before the 1960s, it is possible to define inflammation more broadly as a protective response, involving the activation of immune and non-immune cells, in response to an insult such as infection, toxic compounds, damaged cells, or irradiation, with the aim to restore tissue homeostasis. this raises the question as to whether inflammation is always protective. the answer is a less-than-definitive, ""it depends"". like a controlled burn or ""good fire"", which is confined to a prescribed area, acute inflammation exists, helpfully, to clear away unwanted debris, i.e., pathogens, or damaged tissue in service of repair, regrowth, and regeneration. ideally, the resolution of inflam-mation and a return to baseline status in days to weeks follows the eradication of the inflammatory stimulus. alternatively, inflammation is harmful when it fails to resolve because of the persistence or propagation of the noxious inflammatory stimuli. in this case, the controlled burn of inflammation may either smolder, i.e., turn chronic, lasting for days or years, leading to fibrosis and/or dysfunction (figure 1); or accelerate and spread like wildfire to the extreme detriment of other tissues and organs. initiation phase resolution phase chronic inflammation acute inflammation time magnitude of inflammation figure 1. the dynamics of chronic inflammation. the acute inflammatory response is transient and programmed to resolve, which is what occurs in a state of health. failure of resolution results in prolonged or chronic inflammation with tissue remodeling, fibrosis, and disease. persistence or chronicity occurs when the inflammatory response is unequal to the task of eliminating antigenic stimuli, such as foreign bodies or microorganisms, or other in-flammatory triggers including urate crystals, cholesterol crystals, silica, and excess reactive oxygen species (ros) production. the chronicity of inflammation is associated with a host of conditions, such as inflammatory bowel disease, cancer, type 2 diabetes, heart disease, and autoimmune disorders such as rheumatoid arthritis, multiple sclerosis (ms), and systemic lupus erythematosus (sle). at the other end of the spectrum is hyperinflam-mation, which occurs with the exaggerated expression of pro-inflammatory mediators as in sepsis, septic shock, and severe covid-19. int. j. mol. sci. 2022, 23, 14905 3 of 10 4. the arsonists and the firefighters 4.1. the arsonists--neutrophils, macrophages, t cells, and cytokines in response to tissue damage from trauma, microbial invasion, or noxious chemicals, pre-stationed sentinel cells, such as macrophages and endothelial cells, and a complex of activated proteins called the inflammasome 'call up' the arsonists (i.e., neutrophils and monocytes, from which macrophages and dendritic cells are derived) to the inflammatory front lines. neutrophils, the cell type that first 'swarms' to the site, phagocytose cellular debris and release lysozyme-, matrix metalloproteinase-, and myeloperoxidase-containing granules as well as reactive oxygen species (ros) and cytokines, such as il-1, il-6, and tnf a, to kill microorganisms and degrade apoptotic bodies. approximately 48 h later, a second cellular wave of infiltration of monocytes that differentiate into pro-inflammatory m1 macrophages arrive; their functions include the removal of the apoptotic bodies of dead neutrophils, a process termed efferocytosis, production of pro-inflammatory cytokines and lipids, such as eicosanoids, and antigen presentation to t lymphocytes, which lead to the production of antibodies, cytokines, and memory cells.

**7. File 68 - [What Exactly Is Inflammation_extracted.pdf] - file_68_chunk_0_level_0**
citation: oronsky, b.; caroen, s.; reid, t. what exactly is inflammation (and what is it not?). int. j. mol. sci. 2022, 23, 14905. ijms232314905 academic editor: antonio gomez-munoz received: 18 october 2022 accepted: 27 november 2022 published: 28 november 2022 publisher's note: mdpi stays neutral with regard to jurisdictional claims in published maps and institutional affil-iations. copyright: (c) 2022 by the authors. licensee mdpi, basel, switzerland. this article is an open access article distributed under the terms and conditions of the creative commons attribution (cc by) license (https: // creativecommons.org/licenses/by/ 4.0/). international journal of molecular sciences review what exactly is inflammation (and what is it not?) + bryan oronsky *, scott caroen and tony reid epicentrx torrey pines california, la jolla, ca 92037, usa * correspondence: + ""it was a pleasure to burn"" ray bradbury fahrenheit 451. abstract: in medicine, inflammation is a fuzzy, overused word first coined by the romans, the intended meaning and precise definition of which varies according to the person and the clinical context. it tends to carry a negative connotation as a response gone awry, like a raging, out-of-control wildfire that requires immediate control and containment lest it destroy all in its path; however, frequently overlooked or lost in the shuffle is the primordial importance of inflammation to health and survival. the precise definition of inflammation matters for several reasons, not least because of the over-liberal use of anti-inflammatory drugs to inhibit inflammation, which may, contrary to prevailing dogma that all inflammation is harmful, act counterproductively to prevent restitutio ad integrum. using fire as a central analogy, this overview attempts to define inflammation, the better to determine how to manage it, i.e., whether to fan its flames, let it burn out, or suppress it entirely. keywords: inflammation; pamps; damps; lamps; samps; immune interventions; innate im-mune cells 1. introduction--an analogy with fire inflammation is an age-old, ancestral word, which comes from the latin inflammare, meaning to ignite or burn. an analogy with fire is instructive because teleologically the purpose of inflammation is to pre-emptively 'ignite' in defense against an array of potential threats and then to spontaneously extinguish after threat neutralization. the problem with inflammation is three-fold: not all threats necessarily warrant an inflammatory response, including blunt trauma, ischemia-reperfusion injury, exposure to toxins or crystal particulates and auto-inflammatory diseases; inflammation is an ""equal opportunity offender"" that 'singes' both diseased and healthy tissues; and as with any fire, the potential for smoldering persistence or uncontained inflammatory spread is ever-present. the authors wish to emphasize that this is a perspective, or a point of view on inflammation, not an in-depth review, which can be found elsewhere, and, as such, it only touches the surface of what is known, understood, or theorized about inflammation. its intent is to broadly define and contextualize what inflammation is (and, also, what inflammation is not), with the aim being to better manage it. 2. the first clinical definition of inflammation--a fire alarm aulus cornelius celsus (25 bc-50 ad), a roman encyclopedist, first itemized the four cardinal signs of inflammation: rubor et tumor cum calore et dolore, that is, redness and swelling with heat and pain, which metaphorically overlaps with the red-hot, burning pain from fire. in the 19th century, virchow promulgated a fifth sign, that of the non-assonant functio laesa or loss of function. despite having stood the test of time and albeit still in wide medical use today, this clinical definition is overly simplistic and potentially misleading, as it does not address the pathophysiology of inflammation; implies harm from a process (because fire is associated with danger) which is at its core protective and whose benefits often far outweigh the risks; and the five signs of rubor (from vasodilation), tumor (from exudation), calor int. j. mol. sci. 2022, 23, 14905. int. j. mol. sci. 2022, 23, 14905 2 of 10 (from hyperemia), dolor (from local tension and inflammatory mediators), and functio laesa (from loss of mobility or fibroplasia) are rarely present in all cases, especially when inflammation is systemic rather than localized to the tissues in one area.

**8. File 34 - [Inflammatory responses and inflammation-associated diseases in organs_extracted.pdf] - file_34_chunk_0_level_0**
oncotarget 7204 oncotarget, 2018, vol. 9, (no. 6), pp: 7204-7218 inflammatory responses and inflammation-associated diseases in organs linlin chen1, *, huidan deng1, *, hengmin cui1, 2, jing fang1, 2, zhicai zuo1, 2, junliang deng1, 2, yinglun li1, 2, xun wang1, 2 and ling zhao1, 2 1college of veterinary medicine, sichuan agricultural university, wenjiang, chengdu 611130, china 2key laboratory of animal diseases and environmental hazards of sichuan province, sichuan agriculture university, wenjiang, chengdu 611130, china *these authors contributed equally to this work correspondence to: hengmin cui, email: keywords: inflammation; inflammatory signaling pathways; chemokines; cytokines; organ diseases received: april 19, 2017 accepted: november 03, 2017 published: december 14, 2017 copyright: chen et al. this is an open-access article distributed under the terms of the creative commons attribution license 3.0 (cc by 3.0), which permits unrestricted use, distribution, and reproduction in any medium, provided the original author and source are credited. abstract inflammation is a biological response of the immune system that can be triggered by a variety of factors, including pathogens, damaged cells and toxic compounds. these factors may induce acute and/or chronic inflammatory responses in the heart, pancreas, liver, kidney, lung, brain, intestinal tract and reproductive system, potentially leading to tissue damage or disease. both infectious and non-infectious agents and cell damage activate inflammatory cells and trigger inflammatory signaling pathways, most commonly the nf-kb, mapk, and jak-stat pathways. here, we review inflammatory responses within organs, focusing on the etiology of inflammation, inflammatory response mechanisms, resolution of inflammation, and organ-specific inflammatory responses. introduction inflammation is the immune system's response to harmful stimuli, such as pathogens, damaged cells, toxic compounds, or irradiation, and acts by removing injurious stimuli and initiating the healing process. inflammation is therefore a defense mechanism that is vital to health. usually, during acute inflammatory responses, cellular and molecular events and interactions efficiently minimize impending injury or infection. this mitigation process contributes to restoration of tissue homeostasis and resolution of the acute inflammation. however, uncontrolled acute inflammation may become chronic, contributing to a variety of chronic inflammatory diseases. at the tissue level, inflammation is characterized by redness, swelling, heat, pain, and loss of tissue function, which result from local immune, vascular and inflammatory cell responses to infection or injury. important microcirculatory events that occur during the inflammatory process include vascular permeability changes, leukocyte recruitment and accumulation, and inflammatory mediator release. various pathogenic factors, such as infection, tissue injury, or cardiac infarction, can induce inflammation by causing tissue damage. the etiologies of inflammation can be infectious or non-infectious (table 1). in response to tissue injury, the body initiates a chemical signaling cascade that stimulates responses aimed at healing affected tissues. these signals activate leukocyte chemotaxis from the general circulation to sites of damage. these activated leukocytes produce cytokines that induce inflammatory responses. inflammatory response mechanisms the inflammatory response is the coordinate activation of signaling pathways that regulate inflammatory mediator levels in resident tissue cells and inflammatory cells recruited from the blood. inflammation is a common pathogenesis of many chronic diseases, including cardiovascular and bowel diseases, diabetes, arthritis, and cancer. although inflammatory response processes depend on the precise nature of the initial stimulus and its location in the body, they all review oncotarget 7205 share a common mechanism, which can be summarized as follows: 1) cell surface pattern receptors recognize detrimental stimuli; 2) inflammatory pathways are activated; 3) inflammatory markers are released; and 4) inflammatory cells are recruited. pattern recognition receptor activation microbial structures known as pathogen-associated molecular patterns (pamps) can trigger the inflammatory response through activation of germline-encoded pattern-recognition receptors (prrs) expressed in both immune and nonimmune cells. some prrs also recognize various endogenous signals activated during tissue or cell damage and are known as danger-associated molecular patterns (damps). damps are host biomolecules that can initiate and perpetuate a non-infectious inflammatory response. disrupted cells can also recruit innate inflammatory cells in the absence of pathogens by releasing damps. classes of prr families include the toll-like receptors (tlrs), c-type lectin receptors (clrs), retinoic acid-inducible gene (rig)-i-like receptors (rlrs), and nod-like receptors (nlrs).

**9. File 68 - [What Exactly Is Inflammation_extracted.pdf] - file_68_chunk_5_level_0**
8. prevent it given the potential for inflammation to spike uncontrollably or to turn chronic, preven-tion is a priority. the pillars of prevention to reduce pro-inflammatory activity are a healthy diet low in saturated fats and refined sugars and high in complex carbohydrates, fiber, protein, and polyunsaturated fatty acids (pufas); regular physical activity; low or no exposure to air pollution, environmental and industrial toxicants, and tobacco smoking; good sleep quality; social well-being; and minimal psychological stress. these beneficial behaviors may lead to reduced visceral and ectopic fat accumulation, which is associated with systemic inflammation. 9. discussion and conclusions this review has attempted to define inflammation in order to better manage it, using an extended comparison with fire throughout as an organizing and simplifying principle for a complex topic. lest this comparison be criticized as heavy-handed and excessive, the authors are at pains to reiterate that the ancient romans, in their wisdom, handed down the word inflammare, meaning to set alight or to burn, over 2000 years ago, thus inextricably linking the two words, fire and inflammation, which are often juxtaposed in the scientific literature. inflammation is a commonly used word in medicine, whose meaning is variable, fuzzy, and inconsistent because no consensus definition has ever been arrived at, it is a catch-all term used to describe many situations, and even among physicians, inflammation is widely perceived as a pathological condition that requires suppression with anti-inflammatory therapies. this despite the fact that inflammation is actually a protective response on which survival critically depends, especially during injury and infection, and despite the association of anti-inflammatory therapy administration with worsened clinical outcomes in sepsis. moreover, inflammation is not a static process, but a dynamic one that changes and evolves over time, usually to resolution and a return to tissue homeostasis, if left to run its course. the fact that inflammation damages healthy and diseased tissues alike is a feature, not a bug: this is the price to pay for the wholesale elimination of microbial pathogens, which pose a dire, immediate threat to survival. on par with the aggressively antagonistic military motto, ""kill 'em all, let g** sort 'em out"", the priority and emphasis of the inflammatory response is threat removal, not specificity or selectivity. collateral damage is the inevitable byproduct of massive ros and proteolytic enzyme generation from hyper-activated leukocytes. the calculus is less clear-cut for sterile inflammation, the etiologic factors of which are irritant particles such as asbestos, cholesterol, monosodium urate, and amyloid-b; these particles often do not, in and of themselves, pose a threat, but their incomplete or ""frustrated"" phagocytosis by macrophages leads to chronic inflammatory injury. whatever the trigger for it, whether infectious or sterile, the acute inflammatory response involves an influx of cytolytically activated cells of the innate immune system and the release of inflammatory mediators that increase vascular relaxation, vascular permeability, and the extravasation of large molecules from the circulation to the site of tissue damage; this leads to the celsian tetrad of dolor, calor, rubor, and tumor, as well as a loss of tissue and organ function in severe cases. int. j. mol. sci. 2022, 23, 14905 7 of 10 where inflammation 'goes off the rails' is when it fails to eliminate the causative factor(s) and either becomes chronic, which contributes to a wide variety of disorders, such as cancer, type 2 diabetes, heart disease, and autoimmune diseases, or it ramps up uncontrollably, as in severe sepsis. according to newton's third law, every action is followed by an opposite reaction; in inflammation, this leads to counter-regulatory anti-inflammation and immunosuppression, the unintended consequences of which in conditions such as sepsis, cancer, trauma, ischemia-reperfusion injury, and burns are increased susceptibility to adverse outcomes. paradoxically, this has led to treatment with immunostimulatory agents. this leads back to the titular questions: what exactly is inflammation, and, by exten-sion, what is it not? inflammation is a physiological, tightly regulated, protective response to an underlying infectious or non-infectious process or condition that involves cells of the innate immune system, adaptive immune system, and inflammatory mediators; it is not a pathological response, despite the over 3000 disease conditions that end in ""-itis"", a suffix which denotes or connotes inflammation. what is often lost--or forgotten--is that inflammatory responses are beneficial, and biologically appropriate and necessary, if, as is usually the case, they self-terminate with the destruction of the injurious agents that initiated them and with the restoration of tissues to their pre-inflamed state.

**10. File 68 - [What Exactly Is Inflammation_extracted.pdf] - file_68_chunk_7_level_0**
potential therapeutic options depending on clinical context depending on whether hyperinflammation, chronic inflammation or immunosuppression is present. when chronic inflammation is present, treatment with antigen-directed immunother-apy, immunomodulatory, anti-fibrotic and immunosuppressive agents is potentially war-ranted, depending on the clinical context. in combination with other pro-inflammatory, pro-fibrotic biomarkers, such as c-reactive protein, ferritin, serum amyloid a (saa), pro-calcitonin and transforming growth factor-b (tgf-b, a key driver of fibrosis), cytokine profiling, since cytokines mediate or regulate the inflammatory process, may hold promise to determine (or to confirm) not only whether inflammation is present and to what degree, but also to decide whether treatment is warranted and, if so, to select the most appropriate treatment and to predict the response to it. in summary, then, inflammation is an ""old flame"", whose mostly beneficial, life-saving heat has been felt since the dawn of mankind and which requires careful tending, lest it burn too cold or too hot. author contributions: conceptualization, writing--original draft preparation and review and editing, b.o.; writing--review and editing t.r. and s.c.; supervision, s.c. all authors have read and agreed to the published version of the manuscript. funding: this research received no external funding. institutional review board statement: not applicable. informed consent statement: not applicable. data availability statement: not applicable. conflicts of interest: the authors declare no conflict of interest. int. j. mol. sci. 2022, 23, 14905 9 of 10 references 1. chiurchiu, v.; leuti, a.; maccarrone, m. bioactive lipids and chronic inflammation: managing the fire within. front. immunol. 2018, 9, 38. [crossref pubmed] 2. bennett, j.m.; reeves, g.; billman, g.e.; sturmberg, j.p. inflammation-nature's way to efficiently respond to all types of challenges: implications for understanding and managing ""the epidemic"" of chronic diseases. front. med. 2018, 5, 316. [crossref pubmed] 3. cavaillon, j.m. once upon a time, inflammation. j. venom. anim. toxins incl. trop. dis. 2021, 27, e20200147. [crossref pubmed] 4. liu, m.; kalbasi, a.; beatty, g.l. functio laesa: cancer inflammation and therapeutic resistance. j. oncol. pract. 2017, 13, 173-180. [crossref pubmed] 5. hannoodee, s.; nasuruddin, d.n. acute inflammatory response. in statpearls; statpearls publishing: treasure island, fl, usa, 2022.6. pahwa, r.; goyal, a.; jialal, i. chronic inflammation. in statpearls; statpearls publishing: treasure island, fl, usa, 2022.7. gustine, j.n.; jones, d. immunopathology of hyperinflammation in covid-19. am. j. pathol. 2020, 191, 4-17. [crossref] 8. chen, l.; deng, h.; cui, h.; fang, j.; zuo, z.; deng, j.; li, y.; wang, x.; zhao, l. inflammatory responses and inflammation-associated diseases in organs. oncotarget 2017, 9, 7204-7218. [crossref] 9. sugimoto, m.a.; sousa, l.p.; pinho, v.; perretti, m.; teixeira, m.m. resolution of inflammation: what controls its onset? front. immunol. 2016, 7, 160.10. jentho, e.; weis, s. damps and innate immune training. front. immunol. 2021, 12, 699563. [crossref] 11. land, w.g. the role of damage-associated molecular patterns in human diseases: part i-promoting inflammation and immunity. sultan. qaboos. univ. med. j. [squmj] 2015, 15, e9-e21.12. dalli, j.; serhan, c. macrophage proresolving mediators--the when and where. microbiol. spectr. 2016, 4, 367-383. [crossref] 13."
"What is PCOS and what is it's prevalence rate?","**Cardiovascular Disease (CVD) in Women – A Hierarchical, Evidence‑Based Overview**
| Section | Key Points | Representative Evidence |
|---------|------------|--------------------------|
| **1. Traditional Risk Factors** | • Diabetes, hypertension, obesity, and smoking confer *greater* relative CVD risk in women than in men. <br>• Women with diabetes have a 3–7‑fold increase in CVD events versus a 2–3‑fold increase in men. <br>• Smoking increases CVD risk by ~25 % more in women (except ages 30–44 y) and interacts with oral contraceptives. <br>• Obesity raises CHD risk 64 % in women vs 46 % in men; hypertension prevalence and control are poorer in older women. | • Diabetes: (Rajendran et al., 2024, Fig. 1) <br>• Smoking: (Huxley & Woodward, 2011) <br>• Obesity: (Wilson et al., 2002) <br>• Hypertension: (Kovell et al., 2021) |
| **2. Female‑Specific Reproductive Risk Factors** | • **Age at Menarche** – Early menarche (<12 y) and late menarche (≥17 y) both associate with higher CVD, CHD, stroke, and mortality (U‑shaped pattern). <br>• **Age at Menopause** – Earlier menopause (shorter estrogen exposure) increases CVD risk; later menopause reduces risk. <br>• **Polycystic Ovary Syndrome (PCOS)** – 4‑fold higher T2D risk, 2–3‑fold higher metabolic syndrome risk; hyperandrogenism and insulin resistance drive atherosclerosis. <br>• **Infertility & Assisted Reproductive Technology (ART)** – Infertility itself and ART (especially in smokers) raise CVD risk; ART is linked to pre‑eclampsia, gestational diabetes, and peripartum cardiovascular complications. <br>• **Spontaneous Pregnancy Loss** – Recurrent miscarriage predicts future CVD; endothelial dysfunction may be the underlying link. <br>• **Parity** – Low parity (<2 live births) is protective; multiparity (>3 births) associates with poorer cardiovascular health, likely due to cumulative metabolic and hormonal changes. | • Menarche: (Peters & Woodward, 2018; Jacobsen et al., 2009) <br>• Menopause: (Kovell et al., 2021) <br>• PCOS: (Rajendran et al., 2024, Ch. 5) <br>• Infertility/ART: (Tehrani et al., 2024; Wang et al., 2022) <br>• Pregnancy loss: (Wang et al., 2022; Horn et al., 2019) <br>• Parity: (Li et al., 2019; Cho et al., 2022) |
| **3. Female‑Predominant Conditions** | • Autoimmune diseases (SLE, RA), migraines, depression, and other conditions independently elevate CVD risk in women. | • Reynolds Risk Score (Ridker et al., 2007) incorporates CRP and family history to improve risk prediction in women. |
| **4. Risk Stratification Tools** | • **Coronary Artery Calcium (CAC) Score** – Adds incremental predictive value beyond traditional risk scores; a CAC  0 virtually excludes CVD in low‑risk women, whereas a CAC > 100 warrants statin therapy. <br>• **Biomarkers** – hs‑CRP, IL‑6, and novel panels (e.g., Reynolds Risk Score) refine risk estimates. | • CAC: (Ridker et al., 2007; Reynolds et al., 2007) <br>• Biomarkers: (Ridker et al., 2000; Sweeney et al., 2021) |
| **5. Prevention & Management** | • **Lifestyle** – Smoking cessation, weight control, physical activity, and dietary modification remain first‑line. <br>• **Pharmacotherapy** – Statins for women ≥40 y with ≥10 % 10‑year ASCVD risk or CAC > 100; aspirin for women 40–70 y with ≥10 % 10‑year risk and no contraindication. <br>• **Special Populations** – Women with PCOS should receive early glucose monitoring and consider metformin or lifestyle therapy; women with a history of pre‑eclampsia or recurrent miscarriage benefit from early cardiology follow‑up. | • Statin guidelines (ACC/AHA, 2019) <br>• Aspirin guidelines (ACC/AHA, 2019) <br>• PCOS management (Tehrani et al., 2024) |
---
| Risk Factor | Relative CVD Risk in Women | Relative CVD Risk in Men | Evidence |
|-------------|---------------------------|--------------------------|----------|
| Diabetes | 3–7 × higher | 2–3 × higher | (Rajendran et al., 2024) |
| Smoking | 25 % higher (except 30–44 y) | 25 % lower | (Huxley & Woodward, 2011) |
| Obesity | 64 % higher CHD risk | 46 % higher | (Wilson et al., 2002) |
| Hypertension | Poorer control in older women | Better control | (Kovell et al., 2021) |
**Clinical Take‑away:** When a woman presents with any of these risk factors, clinicians should consider a higher index of suspicion for CVD and may lower the threshold for initiating preventive therapy.
- **Early menarche (<12 y)** → ↑ CVD, CHD, stroke, T2D, obesity.
- **Late menarche (≥17 y)** → U‑shaped risk; also associated with higher CVD.
- **Mechanisms:** Early menarche may reflect early life metabolic dysregulation; late menarche may indicate shorter estrogen exposure but other pathways (e.g., adiposity) also contribute.
- **Evidence:** (Peters & Woodward, 2018; Jacobsen et al., 2009; Zhu et al., 2023).
- **Early menopause** (shorter estrogen exposure) → ↑ CVD risk.
- **Late menopause** → ↓ CVD risk.
- **Evidence:** (Mishra et al., 2021; Koval et al., 2021).
- **Prevalence:** 5–13 %.
- **Key Features:** Ovulatory dysfunction, hyperandrogenism, insulin resistance.
- **CVD Impact:** 4‑fold higher T2D risk; 2–3‑fold higher metabolic syndrome risk; hyperandrogenism drives insulin resistance and atherosclerosis.
- **Pregnancy Complications:** Higher risk of pre‑eclampsia, gestational diabetes, and peripartum cardiovascular events.
- **Management:** Early glucose monitoring, lifestyle counseling, metformin or lifestyle therapy, and consideration of statin therapy if indicated.
- **Evidence:** (Rajendran et al., 2024; Tehrani et al., 2024).
- **Infertility alone** → ↑ CVD risk.
- **ART (especially with ovarian hyperstimulation)** → ↑ risk of pre‑eclampsia, gestational diabetes, and peripartum cardiovascular complications.
- **Smoking + OCP** → Synergistic increase in CVD risk.
- **Evidence:** (Tehrani et al., 2024; Wang et al., 2022).
- **Recurrent miscarriage** → Future maternal CVD risk (HR ≈ 1.3–1.5).
- **Potential Mechanism:** Endothelial dysfunction linking miscarriage, pre‑eclampsia, and future CVD.
- **Evidence:** (Wang et al., 2022; Horn et al., 2019).
- **Low parity (<2 births)** → Protective.
- **Multiparity (>3 births)** → Poorer cardiovascular health, possibly due to cumulative metabolic shifts.
- **Dose‑response:** Each additional birth modestly increases CVD risk.
- **Evidence:** (Li et al., 2019; Cho et al., 2022).
| Condition | CVD Impact | Key Evidence |
|-----------|------------|--------------|
| Systemic Lupus Erythematosus | ↑ CVD risk (≈ 2–3×) | (Tehrani et al., 2024) |
| Rheumatoid Arthritis | ↑ CVD risk (≈ 2×) | (Tehrani et al., 2024) |
| Depression | ↑ CVD risk (≈ 1.5×) | (Ridker et al., 2007) |
| Migraine (especially with aura) | ↑ CVD risk (≈ 1.3×) | (Tehrani et al., 2024) |
- **Zero CAC** → Very low 10‑year ASCVD risk; statin therapy usually not indicated.
- **CAC > 100** → Strong indication for statin therapy even if traditional risk scores are borderline.
- **CAC in Women**: Adds incremental predictive value beyond the Reynolds Risk Score.
- **Evidence:** (Ridker et al., 2007; Reynolds et al., 2007).
- **hs‑CRP**: Adds prognostic information, especially in women with intermediate risk.
- **Novel panels** (e.g., IL‑6, lipoprotein(a)) may further refine risk.
- **Evidence:** (Ridker et al., 2000; Sweeney et al., 2021).
| Step | Target Population | Intervention | Evidence |
|------|-------------------|--------------|----------|
| **Lifestyle** | All women | Smoking cessation, weight control, physical activity, Mediterranean diet | (Gallucci et al., 2020) |
| **Screening** | Women ≥40 y or with ≥1 female‑specific risk factor | CAC score or Reynolds Risk Score | (Ridker et al., 2007) |
| **Pharmacotherapy** | Women ≥40 y with ≥10 % 10‑year ASCVD risk or CAC > 100 | Statin therapy (e.g., atorvastatin 10 mg) | (ACC/AHA, 2019) |
| **Aspirin** | Women 40–70 y with ≥10 % 10‑year ASCVD risk and no contraindication | Low‑dose aspirin (81 mg) | (ACC/AHA, 2019) |
| **PCOS** | Women with PCOS | Early glucose monitoring, metformin or lifestyle therapy, consider statin if CAC > 100 | (Tehrani et al., 2024) |
| **Pregnancy Complications** | Women with pre‑eclampsia, gestational diabetes, or recurrent miscarriage | Early cardiology follow‑up, lifestyle counseling, consider aspirin prophylaxis if high risk | (Horn et al., 2019) |
| **Multiparity** | Women with ≥3 live births | Monitor metabolic parameters, encourage healthy diet and exercise postpartum | (Li et al., 2019) |
1. **Traditional risk factors** (diabetes, hypertension, obesity, smoking) confer *greater* relative CVD risk in women than in men.
2. **Female‑specific reproductive factors** (age at menarche/menopause, PCOS, infertility/ART, pregnancy loss, parity) add independent CVD risk.
3. **Female‑predominant conditions** (autoimmune disease, migraines, depression) further elevate risk.
4. **Risk stratification** using CAC scores and biomarkers can refine risk estimates and guide preventive therapy.
5. **Prevention** should combine lifestyle modification, early pharmacotherapy (statins, aspirin), and targeted monitoring for women with high‑risk reproductive histories.
By integrating reproductive history, traditional risk factors, and advanced risk tools, clinicians can more accurately identify women at high CVD risk and implement timely, evidence‑based preventive strategies.","**1. File 52 - [Sex-specific differences in cardiovascular risk factors_extracted.pdf] - file_52_summary_4_part_0_level_1**
women with pcov have a 4-fold higher risk of type 2 diabetes, a 2- to 3-fold higher risk of metabolic syndrome, and a roughly 30 % increased risk of cardiovascular events, especially during reproductive years. hyperandrogenism drives insulin resistance and atherosclerosis, with pcov patients twice as likely to show coronary artery calcium and increased subclinical atherosclerosis. assisted reproductive technology independently raises peripartum cardiovascular complications such as preeclampsia, eclampsia, and arrhythmias, and infertility history predicts a 20 % higher future heart-failure risk, mainly heart-failure with preserved ejection fraction. comprehensive risk assessment—including lifestyle modification, metformin or glp-1 agonists, routine blood pressure and lipid checks, and use of coronary calcium scoring or biomarkers—along with early oral contraceptive therapy for hyperandrogenism, is recommended to mitigate these elevated risks.

**2. File 51 - [Sex-specific differences in cardiovascular risk factors and_extracted.pdf] - file_51_chunk_3_level_0**
women with pcos often have irregular menstrual cycles, which menstrual irregularity is also independently associated with cvd. furthermore, pcos is a leading cause of infertility. during pregnancy, pcos is associated with greater risk of preeclampsia, gestational diabetes, and cardiovascular complications at delivery. women with pcos have an increased risk of developing metabolic syndrome and associated diseases including type 2 diabetes (t2d), hypertension, and dyslipidemia. specifically, women with pcos are 4 times more likely to develop t2d and 2-3 times more likely to develop metabolic syndrome compared to women without pcos. notably, the esc prevention guideline highlights pcos as a sex-specific ""risk-modifier"" that increases women's risk for future t2d. hyperandrogenism, an important feature of pcos, may drive some of the insulin resistance, as well as increase the risk for atherosclerosis. several studies have demonstrated increased risk of cac, a marker of subclinical atherosclerosis, in women with pcos, and a meta-analysis reported women with pcos as being twice as likely to have cac compared to women without pcos. although there has been mixed evidence, a recent meta-analysis of ten studies found a ~30% increased risk of cvd events among women with pcos. this increased cardiovascular risk associated with pcos appears to be greater among women of reproductive age, compared to those after menopausal transition. rajendran et al. page 4 atherosclerosis. author manuscript; available in pmc 2024 november 01. author manuscript author manuscript author manuscript author manuscript aggressive cardiometabolic risk factor modification should be a routine aspect of care for patients with pcos. this includes lifestyle modifications, the addition of metformin for insulin resistance, obesity management with consideration of use of the glucagon-like peptide 1 receptor agonists, diabetes screening, annual blood pressure checks, fasting lipid panel, and screening for additional psychosocial issues such as eating disorders, smoking, depression, and anxiety. oral contraceptives are the first line therapy to address the hyperandrogenic state. 6. infertility and the use of assisted reproductive technology the use of art to address infertility in women is growing worldwide; this is an umbrella term encompassing several different types of procedures including ovarian stimulation, fresh embryo transfer, frozen embryo transfer, and pre-implantation genetic testing. the use of art is associated with increased cardiovascular risk; this is most likely due to the higher prevalence of established cardiovascular risk factors among women with infertility such as advanced maternal age, chronic hypertension, diabetes, obesity, and pcos. a retrospective analysis using the national inpatient sample found that women who had undergone art to conceive were older at the time of delivery and had a higher prevalence of hypertension, gestational diabetes, and dyslipidemia. in this study, art was found to be an independent predictor of peripartum cardiovascular complications such as preeclampsia / eclampsia and cardiac arrhythmias when compared with natural conception; however, it was not associated with increased risk of peripartum cardiomyopathy or acute coronary syndrome. a large prospective study of post-menopausal women found that self-reported history of infertility was associated with a nearly 20% increased risk of developing future heart failure compared to women without a history of infertility, and this was driven by future risk of heart failure with preserved ejection fraction and not heart failure with reduced ejection fraction. interestingly, the association of infertility and heart failure was not explained by existing cardiovascular risk factors (e.g. hypertension, diabetes, obesity, increased 10-year ascvd risk score) or infertility-related risk factors (e.g. irregular menstrual cycle, early menopause, thyroid disease). the mechanisms underlying the association between infertility, art and cvd are likely multifaceted and needs further investigation. hypothalamic pituitary axis dysregulation and subsequent estrogen deficiency has been implicated in the development of future heart failure and cvd. both low concentrations of estradiol found in infertility and ovarian hyperstimulation in art have been linked with angiotensin-renin-aldosterone system derangements and endothelial dysfunction. it is not yet clear how different modes of art are associated with peripartum or future risk of cvd. women undergoing art should be evaluated for cvd risk factors and monitored for cardiovascular complications during pregnancy and beyond. 7. spontaneous pregnancy loss spontaneous pregnancy loss which refers to miscarriages and stillbirths has been known to be associated with an increased risk of cvd. while pregnancy loss is linked with the presence of cardiometabolic risk factors, a large cohort study recently demonstrated that women with pregnancy loss had a 1.2-fold increase in chd and stroke independent of other rajendran et al. page 5 atherosclerosis.

**3. File 52 - [Sex-specific differences in cardiovascular risk factors_extracted.pdf] - file_52_chunk_3_level_0**
women with pcos often have irregular menstrual cycles, which menstrual irregularity is also independently associated with cvd. furthermore, pcos is a leading cause of infertility. during pregnancy, pcos is associated with greater risk of preeclampsia, gestational diabetes, and cardiovascular complications at delivery. women with pcos have an increased risk of developing metabolic syndrome and associated diseases including type 2 diabetes (t2d), hypertension, and dyslipidemia. specifically, women with pcos are 4 times more likely to develop t2d and 2-3 times more likely to develop metabolic syndrome compared to women without pcos. notably, the esc prevention guideline highlights pcos as a sex-specific ""risk-modifier"" that increases women's risk for future t2d. hyperandrogenism, an important feature of pcos, may drive some of the insulin resistance, as well as increase the risk for atherosclerosis. several studies have demonstrated increased risk of cac, a marker of subclinical atherosclerosis, in women with pcos, and a meta-analysis reported women with pcos as being twice as likely to have cac compared to women without pcos. although there has been mixed evidence, a recent meta-analysis of ten studies found a ~30% increased risk of cvd events among women with pcos. this increased cardiovascular risk associated with pcos appears to be greater among women of reproductive age, compared to those after menopausal transition. rajendran et al. page 4 atherosclerosis. author manuscript; available in pmc 2024 november 01. author manuscript author manuscript author manuscript author manuscript aggressive cardiometabolic risk factor modification should be a routine aspect of care for patients with pcos. this includes lifestyle modifications, the addition of metformin for insulin resistance, obesity management with consideration of use of the glucagon-like peptide 1 receptor agonists, diabetes screening, annual blood pressure checks, fasting lipid panel, and screening for additional psychosocial issues such as eating disorders, smoking, depression, and anxiety. oral contraceptives are the first line therapy to address the hyperandrogenic state. 6. infertility and the use of assisted reproductive technology the use of art to address infertility in women is growing worldwide; this is an umbrella term encompassing several different types of procedures including ovarian stimulation, fresh embryo transfer, frozen embryo transfer, and pre-implantation genetic testing. the use of art is associated with increased cardiovascular risk; this is most likely due to the higher prevalence of established cardiovascular risk factors among women with infertility such as advanced maternal age, chronic hypertension, diabetes, obesity, and pcos. a retrospective analysis using the national inpatient sample found that women who had undergone art to conceive were older at the time of delivery and had a higher prevalence of hypertension, gestational diabetes, and dyslipidemia. in this study, art was found to be an independent predictor of peripartum cardiovascular complications such as preeclampsia / eclampsia and cardiac arrhythmias when compared with natural conception; however, it was not associated with increased risk of peripartum cardiomyopathy or acute coronary syndrome. a large prospective study of post-menopausal women found that self-reported history of infertility was associated with a nearly 20% increased risk of developing future heart failure compared to women without a history of infertility, and this was driven by future risk of heart failure with preserved ejection fraction and not heart failure with reduced ejection fraction. interestingly, the association of infertility and heart failure was not explained by existing cardiovascular risk factors (e.g. hypertension, diabetes, obesity, increased 10-year ascvd risk score) or infertility-related risk factors (e.g. irregular menstrual cycle, early menopause, thyroid disease). the mechanisms underlying the association between infertility, art and cvd are likely multifaceted and needs further investigation. hypothalamic pituitary axis dysregulation and subsequent estrogen deficiency has been implicated in the development of future heart failure and cvd. both low concentrations of estradiol found in infertility and ovarian hyperstimulation in art have been linked with angiotensin-renin-aldosterone system derangements and endothelial dysfunction. it is not yet clear how different modes of art are associated with peripartum or future risk of cvd. women undergoing art should be evaluated for cvd risk factors and monitored for cardiovascular complications during pregnancy and beyond. 7. spontaneous pregnancy loss spontaneous pregnancy loss which refers to miscarriages and stillbirths has been known to be associated with an increased risk of cvd. while pregnancy loss is linked with the presence of cardiometabolic risk factors, a large cohort study recently demonstrated that women with pregnancy loss had a 1.2-fold increase in chd and stroke independent of other rajendran et al. page 5 atherosclerosis.

**4. File 51 - [Sex-specific differences in cardiovascular risk factors and_extracted.pdf] - file_51_summary_0_part_0_level_1**
the review examines sex differences in traditional cardiovascular risk factors and female-specific factors such as age of menarche/menopause, pcos, infertility, assisted reproductive technology, pregnancy loss, parity, adverse pregnancy outcomes, autoimmune disease, migraines, and depression, and discusses how coronary artery calcium scores and biomarkers can refine risk stratification. women experience a greater relative cardiovascular risk from diabetes, smoking, obesity, and hypertension than men, with diabetes increasing risk 3-7× in women versus 2-3× in men, smoking risk 25% higher in women except ages 30-44, obesity raising chd risk 64% in women versus 46% in men, and hypertension being less well controlled in older women. both early (≤10-12 years) and late (≥17 years) menarche are associated with a u-shaped increase in cardiovascular disease, linked to obesity, metabolic syndrome, pcos, and reduced lifetime estrogen exposure, while early menopause (<45 years) is a risk-enhancing factor for atherosclerotic cardiovascular disease, stroke, heart failure, and other conditions beyond traditional risk factors. polycystic ovary syndrome, affecting 5-13% of reproductive-aged women, is a sex-specific risk modifier that elevates the likelihood of type 2 diabetes (≈4×), metabolic syndrome (≈2-3×), hypertension, dyslipidemia, and pregnancy-related cardiovascular complications, likely driven by hyperandrogenism and insulin resistance.

**5. File 52 - [Sex-specific differences in cardiovascular risk factors_extracted.pdf] - file_52_chunk_12_level_0**
the journal of clinical endocrinology & metabolism 2002; 87: 2013-2017. [pubmed: 11994334] 43. zahid s, khan mz, gowda s et al. trends, predictors, and outcomes of cardiovascular complications associated with polycystic ovary syndrome during delivery hospitalizations: a national inpatient sample analysis. journal of the american heart association 2022; 11: e025839. [pubmed: 35708290] 44. teede hj, hutchison s, zoungas s, meyer c. insulin resistance, the metabolic syndrome, diabetes, and cardiovascular disease risk in women with pcos. endocrine 2006; 30: 45-53. [pubmed: 17185791] 45. rubin kh, glintborg d, nybo m, abrahamsen b, andersen m. development and risk factors of type 2 diabetes in a nationwide population of women with polycystic ovary syndrome. the journal of clinical endocrinology & metabolism 2017; 102: 3848-3857. [pubmed: 28938447] 46. moran lj, misso ml, wild ra, norman rj. impaired glucose tolerance, type 2 diabetes and metabolic syndrome in polycystic ovary syndrome: a systematic review and meta-analysis. human reproduction update 2010; 16: 347-363. [pubmed: 20159883] 47. lim s, kakoly n, tan j et al. metabolic syndrome in polycystic ovary syndrome: a systematic review, meta-analysis and meta-regression. obesity reviews 2019; 20: 339-352. [pubmed: 30339316] 48. adams mr, williams jk, kaplan jr. effects of androgens on coronary artery atherosclerosis and atherosclerosis-related impairment of vascular responsiveness. arteriosclerosis, thrombosis, and vascular biology 1995; 15: 562-570. [pubmed: 7749870] 49. osibogun o, ogunmoroti o, kolade ob et al. a systematic review and meta-analysis of the association between polycystic ovary syndrome and coronary artery calcification. journal of women's health 2022; 31: 762-771.50. zhao l, zhu z, lou h et al. polycystic ovary syndrome (pcos) and the risk of coronary heart disease (chd): a meta-analysis. oncotarget 2016; 7: 33715. [pubmed: 27220885] 51. oliver-williams c, vassard d, pinborg a, schmidt l. risk of cardiovascular disease for women with polycystic ovary syndrome: results from a national danish registry cohort study. eur j prev cardiol 2020: 2047487320939674.52. lau es, wang d, roberts m et al. infertility and risk of heart failure in the women's health initiative. journal of the american college of cardiology 2022; 79: 1594-1603. [pubmed: 35450577] 53. takefuji m, murohara t. corticotropin-releasing hormone family and their receptors in the cardiovascular system. circulation journal 2019; 83: 261-266. [pubmed: 30584229] 54. murphy e estrogen signaling and cardiovascular disease. circulation research 2011; 109: 687-696. [pubmed: 21885836] rajendran et al. page 13 atherosclerosis. author manuscript; available in pmc 2024 november 01. author manuscript author manuscript author manuscript author manuscript 55. nastri co, ferriani ra, rocha ia, martins wp. ovarian hyperstimulation syndrome: pathophysiology and prevention. journal of assisted reproduction and genetics 2010; 27: 121-128. [pubmed: 20140640] 56. wang y-x, minguez-alarcon l, gaskins aj et al. pregnancy loss and risk of cardiovascular disease: the nurses' health study ii. european heart journal 2022; 43: 190-199. [pubmed: 34718507] 57. horn j, tanz lj, stuart jj et al. early or late pregnancy loss and development of clinical cardiovascular disease risk factors: a prospective cohort study.

**6. File 51 - [Sex-specific differences in cardiovascular risk factors and_extracted.pdf] - file_51_chunk_2_level_0**
a large study from the united kingdom (uk) biobank found an independent association between those who had menarche at <12 years of age and increased risk of cvd and heart failure. there is also evidence from analysis of another uk population-based cohort to suggest a u-shaped relationship between age of menarche and cvd, whereby both early and late menarche are associated with poor cardiovascular outcomes. in that study, women with menarche at < 10 years of age and menarche at >17 years of age had increased risk of chd, as well as cerebrovascular and hypertensive disease. these findings were corroborated in a recent study where early and late menarche were associated with major adverse cardiac events; however, interestingly, there is unclear association between lifetime estrogen exposure and cvd events, which suggests that there may be additional mechanisms underlying the role and timing of menarche in cardiovascular health. specifically, earlier menarche has been related to obesity and metabolic syndrome. later menarche, on the other hand, has been linked to pcos, as well as decreased lifetime estrogen exposure, which may at least partially explain its association with increased cvd. 4. early menopause the onset of menopause that occurs early (<45 years of age), affecting up to 10% of women, or premature (<40 years of age), affecting 1% of women, is an emerging risk factor for adverse cardiovascular outcomes in women. furthermore, some authors have encouraged using a continuum of menopause age rather than a prespecified cut-off for risk stratification. starting in the 1970s, loss of estrogen at menopause has been hypothesized to play an essential role in the increased incidence of cvd in postmenopausal women. both the 2021 european society of cardiology (esc) prevention guideline rajendran et al. page 3 atherosclerosis. author manuscript; available in pmc 2024 november 01. author manuscript author manuscript author manuscript author manuscript and the 2019 american college of cardiology (acc)/american heart association (aha) prevention guideline have also incorporated premature menopause as a ""risk-enhancing"" or ""risk-modifying"" factor for atherosclerotic cvd (ascvd) to guide patient risk assessment. early menopause has been associated with an increased risk of chd, stroke, and heart failure. in a recent large cohort of postmenopausal women, premature natural and surgical menopause was additionally associated with traditional ascvd risk factors (hypertension, hyperlipidemia, diabetes), as well as aortic stenosis, atrial fibrillation, and venous thromboembolism (vte). this cvd risk associated with premature menopause was also observed after adjustment for prevalent risk factors, suggesting that premature menopause may not only be comorbid with traditional risk factors, but may also increase the risk of developing additional cardiovascular risk factors. the mechanism driving the relationship between early menopause and cvd is thought to be related to the deficiency in protective endogenous estrogens and an increase in endogenous androgens. it is possible that natural versus surgical premature menopause may have differing cardiovascular risk. although no dedicated study has selectively investigated this, a secondary analysis showed significant differences in risk between natural and surgical menopause, but those observed differences did not persist in fully adjusted models and were likely limited by reduced statistical power. an improved understanding of the differences in a gradual versus abrupt loss of ovarian hormones may influence risk prediction and improve guidance in implementing cvd prevention strategies. 5. polycystic ovary syndrome pcos is the most common endocrine disorder that affects reproductive-aged women with a global prevalence between 5-13%. it is complex and heterogenous in presentation with features including ovulatory dysfunction, hyperandrogenism, insulin resistance, and cystic morphology of ovaries by ultrasound. women with pcos often have irregular menstrual cycles, which menstrual irregularity is also independently associated with cvd. furthermore, pcos is a leading cause of infertility. during pregnancy, pcos is associated with greater risk of preeclampsia, gestational diabetes, and cardiovascular complications at delivery. women with pcos have an increased risk of developing metabolic syndrome and associated diseases including type 2 diabetes (t2d), hypertension, and dyslipidemia. specifically, women with pcos are 4 times more likely to develop t2d and 2-3 times more likely to develop metabolic syndrome compared to women without pcos. notably, the esc prevention guideline highlights pcos as a sex-specific ""risk-modifier"" that increases women's risk for future t2d. hyperandrogenism, an important feature of pcos, may drive some of the insulin resistance, as well as increase the risk for atherosclerosis.

**7. File 51 - [Sex-specific differences in cardiovascular risk factors and_extracted.pdf] - file_51_chunk_10_level_0**
eur j cardiovasc prev rehabil 2009; 16: 174-9. [pubmed: 19247184] 19. huxley rr, woodward m. cigarette smoking as a risk factor for coronary heart disease in women compared with men: a systematic review and meta-analysis of prospective cohort studies. the lancet 2011; 378: 1297-1305.20. gallucci g, tartarone a, lerose r, lalinga av, capobianco am. cardiovascular risk of smoking and benefits of smoking cessation. journal of thoracic disease 2020; 12: 3866. [pubmed: 32802468] 21. wilson pw, d'agostino rb, sullivan l, parise h, kannel wb. overweight and obesity as determinants of cardiovascular risk: the framingham experience. archives of internal medicine 2002; 162: 1867-1872. [pubmed: 12196085] 22. kovell lc, harrington cm, michos ed. update on blood pressure control among us adults with hypertension. jama 2021; 325: 586-587.23. lloyd-jones dm, evans jc, levy d. hypertension in adults across the age spectrum: current outcomes and control in the community. jama 2005; 294: 466-472. [pubmed: 16046653] 24. jacobsen b, oda k, knutsen s, fraser g. age at menarche, total mortality and mortality from ischaemic heart disease and stroke: the adventist health study, 1976-88. international journal of epidemiology 2009; 38: 245-252. [pubmed: 19188208] 25. jacobsen bk, heuch i, kvale g. association of low age at menarche with increased all-cause mortality: a 37-year follow-up of 61, 319 norwegian women. american journal of epidemiology 2007; 166: 1431-1437. [pubmed: 17875585] 26. peters sa, woodward m. women's reproductive factors and incident cardiovascular disease in the uk biobank. heart 2018; 104: 1069-1075. [pubmed: 29335253] 27. zhu f, qi h, bos m, boersma e, kavousi m. female reproductive factors and risk of new-onset heart failure: findings from uk biobank. jacc heart failure 2023.28. canoy d, beral v, balkwill a et al. age at menarche and risks of coronary heart and other vascular diseases in a large uk cohort. circulation 2015; 131: 237-244. [pubmed: 25512444] 29. lee jj, cook-wiens g, johnson bd et al. age at menarche and risk of cardiovascular disease outcomes: findings from the national heart lung and blood institute-sponsored women's ischemia syndrome evaluation. journal of the american heart association 2019; 8: e012406. [pubmed: 31165670] 30. mishra sr, chung hf, waller m, mishra gd. duration of estrogen exposure during reproductive years, age at menarche and age at menopause, and risk of cardiovascular disease events, all-cause and cardiovascular mortality: a systematic review and meta-analysis. bjog: an international journal of obstetrics & gynaecology 2021; 128: 809-821. [pubmed: 32965759] 31. lakshman r, forouhi n, luben r et al. association between age at menarche and risk of diabetes in adults: results from the epic-norfolk cohort study. diabetologia 2008; 51: 781-786. [pubmed: 18320165] 32. lakshman r, forouhi ng, sharp sj et al. early age at menarche associated with cardiovascular disease and mortality. the journal of clinical endocrinology & metabolism 2009; 94: 4953-4960. [pubmed: 19880785] 33. carroll j, saxena r, welt ck. environmental and genetic factors influence age at menarche in women with polycystic ovary syndrome. journal of pediatric endocrinology and metabolism 2012; 25: 459-466. [pubmed: 22876539] 34.

**8. File 51 - [Sex-specific differences in cardiovascular risk factors and_extracted.pdf] - file_51_chunk_1_level_0**
in this review, we highlight sex differences in traditional risk factors including diabetes, hypertension, obesity, and smoking, as well as female-specific risk factors including age of menarche and menopause, polycystic ovary syndrome (pcos), infertility and the use of assisted reproductive technology (art), spontaneous pregnancy loss, parity, and adverse pregnancy outcomes (apos). we also address female-predominant conditions such as autoimmune diseases, migraines, and depression that independently increase the risk of cvd. lastly, this review looks at the role of the use of coronary artery calcium (cac) scores and biomarkers to help further risk stratify patients and guide preventive recommendations. these topics are also discussed in the paper by kerkhof and tona. of note, in this review, we refer to ""women"" as was described in the original studies reviewed. this gender assignment was presumably made based on female sex assigned at birth. while addressing the cardiovascular health of individuals who are transgender, non-binary, or gender fluid is an important area of much needed research and preventive efforts, it is beyond the scope of this review. in this special issue, cardiovascular disease in transgender individuals is discussed in the review by murphya et al. sex differences in traditional risk factors while women and men mostly share traditional risk factors for cvd, the relative impact of risk factors is variable in part due to biological sex differences and in part due to behavioral practices. sex differences in circulating lipids and lipidomes are discussed in the reviews by holven and roeters van lennep and tabassum et al notably, women with a history of diabetes, smoking, and hypertension have a greater relative risk for cvd compared to men with the same risk factors. specifically for diabetes, although men have a higher prevalence of diabetes, analyses have shown that the presence of diabetes increases cardiovascular risk by approximately 3-7-fold in women as compared to 2-3-fold in men. the incidence of cvd-related mortality, myocardial infarction, heart failure, and stroke are all higher among women with diabetes compared to men with diabetes. though the underlying cause for this difference is unknown, proposed hypotheses include a higher body mass index (bmi), greater systemic inflammation, worse glycemic control, and higher risk profile burden of women at the time of diabetes diagnosis compared to men. rajendran et al. page 2 atherosclerosis. author manuscript; available in pmc 2024 november 01. author manuscript author manuscript author manuscript author manuscript tobacco use is another significant modifiable risk factor with differential impacts on cvd risk for women and men. a meta-analysis of over three million individuals demonstrated that except for women aged 30-44 years, female smokers had a 25% greater risk of cvd than male smokers. oral contraceptives also increase the risk of cvd in women who smoke. other risk factors such as obesity and hypertension have been increasing in prevalence among women compared to men. the framingham study showed that women with obesity have an increased risk of coronary heart disease (chd) of 64% compared to 46% among men with obesity. the prevalence of hypertension is higher among women above the age of 60 compared to men, presumable due in part to the loss of endogenous estrogens during menopause. furthermore, hypertension is less well-controlled in older women than men, another factor contributing to increased cvd risk. 3. menarche age menarche, the onset of menstruation, signals the beginning of the reproductive stage in a woman's life. several large-cohort studies have found associations between early age of menarche and increased risk of cvd as well as associated risk factors such as metabolic syndrome, obesity, and diabetes. with regards to all-cause mortality, studies have shown a 2-4% reduction in mortality for each year of delayed menarche as well as associations between early age of menarche and ischemic heart disease and stroke. a large study from the united kingdom (uk) biobank found an independent association between those who had menarche at <12 years of age and increased risk of cvd and heart failure. there is also evidence from analysis of another uk population-based cohort to suggest a u-shaped relationship between age of menarche and cvd, whereby both early and late menarche are associated with poor cardiovascular outcomes. in that study, women with menarche at < 10 years of age and menarche at >17 years of age had increased risk of chd, as well as cerebrovascular and hypertensive disease. these findings were corroborated in a recent study where early and late menarche were associated with major adverse cardiac events; however, interestingly, there is unclear association between lifetime estrogen exposure and cvd events, which suggests that there may be additional mechanisms underlying the role and timing of menarche in cardiovascular health.

**9. File 52 - [Sex-specific differences in cardiovascular risk factors_extracted.pdf] - file_52_chunk_18_level_0**
journal of clinical lipidology 2021; 15: 33-60. [pubmed: 33419719] 114. maas ah, van der schouw yt, atsma f et al. breast arterial calcifications are correlated with subsequent development of coronary artery calcifications, but their aetiology is predominantly different. european journal of radiology 2007; 63: 396-400. [pubmed: 17360140] 115. quispe r, al-rifai m, di carlo pa et al. breast arterial calcium: a game changer in women's cardiovascular health? jacc cardiovascular imaging 2019; 12: 2538-2548. [pubmed: 30878429] 116. osman m, regner s, osman k et al. association between breast arterial calcification on mammography and coronary artery disease: a systematic review and meta-analysis. journal of women's health 2022; 31: 1719-1726.117. bullock-palmer rp, michos ed, gaballa d, blankstein r. the role of imaging in preventive cardiology in women. current cardiology reports 2022.118. sweeney t, quispe r, das t, juraschek sp, martin ss, michos ed. the use of blood biomarkers in precision medicine for the primary prevention of atherosclerotic cardiovascular disease: a review. expert rev precis med drug dev 2021; 6: 247-258. [pubmed: 34423130] 119. ridker pm, hennekens ch, buring je, rifai n. c-reactive protein and other markers of inflammation in the prediction of cardiovascular disease in women. the new england journal of medicine 2000; 342: 836-43. [pubmed: 10733371] 120. ridker pm, buring je, rifai n, cook nr. development and validation of improved algorithms for the assessment of global cardiovascular risk in women: the reynolds risk score. jama 2007; 297: 611-9. [pubmed: 17299196] 121. heidenreich pa, bozkurt b, aguilar d et al. 2022 aha/acc/hfsa guideline for the management of heart failure: executive summary: a report of the american college of cardiology/american heart association joint committee on clinical practice guidelines. journal of the american college of cardiology 2022; 79: 1757-1780. [pubmed: 35379504] rajendran et al. page 17 atherosclerosis. author manuscript; available in pmc 2024 november 01. author manuscript author manuscript author manuscript author manuscript highlights * the relative risk for cardiovascular disease (cvd) conferred by traditional cardiovascular risk factors (i.e., diabetes, hypertension, obesity, and smoking) is greater in women as compared to men. * female-specific risk factors (i.e., age of menarche and menopause, polycystic ovary syndrome, infertility and the use of assisted reproductive technology, spontaneous pregnancy loss, parity, and adverse pregnancy outcomes), as well as female-predominant conditions (i.e., lupus, rheumatoid arthritis, depression), confer additional cvd risk. * comprehensive assessment of risk factors and the selective use of coronary artery calcium scores and/or biomarkers can help stratify a women's cvd risk and guide prevention efforts, including lifestyle modifications and the initiation of pharmacotherapy such as a statin when appropriate. rajendran et al. page 18 atherosclerosis. author manuscript; available in pmc 2024 november 01. author manuscript author manuscript author manuscript author manuscript fig. 1: cvd risk factors in women. rajendran et al. page 19 atherosclerosis. author manuscript; available in pmc 2024 november 01. author manuscript author manuscript author manuscript author manuscript.

**10. File 52 - [Sex-specific differences in cardiovascular risk factors_extracted.pdf] - file_52_chunk_13_level_0**
[pubmed: 21885836] rajendran et al. page 13 atherosclerosis. author manuscript; available in pmc 2024 november 01. author manuscript author manuscript author manuscript author manuscript 55. nastri co, ferriani ra, rocha ia, martins wp. ovarian hyperstimulation syndrome: pathophysiology and prevention. journal of assisted reproduction and genetics 2010; 27: 121-128. [pubmed: 20140640] 56. wang y-x, minguez-alarcon l, gaskins aj et al. pregnancy loss and risk of cardiovascular disease: the nurses' health study ii. european heart journal 2022; 43: 190-199. [pubmed: 34718507] 57. horn j, tanz lj, stuart jj et al. early or late pregnancy loss and development of clinical cardiovascular disease risk factors: a prospective cohort study. bjog: an international journal of obstetrics & gynaecology 2019; 126: 33-42.58. oliver-williams ct, heydon ee, smith gc, wood am. miscarriage and future maternal cardiovascular disease: a systematic review and meta-analysis. heart 2013; 99: 1636-1644. [pubmed: 23539554] 59. germain am, romanik mc, guerra i et al. endothelial dysfunction: a link among preeclampsia, recurrent pregnancy loss, and future cardiovascular events? hypertension (dallas, tex: 1979) 2007; 49: 90-5. [pubmed: 17116761] 60. kovalevsky g, gracia cr, berlin ja, sammel md, barnhart kt. evaluation of the association between hereditary thrombophilias and recurrent pregnancy loss: a meta-analysis. archives of internal medicine 2004; 164: 558-563. [pubmed: 15006834] 61. li w, ruan w, lu z, wang d. parity and risk of maternal cardiovascular disease: a dose-response meta-analysis of cohort studies. european journal of preventive cardiology 2019; 26: 592-602. [pubmed: 30567461] 62. moazzeni ss, toreyhi h, asgari s, azizi f, tehrani fr, hadaegh f. number of parity/live birth (s) and cardiovascular disease among iranian women and men: results of over 15 years of follow-up. bmc pregnancy and childbirth 2021; 21: 1-11. [pubmed: 33388035] 63. lawlor da, emberson jr, ebrahim s et al. is the association between parity and coronary heart disease due to biological effects of pregnancy or adverse lifestyle risk factors associated with child-rearing? findings from the british women's heart and health study and the british regional heart study. circulation 2003; 107: 1260-1264. [pubmed: 12628945] 64. ogunmoroti o, osibogun o, kolade ob et al. multiparity is associated with poorer cardiovascular health among women from the multi-ethnic study of atherosclerosis. am j obstet gynecol 2019; 221: 631 e1-631 e16.65. rodriguez cp, ogunmoroti o, quispe r et al. the association between multiparity and adipokine levels: the multi-ethnic study of atherosclerosis. journal of women's health 2021.66. kazzi b, ogunmoroti o, rodriguez cp et al. parity history and later life sex hormone levels in the multi-ethnic study of atherosclerosis (mesa). canadian journal of cardiology 2022; 38: 1893-1900. [pubmed: 36087657] 67. choi e, kazzi b, varma b et al. the fourth trimester: a time for enhancing transitions in cardiovascular care. current cardiovascular risk reports 2022: 1-11. [pubmed: 36465151] 68. hutcheon ja, lisonkova s, joseph k. epidemiology of pre-eclampsia and the other hypertensive disorders of pregnancy. best practice & research clinical obstetrics & gynaecology 2011; 25: 391-403. [pubmed: 21333604] 69. hogan mc, foreman kj, naghavi m et al."
"What are the types of tobacco that can affect my health?","**Introduction**
Tobacco is available in a wide array of products that differ in form, delivery method, and chemical composition.  All of these products expose users to nicotine and a host of carcinogens, oxidants, and other toxicants that can harm virtually every organ system.  Understanding the spectrum of tobacco products is essential for clinicians who screen, counsel, and treat patients at risk for tobacco‑related disease.
---
| Category | Representative Products | Typical Use | Notable Health‑Risk Features |
|----------|------------------------|------------|------------------------------|
| **Smoking (inhalation)** | • Cigarettes (regular, menthol, filtered)  <br>• Bidis (tendu leaf‑wrapped)  <br>• Kreteks (clove‑flavored bidis)  <br>• Cigars, cigarillos, little cigars  <br>• Blunts (cigar‑like, often filled with marijuana)  <br>• Hookah / shisha / narghile (water‑pipe)  <br>• Tobacco pipe, dokha (Iranian blend), kazami (Japanese kiseru) | Inhaled through a mouthpiece or pipe | Higher nicotine, tar, and carbon monoxide than standard cigarettes; hookah delivers up to 1.7 × nicotine and 9 × CO per session; bidis and kreteks contain 3–5 × nicotine and 13–20 × higher risk for abnormal lung function. |
| **Electronic / Heat‑Not‑Burn (E‑Nicotine Delivery Systems)** | • Conventional e‑cigarettes (vape pens, mods, “e‑hookahs”)  <br>• Heated tobacco products (HTPs; e.g., IQOS)  <br>• Hybrid devices that use both e‑liquid and tobacco | Vapor inhalation; HTPs heat tobacco to 250–350 °C rather than burning | Produce aerosol containing nicotine, glycerol, propylene glycol, and flavorings; still deliver nicotine, tar, and other toxicants; associated with systemic inflammation, endothelial dysfunction, and increased cardiovascular risk. |
| **Smokeless (chewing / dipping)** | • Gutka (crushed areca nut + tobacco + lime)  <br>• Khaini / mawa / zarda / mainpuri (tobacco + lime, sometimes areca)  <br>• Snuff (dry, moist, or liquid)  <br>• Snus (Swedish‑style moist snuff)  <br>• Dissolvable tobacco & tobacco gum  <br>• Naswar, mishri, gadaku (tobacco + lime, sometimes betel) | Placed in the mouth (between cheek and gum) or inhaled into the nasal cavity | Nicotine absorption is rapid and often higher than smoking; associated with oral cancers, periodontal disease, and systemic effects such as hypertension and cardiovascular disease. |
| **Other Emerging Forms** | • “Dissolvable tobacco” (pre‑filled sticks)  <br>• “Tobacco gum” (nicotine‑free herbal alternatives)  <br>• “Herbal cigarettes” (tobacco‑free, but may contain nicotine in some regions) | Chewed or inhaled | Herbal cigarettes may still contain carcinogens; dissolvable sticks deliver nicotine and other toxicants. |
1. **Screening & History Taking**
- Ask about all tobacco forms, not just cigarettes.
- Inquire about frequency, duration, and route of use (smoking, vaping, chewing, snuff).
- Document exposure to shared devices (hookah, pipe) due to infection risk.
2. **Risk Assessment**
- Smokeless users may have higher oral cancer risk; screen for oral lesions.
- E‑nicotine users can still develop cardiovascular disease; assess blood pressure, lipid profile, and endothelial function when possible.
- Bidis and kreteks deliver higher nicotine and toxicants; counsel on the increased risk of COPD and lung cancer.
3. **Counseling & Cessation**
- Use the 5‑A’s (Ask, Advise, Assess, Assist, Arrange) for all tobacco types.
- Offer pharmacotherapy (nicotine replacement, bupropion, varenicline) regardless of product type; many patients switch to smokeless or e‑nicotine products to quit, but these are not risk‑free.
- Discuss the “gateway” potential: e‑cigarettes may lead to conventional cigarette use, especially in adolescents.
4. **Monitoring & Follow‑Up**
- For patients who continue any tobacco product, schedule regular follow‑ups to monitor for respiratory symptoms, oral lesions, and cardiovascular markers.
- Provide resources for community cessation programs and support groups.
5. **Public Health & Policy Awareness**
- Stay informed about local regulations on flavored e‑cigarettes, hookah lounges, and smokeless tobacco advertising, as these influence patient exposure.
Tobacco exposure is not limited to conventional cigarettes.  Smoking, vaping, heated tobacco, and smokeless products all deliver nicotine and a spectrum of harmful chemicals that increase the risk of cardiovascular disease, respiratory illness, cancers, and infections.  Clinicians should routinely assess for all forms of tobacco use, provide tailored cessation support, and monitor for associated health complications.  A comprehensive, product‑specific approach is essential for reducing the burden of tobacco‑related disease.","**1. File 65 - [Various forms of Tobacco products_extracted.pdf] - file_65_chunk_0_level_0**
see discussions, stats, and author profiles for this publication at: various forms of tobacco products presentation * november 2022 citations 0 reads 451 1 author: naseem shah centre for dental education & research all india institute of medical sciences new delhi 152 publications 4, 227 citations see profile all content following this page was uploaded by naseem shah on 30 november 2022. the user has requested enhancement of the downloaded file. various forms of tobacco products prof. naseem shah former chief, center for dental education & research former director, who collaborating center & national center of excellence on oral health aiims, new delhi former prof. of dental surgery, north dmc medical college new delhi learning objectives 1. to recognize common tobacco products 2. to familiarize with different smoking practices and using smokeless tobacco in india and different parts of the world why to know different tobacco products? * to be effective in tobacco cessation, the first step is to know what different forms of tobacco products exists, not only in india, but else where across the world. reason? * tobacco companies keep introducing tobacco in different forms, to lure more number of users * in this era of global village and medical tourism, one may have to deal with persons of different regions of the world and their habits types of tobacco products simple classification smoking smokeless new forms of tobacco ""dissolvable tobacco"" ""tobacco gum"" smoking tobacco # bidis/ kretek (indonesia) #cigarettes/ cigars, little cigars, cigarillos (blunts), #hooka (water pipes, shisha, mu'assel, narghille, argileh) dokha (iran), kizami (japan) #tobacco pipe #electronic cigarettes #heated tobacco products (htp) #herbal cigarettes bidis (india) and kreteks (indonesia) * it is tobacco wrapped in tendu or tembuni leaf and tied at one or both ends. most commonly used in india but exported to various countries including us. * bidi contains three to five times the amount of nicotine as a regular cigarette and places users at risk for nicotine addiction*. bidis (india) and kreteks (indonesia) #kreteks is a form of bidis which in addition contain cloves and other additives. also known as ""clove cigarettes"" #regular kretek smokers have 13 to 20 times the risk for abnormal lung function (e.g., airflow obstruction or reduced oxygen absorption) compared with nonsmokers* both, bidis and kreteks contain higher amount of nicotine, tar and carbon monoxide than cigarettes. cigrettes and cigars * narrow cylinder containing tobacco, which also contains glue, chemicals and fillers; it is then sprayed with nicotine extracted from the tobacco scraps, and shaped into cigarettes. * cigar wrappers are typically composed of tobacco leaf or paper dipped in tobacco extract. large cigars can deliver 10 times the nicotine, 2 times more tar and 5 times more carbon monoxide. cigrettes and cigars * cigars comes in different sizes-regular, small (called little cigars or cigarillos) some may have candy or fruit flavor. * blunts are wide, somewhat stubby versions of cigars. * ryo-roll your own-both cigarettes and cigars are available with required constituents. it is much cheaper than the commercially available products. herbal cigarettes * it is tobacco and nicotine-free cigarettes recommended as cessation aid, composed of a mixture of various herbs.(us and european) * however, the chinese herbal cigarettes do contain tobacco and nicotine. these are sold in philippines, singapore, indonesia, malaysia, cambodia, myanmar, canada, and taiwan.* * herbal cigarettes can carry carcinogens which can have health implications** hooka (water pipe, shisha, narghile or argileh) * hooka is used to heat, vaporize and smoke tobacco or flavored tobacco (often caiied mu'assel) * the smoke is passed through a water basin--often glass-based--before inhalation. but this does not reduce the harmful chemicals to filter out. * smokers can get up to 1.7 times the nicotine and up to 9 times the carbon monoxide exposure as a single cigarette* there is also an increased risk of infection** as hooka pipe is shared by many people tobacco pipe/ dokha/ kazami tobacco pipe is a smoking device comprising of a chamber (the bowl) for the tobacco from which a thin hollow stem (shank) emerges, ending in a mouthpiece. dokha is a tobacco of iranian origin mixed with leaves, bark, and herbs. it is traditionally smoked in a midwakh (smaller version of a pipe).

**2. File 22 - [e Dynamic Interplay of Healthy Lifestyle Behaviors_extracted.pdf] - file_22_chunk_5_level_0**
ford et al. analyzed data from the geisinger rural aging study and reported that health and activity limitation index (perceived health and activity limitation) scores were significantly higher for adults with a normal bmi compared to those with an underweight, overweight, or obese bmi. similarly, in a cross-sectional analysis of uk adults, greater weekly physical activity was inversely associated with bmi and body fat percentage. lastly, cross-sectional studies consist-ently show an inverse association between bmi and sleep quality, but further research is necessary to understand this association and determine causation. there is a consistent relationship between bmi and other lifestyle behaviors, but it is important to understand how these behaviors change when body weight, or bmi, improves. there is consistent clinical evidence supporting dietary modification and increased physical activity for weight loss, but few trials have evaluated the effects of weight loss on other lifestyle behaviors. das et al. conducted a 12-month parallel randomized controlled trial in free-liv- ing adults comparing two weight-loss interventions with the common goal of reducing calories (500-1000 kcal/ day) and achieving physical activity goals (150 min/week), but one emphasized weight loss through tracking food and physical activity (modified diabetes prevention program [m-dpp]) and the other emphasized behavior change (stress management, mindful eating, etc.) (healthy weight for living [hwl]). both interventions (m-dpp and hwl) significantly improved weight (- 7.32 and 7.46 kg) and cardiometabolic risk factors (ldl-c [- 10 and-15 mg/dl], triglycerides [18 and-21 mg/dl], and glucose [- 3 and-6 mg/dl]) from baseline with similar non-significant improvements in sleep, emotional, and general health. additionally, a systematic review of studies on behavioral and dietary weight loss interventions found simultaneous improvements in depressive symptoms, body image, and health-related quality of life (perceived physi-cal and mental health) with weight loss. avoid tobacco exposure tobacco use is a well-established, major risk factor for cvd. components in tobacco products are causally linked to diseases of every major organ system mediated in part by dysfunction of the heart and vasculature. although smoking prevalence has declined in the usa over the last several decades, tobacco smoking is the second leading risk factor of overall disease burden and second lead-ing population attributable fraction (paf: 13.7% [95% ci 4.8-22.3%]) for cvd mortality. a retrospective analy-sis of 5 cohorts (n  2.2 million) from 2000 to 2010 showed a 3 times greater risk of death from ischemic heart disease (ihd) in smokers aged 55-74 compared to never smokers. the risk of ihd increases in a dose-dependent manner with the number of cigarettes smoked per day. the pooling project on diet and coronary heart disease (chd) com-prising 12 prospective cohorts (n  266, 787) showed that the probability of chd in smokers, relative to never smokers, is the highest in women aged 40 to 49 years (hr: 8.5 [95% ci 5.0-14.0]) and that the majority of chd cases were attribut-able to smoking among all age groups (40 to 49 years, 88% (95% ci  82%, 94%); 50 to 59 years 81% (95% ci  77%, 85%); 60 to 69 years, 71% (95% ci  65%, 76%), + 70 years, 68 (95% ci  53%, 82%)). tobacco use in the form of electronic nicotine deliv-ery systems (i.e., electronic(e)-cigarettes, vaping, etc.) is also of significant concern. e-cigarette use has increased over the last decade primarily in adolescents (12-19 years of age). in 2019, the national youth and tobacco survey found that about 8 million (53.3%) high school students and 2.9 million (24.3%) middle school students reported ever using tobacco products of which e-ciga- rettes were the most common (35.0%) [9*]. although the long-term effects are not yet confirmed, the metabolic damage seen in e-cigarette users aligns with those seen in smokers. current evidence suggests e-cigarettes and vaping results in systemic inflammation, endothelial dys-function, vascular stiffening, and increased blood pres-sure. due to the similarities in metabolic effects, use 973 current atherosclerosis reports 24: 969-980 1 3 of electronic nicotine delivery systems is likely to cause adverse cvd outcomes.

**3. File 61 - [Tobacco Smoke Induces and Alters Immune_extracted.pdf] - file_61_chunk_4_level_0**
to sum up, the relationship between cigarette smoking and asthma and other allergic disorders is complex and still not completely elucidated. therefore tobacco smoke-induced allergic sensitization continues to be the subject of many investigations. hopefully, tobacco control policies will have a capacity to improve the well-being of children with asthma, and potentially other allergic diseases. int. j. environ. res. public health 2018, 15, 1033 6 of 35 3. molecular aspects of tobacco smoke toxicity cigarette smoke consists of more than 7000 different chemical compounds, most of which exert adverse effects on the cells of respiratory tract. apart from over 50 known human carcinogens (methylcholanthrene, benzo-a-pyrenes, acrolein) tobacco smoke contains toxins (carbon monoxide, ammonia, acetone, nicotine, hydroquinone), chemically reactive solids, and oxidants (superoxide, hydrogen peroxide, nitrogen oxides). tobacco smoke compounds can directly influence functioning of the lung cells, demonstrating pro-inflammatory, cytotoxic, mutagenic and carcinogenic properties. in particular, inhalation of oxidants results in direct lung damage and activation of inflammatory responses leading to further tissue injury. oxidative stress plays a pivotal role in the pathogenesis of many inflammatory lung disorders such as asthma, copd, idiopathic pulmonary fibrosis (ipf), cystic fibrosis (cf) and adult respiratory distress syndrome (ards). an increased oxidative burden in smokers results from both reactive oxygen and reactive nitrogen species (rns) derived from inhaled tobacco smoke and released into the milieu of the lungs by activated inflammatory cells--macrophages, epithelial cells, neutrophils, and t lymphocytes. the interaction between the cigarette smoke and the epithelial lining fluid (elf) enables further production of ros in the airways, since both cigarette smoke and elf contain metal ions, such as iron, which catalyze the production of free radicals. the imbalance between oxidants and antioxidants in favor of the former results in direct damage to lipids, proteins, nucleic acids and components of the lung matrix (e.g., elastin and collagen). other consequences of oxidative stress include increased apoptosis, impairment of skeletal muscle function, mucus hypersecretion, and decreased binding affinity and translocation of steroid receptors. increased levels of ros contribute to inactivation of antiproteases (such as a1-antitrypsin) and activation of metalloproteases (mmps), resulting in protease/antiprotease imbalance in the lungs, which directly contributes to the degradation of the lung matrix. additionally, cigarette smoking depletes the level of glutathione (gsh), a major antioxidant of the lung. changes in the redox status within the cell initiate the lung inflammatory responses through enhancement of the respiratory burst in phagocytic cells, regulation of intracellular signalling, chromatin remodeling (histone acetylation/deacetylation) and activation of redox-sensitive transcription factors, such as nuclear factor-kb (nf-kb) and activator protein-1 (ap-1). the latter are critical to gene expression of pro-inflammatory mediators such as interleukin (il)-8, il-6, and tumor necrosis factor-a (tnf-a) which links cigarette smoke exposure with altered cytokine production. other pathophysiological mechanisms by which cigarette smoke can alter cytokine gene transcription rely on smoke-induced changes to the epigenome, such as dna methylation, expression of microrna and histone modification. cse-associated epigenetic modifications underlying allergic and respiratory diseases are, however, beyond the scope of this review and are discussed in detail elsewhere. 4. effects of cigarette smoke exposure on the immune system the lung is directly exposed to environmental antigens including pathogens, allergens and toxins, such as tobacco smoke. a wide range of host defense mechanisms involving both innate and adaptive immune responses has been developed to provide protection against noxious agents. the weight of evidence indicates that chronic exposure to tobacco smoke alters the immune and inflammatory processes in the lung causing changes in humoral and cell-mediated immune responses (figure 3). the influence of cigarette smoke on the immune system is, however, diverse and of dual nature--pro-inflammatory and immunosuppressive. owing to the differences in smoking pattern (how the cigarette is smoked, number of puffs, puff volume, puff duration, etc.) as well as the age, sex, origin and socioeconomic status, the effects of tobacco smoke on the immune system can vary between the smokers and passively exposed individuals. our understanding of cse-induced effects is further complicated by sometimes contradictory results of human studies and experimental set-ups, probably due to the chemical heterogeneity of cigarette smoke, individual genetic susceptibility, int. j. environ. res.

**4. File 22 - [e Dynamic Interplay of Healthy Lifestyle Behaviors_extracted.pdf] - file_22_chunk_15_level_0**
centers for disease control and prevention; 2010.54. national center for chronic disease prevention and health pro-motion (us) office on smoking and health. the health con-sequences of smoking--50 years of progress: a report of the surgeon general. atlanta, ga: us department of health and human services, centers for disease control and prevention; 2014.55. virani ss, alonso a, aparicio hj, benjamin ej, bittencourt ms, callaway cw, et al. heart disease and stroke statistics--2021 update: a report from the american heart association. circula-tion. 2021; 143: e254-743.56. yang q, cogswell me, flanders wd, hong y, zhang z, loustalot f, et al. trends in cardiovascular health metrics and associations with all-cause and cvd mortality among us adults. jama. 2012; 307: 1273-83.57. jha p, ramasundarahettige c, landsman v, rostron b, thun m, anderson rn, et al. 21st-century hazards of smoking and benefits of cessation in the united states. n engl j med. 2013; 368: 341-50.58. tolstrup js, hvidtfeldt ua, flachs em, spiegelman d, heit-mann bl, balter k, et al. smoking and risk of coronary heart disease in younger, middle-aged, and older adults. am j public health. 2014; 104: 96-102.59. wold le, tarran r, crotty alexander le, hamburg nm, kheradmand f, st helen g, et al. cardiopulmonary 978 current atherosclerosis reports 24: 969-980 1 3 consequences of vaping in adolescents: a scientific state-ment from the american heart association. circ res. 2022; 131: e70-82.60. mons u, muezzinler a, gellert c, schottker b, abnet cc, bobak m, et al. impact of smoking and smoking cessation on cardiovascular events and mortality among older adults: meta-analysis of individual participant data from prospec-tive cohort studies of the chances consortium. bmj. 2015; 350: h1551.61. gao j, sun h, liang x, gao m, zhao h, qi y, et al. ideal cardio-vascular health behaviors and factors prevent the development of hypertension in prehypertensive subjects. clin exp hypertens. 2015; 37: 650-5.62. chow ck, jolly s, rao-melacini p, fox kaa, anand ss, yusuf s. association of diet, exercise, and smoking modification with risk of early cardiovascular events after acute coronary syn-dromes. circulation. 2010; 121: 750-8.63. bush t, lovejoy jc, deprey m, carpenter km. the effect of tobacco cessation on weight gain, obesity, and diabetes risk. obesity. 2016; 24: 1834-41.64 hartmann-boyce j, theodoulou a, farley a, hajek p, lycett d, jones ll, et al. interventions for preventing weight gain after smok-ing cessation. cochrane database syst rev. 2021; 10: cd00219.65. united states public health service office of the surgeon gen-eral & national center for chronic disease prevention and health promotion office on smoking and health. smoking ces-sation: a report of the surgeon general. 2020.66.* minian n, corrin t, lingam m, deruiter wk, rodak t, tay-lor vh, et al. identifying contexts and mechanisms in multiple behavior change interventions affecting smoking cessation suc-cess: a rapid realist review. bmc public health. 2020; 20: 1-26. in this realist review of 138 papers, the authors conclude that public health promotion interventions need to focus on modifying factors that are external from the individual, such as creating a supportive environment. 67. makarem n, st-onge m-p, liao m, lloyd-jones dm, aggarwal b. association of sleep characteristics with cardiovascular health among women and differences by race/ethnicity and menopausal status: findings from the american heart association go red for women strategically focused research network. sleep health. 2019; 5: 501-8.68.

**5. File 65 - [Various forms of Tobacco products_extracted.pdf] - file_65_chunk_1_level_0**
but this does not reduce the harmful chemicals to filter out. * smokers can get up to 1.7 times the nicotine and up to 9 times the carbon monoxide exposure as a single cigarette* there is also an increased risk of infection** as hooka pipe is shared by many people tobacco pipe/ dokha/ kazami tobacco pipe is a smoking device comprising of a chamber (the bowl) for the tobacco from which a thin hollow stem (shank) emerges, ending in a mouthpiece. dokha is a tobacco of iranian origin mixed with leaves, bark, and herbs. it is traditionally smoked in a midwakh (smaller version of a pipe). kizami is a tobacco product produced in japan and intended for smoking in japanese kiseru pipes (slender version of pipe). kiseru midwakh pipe electronic cigarettes * an e cigarette consists of an atomizer, a power source (battery) and a cartridge or tank. * e-cigarettes produce an aerosol(vapor) by heating a e-liquid that usually contains nicotine, glycerol, ethylene glycol and flavors in propylene glycol. the user inhales vapor instead of smoke, and hence called ""vaping"" electronic cigarettes * e-cigarettes are also called ""e-cigs, "" ""e-hookahs, "" ""mods, "" ""vape pens, "" ""vapes, "" ""tank systems, "" and ""electronic nicotine delivery systems (ends)."" * bystanders can also breathe in this aerosol when the user exhales into the air, (same effect as passive smoking) * some e-cigarettes are made to look like regular cigarettes, cigars, or pipes. some resemble pens, usb sticks, and other everyday items. heated tobacco product (htp) * it is also called heat-not-burnt product; was introduced in 2016. example-iqos * it is also like e-cigarette, consists of a battery-powered heating system and generates an aerosol of nicotine, smoke, tar and other chemicals. * tobacco is heated to 250-350o c, temperature lower than traditional cigarettes (6000 c) * a hybrid between e-cigarette and htp can use both tobacco and e-liquid smokeless tobacco tambakhu and tambakhu pan gutkha / mawa (faki or masala) dip/ snuff or spit tobacco/ naswar creamy snuff / mishri / gadaku (used as a dentifrice) snus (sweden and other scandinavian countries) dry snuff/ tapkir/ bajar dissolvable tobacco & tobacco gum tuibur / tobacco water/ hidakphu tambakhu and tambakhu pan * tobacco leaves, flavored or mixed with slaked lime is chewed raw for 15-20 minutes and then spit out. * it is available as pallets, plug or twist in western countries. * tambkhu pan contains tobacco with slaked lime, with or without betel nuts and other condiments wrapped in a betel leaf. twist gutka, gutkha * it is a chewing tobacco preparation made of crushed areca nut, tobacco, catechu, paraffin wax, slaked lime and sweet or savory flavorings. popular in india, pakistan, other asian countries, and north america. * its users believe that gutka can act as a digestion aid, kill germs, and generally give a sense of well being. in fact 34.4% of smokers have switched to smokeless tobacco use as way to quit. * smokeless tobacco use is highly addictive. the nicotine in smokeless tobacco is more easily absorbed than by smoking cigarettes, increasing its addictiveness. as of 2015 it was the fourth most common addictive product worldwide. khaini/ mawa/zarda/ mainpuri(kapoori) khaini is sun-dried or fermented coarsely cut tobacco leaves mixed with slaked lime. it is placed in mouth between the gums and cheeks and sucked slowly for 10-15 minutes. occasionally, left overnight in the mouth. used in india, nepal, bangladesh. most popular smokeless tobacco product in india. mawa, in addition, also contains thin shavings of areca nut. popular in gujrat. also called as faki, masala. khaini/ mawa/zarda/ mainpuri(kapoori) zarda contains tobacco flavoured with aromatic spices, menthol, herbs, raw kiwam, silver flakes, sandalwood oil etc. lime is provided separately by the manufactures mainpuri is a dry chew containing tobacco with betel nuts, slaked lime, cloves, cardamoms, kewara and sandalwood powder, sometimes also catechue."
"Are there any types of diabetes?","**Brief Introduction**
Diabetes mellitus is a group of metabolic disorders characterized by chronic hyperglycemia.  Its classification is based on underlying pathophysiology, clinical presentation, and therapeutic needs.  The literature consistently identifies several distinct types that guide diagnosis, management, and prognosis.
**Key Findings**
| Type | Core Pathophysiology | Typical Age of Onset | Main Clinical Features | Primary Management |
|------|----------------------|----------------------|------------------------|--------------------|
| **Type 1 Diabetes (T1D)** | Autoimmune destruction of pancreatic β‑cells → absolute insulin deficiency | Childhood or adolescence, but can occur at any age | Rapid onset of polyuria, polydipsia, weight loss; often presents with ketoacidosis | Lifelong insulin therapy (multiple daily injections or pumps); glucose monitoring; education on hypoglycemia |
| **Type 2 Diabetes (T2D)** | Insulin resistance with relative insulin deficiency; often linked to obesity, sedentary lifestyle, and genetics | Predominantly adults >45 y, increasingly seen in youth | Gradual hyperglycemia; may be asymptomatic initially; complications include retinopathy, nephropathy, neuropathy | Lifestyle modification (diet, exercise, weight loss), oral agents (metformin, GLP‑1 agonists, SGLT‑2 inhibitors), insulin if needed; regular screening for complications |
| **Gestational Diabetes Mellitus (GDM)** | Hormonal insulin resistance during pregnancy, insufficient insulin secretion | Pregnant women, typically 2nd–3rd trimester | Hyperglycemia that resolves postpartum; increased risk of macrosomia, preeclampsia | Dietary control, glucose monitoring, insulin or oral agents if required; postpartum screening for T2D |
| **Other Specific Types** | Includes monogenic forms (e.g., MODY), cystic fibrosis‑related diabetes, pancreatitis‑related diabetes, and drug‑induced diabetes | Variable, often linked to underlying condition | Features depend on etiology; may mimic T1D or T2D | Targeted therapy for underlying cause; insulin or other agents as appropriate |
*The “other specific types” are acknowledged in the WHO/ADA classification and are discussed in review articles that emphasize the need for genetic testing or evaluation of pancreatic pathology when the clinical picture does not fit the classic T1D/T2D patterns.*
**Clinical Implications**
1. **Diagnostic Precision** – Recognizing the type of diabetes influences the choice of diagnostic tests (e.g., C‑peptide levels, autoantibody panels, genetic testing) and the timing of screening for complications.
2. **Therapeutic Tailoring** – Treatment regimens differ markedly: T1D requires insulin from the outset, whereas T2D can often be managed initially with non‑insulin agents.  GDM demands pregnancy‑specific protocols and postpartum follow‑up.
3. **Prognostic Considerations** – The risk and timing of microvascular and macrovascular complications vary by type.  For example, retinopathy in T1D usually appears about five years after diagnosis, whereas many T2D patients already have retinal changes at diagnosis.
4. **Public Health Impact** – Global burden studies report that >90 % of all diabetes cases are T2D, underscoring the importance of primary prevention (weight control, physical activity) and early detection of GDM to reduce future T2D incidence.
**Conclusion**
Yes—diabetes mellitus is not a single disease but a spectrum of disorders.  The most widely recognized types are Type 1, Type 2, and gestational diabetes, with a range of other specific etiologies that require individualized evaluation.  Accurate classification is essential for effective treatment, prevention of complications, and optimal patient outcomes.","**1. File 7 - [An Insight on Diabetes Mellitus_extracted.pdf] - file_7_summary_2_part_0_level_1**
this review provides a comprehensive overview of diabetes mellitus, detailing its global impact, pathophysiology, and classification into type 1, type 2, and gestational diabetes. type 1 diabetes is an autoimmune destruction of beta cells, while type 2 involves insulin resistance and relative deficiency, and gestational diabetes arises during pregnancy due to hormonal insulin resistance. the paper discusses risk factors such as genetics, ethnicity, obesity, physical inactivity, and prenatal influences, and highlights the rising global incidence from 11.3 million in 1990 to 22.9 million in 2017 with projections to 783 million by 2045. management strategies covered include lifestyle modifications, pharmacotherapy, anthropo-therapeutic healing, and technological interventions like insulin delivery systems and continuous glucose monitoring to achieve glycemic control.

**2. File 7 - [An Insight on Diabetes Mellitus_extracted.pdf] - file_7_chunk_0_level_0**
international journal for multidisciplinary research (ijfmr) e-issn: 2582-2160 * website: * email: ijfmr240529100 volume 6, issue 5, september-october 2024 1 an insight on diabetes mellitus: a comprehensive review tiwari pratima1, singh udai pratap2 1research scholar, department of anthropology, faculty of arts, university of lucknow, india 2professor, department of anthropology, faculty of arts, university of lucknow, india abstract this paper thoroughly overviews diabetes mellitus, focusing on its introduction, classification, and management strategies. initially, the paper outlines the fundamental concepts of diabetes mellitus, including its impact on global health and its underlying pathophysiological mechanisms. it distinguishes between the two primary types of diabetes: type 1 diabetes (t1d), an autoimmune condition leading to the destruction of insulin-producing beta cells, and type 2 diabetes (t2d), characterized by insulin resistance and relative insulin deficiency. the paper further explores gestational diabetes and its implications for maternal and fetal health. management strategies for diabetes are examined in detail, encompassing lifestyle modifications, pharmacotherapy, anthropo-therapeutic healing, and technological interventions. key aspects include dietary management, physical activity, and blood glucose monitoring to achieve glycemic control. additionally, advancements in diabetes care, such as novel pharmacological agents, insulin delivery systems, and continuous glucose monitoring, are discussed. the paper aims to provide a comprehensive understanding of the types of diabetes mellitus and their management, offering insights into current practices and future directions for improving patient outcomes and enhancing quality of life. keywords-type 1 diabetes (t1d), type 2 diabetes (t2d), gestational diabetes, pharmacotherapy, anthropo-therapeutic healing introduction diabetes mellitus is a carbohydrate metabolism complication and an endocrine disorder caused by damage to the body's ability to produce or respond to insulin to control blood sugar(glucose). it is a major cause of morbidity and mortality, leading toward the immediate or prolonged effects of many cardiovascular, retinal, nervous, and renal diseases (britannica, 2024).diabetes is a widespread disease characterized by high blood glucose levels. it is caused by the autoimmune destruction of the pancreatic islets in type 1 diabetes and is associated with genetic and environmental factors in type 2 diabetes. (ankit. et.al.) it is a syndrome characterized by elevated glucose levels, stemming from various causes like pancreatic issues, hormonal imbalances, and metabolic dysregulation, leading to different types of the condition. (turner and neil, 1992). its complex etiology involves various genetic, acquired, and environmental factors having a heterogeneous group of disorders with diverse pathogenetic mechanisms and clinical presentations. (ganda, 1997). diabetes mellitus is a significant global health concern, with increasing prevalence and international journal for multidisciplinary research (ijfmr) e-issn: 2582-2160 * website: * email: ijfmr240529100 volume 6, issue 5, september-october 2024 2 incidence rates observed worldwide. the global incidence of diabetes rose from 11.3 million in 1990 to 22.9 million in 2017, with an age-standardized incidence rate (asir) increasing from 234 to 285 per 100, 000 persons (liu et al. 2020). diabetes mellitus (dm) is characterized by hyperglycemia and impaired carbohydrate, lipid, and protein metabolism resulting from complete or partial deficiency of insulin secretion and insulin action. (wu, ding, 2014). according to the international diabetes federation, (idf, 2022) 537 million adults (1 in 10) were living with diabetes in 2021. this number is expected to rise to 643 million by 2030 and 783 million by 2045. the regulation of glucose is regulated by a polypeptide hormone secreted by b cells in the islets of langerhans of the pancreas in coordination with glucagon, another hormone. when blood sugar levels rise, glucose uptake into the cells for energy and storage is facilitated by the release of insulin, an endocrine hormone secreted by the pancreas. during the fasting stage (between meals), when the blood sugar levels decrease, the level of insulin drops, and glucagon (the other hormone), is released for the breakdown of glycogen (stored glucose in the liver) into glucose by the process called glycogenesis, which then is released into the bloodstream to regulate blood sugar level and other metabolic activities. (abdelrahman, 2016).thus preventing hyperglycemia (bhavya & sanjay 2022)(ali et al.

**3. File 21 - [Diabetes Mellitus Review Article_extracted.pdf] - file_21_summary_0_part_0_level_1**
diabetes mellitus is a prevalent non-communicable disease with rising prevalence in india, leading to challenges such as lack of awareness, inadequate facilities, high treatment costs, poor glycaemic control, and increased complications. type 1 diabetes is caused by autoimmune beta-cell loss and requires insulin injections, while type 2 diabetes, accounting for >90% of cases, results from insulin resistance and often obesity and sedentary lifestyle, and can be managed with lifestyle changes, oral agents, or insulin. gestational diabetes occurs during pregnancy and increases future risk of type 2 diabetes. management strategies include maintaining blood glucose 90-130 mg/dl, hba1c <7%, regular exercise >150 min/week, diet control, and use of medications such as metformin, glp-1 agonists, sglt-2 inhibitors, and possibly bariatric surgery, with regular monitoring for microvascular complications.

**4. File 7 - [An Insight on Diabetes Mellitus_extracted.pdf] - file_7_chunk_2_level_0**
a weight loss of 5% can improve glycemic control and reduce the need for medication(merwass et al. 2024). * age: increasing age is associated with a higher risk of diabetes, particularly in women, as physiological functions decline over time(olaleye et al. 2024). * family history: a genetic predisposition plays a critical role, with family history being a significant risk factor for diabetes(muwakhidah 2023). * hypertension and dyslipidemia: conditions such as high blood pressure and abnormal cholesterol levels further elevate diabetes risk, particularly in obese individuals (merwass et al. 2024)(olaleye et al. 2024). * lifestyle factors: sedentary behavior and poor dietary choices contribute to obesity and, consequently, diabetes risk (merwass et al. 2024) (muwakhidah 2023). while these factors highlight the multifaceted nature of diabetes risk, it is essential to consider that lifestyle modifications can mitigate these risks. however, some individuals may still develop diabetes despite healthy habits, indicating the complexity of the disease's etiology. diabetes mellitus (dm) presents a range of symptoms that vary by type and individual. the most common symptoms include hyperglycemia, polyuria, polydipsia, and polyphagia, which indicate the body's inability to manage blood sugar levels effectively. understanding these symptoms is crucial for timely diagnosis and management. common symptoms of diabetes mellitus * hyperglycemia: the most prevalent symptom, reported by 48.1% of patients with type 2 diabetes, often leading to increased thirst and urination(tan & ng 2023). * polyuria: frequent urination is a classic symptom, observed in 78% of type 1 diabetes cases(pina et al. 2024). * polydipsia: increased thirst accompanies polyuria, as the body attempts to compensate for fluid loss(chaudhari et al. 2023). * polyphagia: increased hunger results from the body's inability to utilize glucose effectively(chaudhari et al. 2023). neurological symptoms * neurological manifestations such as irritability, mood swings, and confusion are prevalent, particularly among female patients(masood et al. 2023). these symptoms can complicate the management of diabetes and affect quality of life. international journal for multidisciplinary research (ijfmr) e-issn: 2582-2160 * website: * email: ijfmr240529100 volume 6, issue 5, september-october 2024 4 while these symptoms are critical for diagnosis, some patients may underreport them, leading to inadequate management(tan & ng 2023). this underreporting highlights the need for better communication between patients and healthcare providers regarding symptom recognition and management. classification of diabetes mellitus the classification of diabetes mellitus (dm) is crucial for effective treatment and management. the current consensus categorizes diabetes into four primary types: type 1 dm, type 2 dm, gestational diabetes (dmg), and other specific types. this classification is based on the underlying pathophysiology and clinical characteristics, allowing for tailored therapeutic strategies. (world health organisation, 2019) type 1 diabetes the autoimmune destruction of the pancreatic b-cell, which produces insulin, is the hallmark of type 1 diabetes mellitus (t1dm), a condition of glucose homeostasis that gradually results in insulin insufficiency and hyperglycemia. insulin insufficiency causes a steadily deteriorating metabolic disturbance that might result in mortality, hunger, and escalating hyperglycemia if treatment is not received. (gregory, moore & simmons, 2013). the majority of cases are immune-mediated, in which a t cell-mediated autoimmune attack causes loss of beta cells and thus insulin deficiency(rother, 2007) type 1 diabetes is partially genetic; the risk of the disease is known to be linked to several genes, including specific hla genotypes. diabetic onset in people with a genetic predisposition may be accelerated by one or more extrinsic variables, such as nutrition or viral infection. although several viruses have been linked, there is currently insufficient proof to back up this theory in human beings.(petzold, solimena, knoch, 2015) table 1-risk factors of type 1 diabetes genetic and immunological factors * the presence of autoantibodies against pancreatic beta-cell antigens is a significant risk factor for t1d development, indicating an autoimmune response that damages insulin-producing cells(""risk factors of type 1 diabetes mellitus"", 2022).

**5. File 21 - [Diabetes Mellitus Review Article_extracted.pdf] - file_21_summary_2_part_0_level_1**
gestational diabetes usually resolves after delivery but raises later type 2 risk. type 1 diabetes requires insulin; type 2 is managed with diet, exercise, weight control, medications, and sometimes weight-loss surgery. worldwide 463 million people had diabetes in 2019, 90% type 2, costing $727 billion globally and $327 billion in the us, and it is the 7th leading cause of death. complications include ketoacidosis, hyperosmolar syndrome, hypoglycemia, neuropathy, retinopathy, nephropathy, and amputations, and early detection of asymptomatic signs such as microalbuminuria and elevated psa is crucial for prevention.

**6. File 7 - [An Insight on Diabetes Mellitus_extracted.pdf] - file_7_chunk_3_level_0**
the majority of cases are immune-mediated, in which a t cell-mediated autoimmune attack causes loss of beta cells and thus insulin deficiency(rother, 2007) type 1 diabetes is partially genetic; the risk of the disease is known to be linked to several genes, including specific hla genotypes. diabetic onset in people with a genetic predisposition may be accelerated by one or more extrinsic variables, such as nutrition or viral infection. although several viruses have been linked, there is currently insufficient proof to back up this theory in human beings.(petzold, solimena, knoch, 2015) table 1-risk factors of type 1 diabetes genetic and immunological factors * the presence of autoantibodies against pancreatic beta-cell antigens is a significant risk factor for t1d development, indicating an autoimmune response that damages insulin-producing cells(""risk factors of type 1 diabetes mellitus"", 2022). * ethnic minorities show a higher prevalence of t1d, suggesting genetic susceptibility plays a role(""risk factors of type 1 diabetes mellitus"", 2022). environmental and prenatal influences * prenatal factors such as maternal weight gain, gestational hypertension, and neonatal jaundice have been linked to increased t1d risk in children(dalili et al. 2023). * environmental exposures vary by geography, affecting disease incidence and risk factor interactions(""risk factors of type 1 diabetes mellitus"", 2022). type 2 diabetes-insulin resistance, a disorder in which cells do not react to insulin as they should, is the first step toward type 2 diabetes. as the illness worsens, an insulin shortage could also occur. this type was once known as ""non-insulin-dependent."", ""adult-onset diabetes"" or ""diabetes mellitus"" (niddm). the main reason is international journal for multidisciplinary research (ijfmr) e-issn: 2582-2160 * website: * email: ijfmr240529100 volume 6, issue 5, september-october 2024 5 overweight and insufficient exercise. (shouip, 2018). roughly 90% of all instances of diabetes are type 2 diabetes mellitus (t2dm). insulin resistance is the term used to refer to the reduced response to insulin in type 2 diabetes. insulin is ineffective and is initially countered by increased insulin production to keep glucose homeostasis during this condition. however, over time, insulin production diminishes, leading to type 2 diabetes. adults over 45 are most typically diagnosed with type 2 diabetes. however, as obesity, physical inactivity, and energy-dense diets increase, it is becoming more common in kids, teens, and young adults.(goyal, singhal, jialal, 2015). the primary causes of morbidity and mortality from this medical condition are the semi-permanent issues with the kidneys, eyes, nerves, blood vessels, and kidneys that occur in each variant. gestational diabetes gestational diabetes mellitus (gdm) is a form of carbohydrate intolerance that arises during pregnancy, affecting approximately 5-7% of pregnancies globally (shaunak 2016) (boyd & conway 2023). it is characterized by insufficient insulin production to counteract insulin resistance, which is exacerbated by hormones from the placenta (buchanan et al. 2007) (cowie 2022). gdm poses significant health risks for both mothers and infants, including complications such as fetal macrosomia, preeclampsia, and increased perinatal mortality (boyd & conway 2023) (cowie 2022). table 2.1 risk factors associated with gestational diabetes (demographic factors) age women over 25 years old are at increased risk for gdm(liu & liu 2009). ethnicity non-caucasian women have a higher prevalence of gdm(liu & liu 2009). family history a strong family history of diabetes, particularly type-2 diabetes, significantly raises the risk(ouyang et al. 2002)(saeed et al. 2016). table 2.2 lifestyle factors associated with gestational diabetes obesity a pre-pregnancy bmi over 25 kg/m2 is a well-established risk factor(liu & liu 2009)(alhinti et al. 2023). physical inactivity lack of exercise is associated with higher gdm risk(saeed et al. 2016). stress pregnancy-related stress has been linked to increased gdm incidence(saeed et al. 2016).

**7. File 21 - [Diabetes Mellitus Review Article_extracted.pdf] - file_21_chunk_1_level_0**
in women with gestational diabetes, blood sugar usually returns to normal soon after delivery. however, women who had gestational diabetes during pregnancy have a higher risk of developing type 2 diabetes later in life. type 1 diabetes must be managed with insulin injections. prevention and treatment of type 2 diabetes involves maintaining a healthy diet, regular physical exercise, a normal body weight, and avoiding use of tobacco. type 2 diabetes may be treated with oral antidiabetic medications, with or without insulin. control of blood pressure and maintaining proper foot and eye care are important for people with the disease. insulin and some oral medications can cause low blood sugar (hypoglycemia). weight loss surgery in those with obesity is sometimes an effective measure in those with type 2 diabetes. gestational diabetes usually resolves after the birth of the baby. as of 2019, an estimated 463 million people had diabetes worldwide (8.8% of the adult population), with type 2 diabetes making up about 90% of the cases. rates are similar in women and men. trends suggest that rates will continue to rise. diabetes at least doubles a person's risk of early death. in 2019, diabetes resulted in approximately 4.2 million deaths. it is the 7th leading cause of death globally. the global economic cost of diabetes-related health expenditure in 2017 was estimated at us$727 billion. in the united states, diabetes cost nearly us$327 billion in 2017. average medical expenditures among people with diabetes are about 2.3 times higher. signs and symptoms objective evidence of a disease such as a rash or cough is a sign. doctors, family members, and anyone experiencing signs can identify them. however, less noticeable disruption of normal functioning, such as abdominal pain, back pain, and malaise, is a symptom and can only be recognized by the affected individual. symptoms are subjective. that is, others can only know the symptoms when told by the affected person. this mnt knowledge center article describes the effects of signs and symptoms, and their history. the play also introduces different types of signs and symptoms, as well as their medical use. international journal of research publication and reviews, vol 3, no 8, pp 1311-1317, august 2022 1313 simple facts about signs and symptoms mild headaches can be a symptom because no one else can observe them. medical symptoms are divided into chronic, recurrent, and remission symptoms. an example of a medical sign is high blood pressure that can be measured and observed by others. anthony van leuwenhoek invented the microscope in 1674 and changed the face of diagnostic tools. symptoms there are three main types of symptoms. remission symptoms: when symptoms improve or disappear completely, they are called remission symptoms. for example, the symptoms of a cold may last for several days and then disappear without treatment. chronic symptoms: these are long-term or recurrent symptoms. chronic symptoms are common in ongoing conditions such as diabetes, asthma, and cancer. recurrence symptoms: these are symptoms that have appeared in the past, resolved, and then returned. for example, the symptoms of depression may not appear for years, but may recur afterwards. in some cases, there are no symptoms at all. for example, a person can unknowingly suffer from high blood pressure for years, and some cancers are asymptomatic until later, more aggressive stages. these are known as asymptomatic conditions, and the onset of symptoms is often associated with discomfort and dysfunction, but asymptomatic conditions can be fatal. many types of infections are asymptomatic. these are called asymptomatic infections and can be transmitted, but they do not cause any noticeable symptoms in people with the infection. the infection can be transmitted to others during the latency period or while the infectious agent has invaded the body. another risk of asymptomatic infection is that it can cause complications that are not related to the infection itself. for example, untreated urinary tract infections (utis) can lead to preterm birth. many infectious diseases, such as hpv, are asymptomatic and can infect others. examples of infections that initially cause no symptoms include hiv, human papillomavirus (hpv), herpes simplex virus (hsv), syphilis, hepatitis b and c. usually talk to your doctor about another problem. it is important to have regular health checks to identify underlying problems that may not be obvious. many cancers are asymptomatic in the early stages. prostate cancer, for example, does not show symptoms until it has progressed to a certain point in time. this is why some cancers are so dangerous, as early treatment is often important in the treatment of cancer. for this reason, regular health checks are important for people at risk.

**8. File 21 - [Diabetes Mellitus Review Article_extracted.pdf] - file_21_chunk_0_level_0**
international journal of research publication and reviews, vol 3, no 8, pp 1311-1317, august 2022 international journal of research publication and reviews journal homepage: issn 2582-7421 diabetes mellitus: review article 1lubna gazal, 2 sarita sharma, 3dr. gaurav k. sharma, 4dr. kaushal k. chandrul 1student, b. pharma, department of pharmaceutical science, mewar university gangrar, chittorgarhrajasthan 312901 2counsler, department of pharmaceutical science, mewar university gangrar, chittorgarhrajasthan 312901 3hod & guider, department of pharmaceutical science, mewar university gangrar, chittorgarhrajasthan 312901 4principal, department of pharmaceutical science, mewar university gangrar, chittorgarhrajasthan 312901 abstract one of the most prevalent non-communicable diseases in the world is diabetes mellitus. india faces a number of difficulties in managing diabetes, including a rising prevalence of the disease in both urban and rural areas, a lack of public awareness of the disease, a lack of adequate medical facilities, a high cost of treatment, subpar glycaemic control, and an increase in the frequency of diabetic complications. subcutaneous injections can be used to administer insulin therapy for diabetes up to four times per day. long-term insulin therapy has a negative impact on patient outcomes because of issues with patient compliance and the invasiveness of its administration. type 1 diabetes is becoming more common, but type 2 diabetes mellitus, which accounts for more than 90% of all instances of diabetes, is the main cause of the epidemic. obesity and a sedentary lifestyle are two additional risk factors for type 2 diabetes, which is a serious and prevalent chronic illness caused by a complicated interaction between genes and the environment. keywords: diabetes, medical education, , genetics, genomics, obesity introduction diabetes mellitus, commonly known as diabetes, is a group of metabolic disorders characterized by a high blood sugar level (hyperglycemia) over a prolonged period of time. symptoms often include frequent urination, increased thirst and increased appetite. if left untreated, diabetes can cause many health complications. acute complications can include diabetic ketoacidosis, hyperosmolar hyperglycemic state, or death. serious long-term complications include cardiovascular disease, stroke, chronic kidney disease, foot ulcers, damage to the nerves, damage to the eyes and cognitive impairment. diabetes is due to either the pancreas not producing enough insulin, or the cells of the body not responding properly to the insulin produced. insulin is a hormone which is responsible for helping glucose from food get into cells to be used for energy. type 1 diabetes type 1 diabetes results from failure of the pancreas to produce enough insulin due to loss of beta cells. this form was previously referred to as ""insulin-dependent diabetes mellitus"" or ""juvenile diabetes"". the loss of beta cells is caused by an autoimmune response. the cause of this autoimmune response is unknown. although type 1 diabetes usually appears during childhood or adolescence, it can also develop in adults. type 2 diabetes type 2 diabetes begins with insulin resistance, a condition in which cells fail to respond to insulin properly. as the disease progresses, a lack of insulin may also develop. this form was previously referred to as ""non insulin-dependent diabetes mellitus"" or ""adult-onset diabetes"". type 2 diabetes is more common in older adults, but a significant increase in the prevalence of obesity among children has led to more cases of type 2 diabetes in younger people. the most common cause is a combination of excessive body weight and insufficient exercise. international journal of research publication and reviews, vol 3, no 8, pp 1311-1317, august 2022 1312 gestational diabetes is the third main form, and occurs when pregnant women without a previous history of diabetes develop high blood sugar levels. in women with gestational diabetes, blood sugar usually returns to normal soon after delivery. however, women who had gestational diabetes during pregnancy have a higher risk of developing type 2 diabetes later in life. type 1 diabetes must be managed with insulin injections. prevention and treatment of type 2 diabetes involves maintaining a healthy diet, regular physical exercise, a normal body weight, and avoiding use of tobacco. type 2 diabetes may be treated with oral antidiabetic medications, with or without insulin. control of blood pressure and maintaining proper foot and eye care are important for people with the disease. insulin and some oral medications can cause low blood sugar (hypoglycemia). weight loss surgery in those with obesity is sometimes an effective measure in those with type 2 diabetes.

**9. File 21 - [Diabetes Mellitus Review Article_extracted.pdf] - file_21_chunk_5_level_0**
if the albuminuria persists in the range of 30 to 300 mg/day (microalbuminuria), it seems to be a predictable earliest marker for the onset of diabetic neuropathy. when macroalbuminuria (300 mg / 24 h or more) begins, the progression to esrd accelerates. random spot urine samples for measuring the ratio of albumin to creatinine are the most widely used and preferred methods for detecting microalbuminuria, a rapid, easy, and predictable method. two of the three tests performed over a 6-month period showing sustained levels of creatinine above 30 mcg / mg confirm the diagnosis of microalbuminuria. dm is also the leading cause of limb amputation in the united states. this is primarily due to dm-related angiopathy and neuropathy. many patients who develop neuropathy require regular foot examinations to prevent infection from overlooked wounds. the duration of diabetes is the most important risk factor for the development of diabetic retinopathy. in people with type 1 diabetes, it usually develops about 5 years after the onset. therefore, it is recommended that retinal examinations in these patients be started approximately 5 years after diagnosis. in patients with type 2 diabetes, many patients may already have retinal changes at the time of diagnosis. by the age of 10, about 10%, by the age of 15, 40%, and by the age of 20, 60% will have nonproliferative retinal disease. for these patients, it is advisable to start an annual retinal screening at the time of diagnosis. post-study studies have shown that proper glycemic control has a positive effect on the onset and progression of diabetic retinopathy. uncontrolled blood pressure is an additional risk factor for macular edema. therefore, lowering blood pressure in diabetics also affects the risk of developing retinopathy. ]the most acute complication of dm is diabetic ketoacidosis (dka), which typically presents in t1dm. this condition is usually either due to inadequate dosing, missed doses, or ongoing infection. in this condition, the lack of insulin means that tissues are unable to obtain glucose from the bloodstream. compensation for this causes the metabolism of lipids into ketones as a substitute energy source, which causes systemic acidosis, and can be calculated as a high anion-gap metabolic acidosis. the combination of hyperglycemia and ketosis causes diuresis, acidemia, and vomiting leading to dehydration and electrolyte abnormalities, which can be life-threatening. in t2dm, hyperosmolar hyperglycemic syndrome (hhs) is an emergent concern. it presents similarly to dka with excessive thirst, elevated blood glucose, dry mouth, polyuria, tachypnea, and tachycardia. however, unlike dka, hhs typically does not present with excessive urinary ketones since insulin still gets produced by pancreatic beta cells. treatment for dka or hhs involves insulin administration and aggressive intravenous hydration. careful management of electrolytes, particularly potassium, is critical in the management of these emergent conditions. conclusion diabetes is a late murderer for whom no cure is known. however, with proper awareness and timely treatment, complications can be reduced. the three main complications are associated with blindness, kidney damage and heart attack. strict control of a patient's blood glucose is important to avoid complications. one of the difficulties of tightly controlling blood sugar levels is that such attempts can lead to hypoglycemia. this causes far more serious complications than elevated blood sugar levels. researchers are currently looking for alternative ways to treat diabetes. the purpose of this study is to give an overview of the current state of diabetes research. the author believes that diabetes is one of the most challenging research topics of the new century and wants to encourage new researchers to take on the challenge. ] references. rajaei e, jalali mt, shahrabi s, asnafi aa, pezeshki sms, hlas in autoimmune diseases: dependable diagnostic biomarkers? current rheumatology reviews. 2019 [pubmed pmid: 30644346]. klein be, klein r, moss se, cruickshanks kj, parental history of diabetes in a population-based study. diabetes care. 1996 aug [pubmed pmid: 8842599]. barnett ah, eff c, leslie rd, pyke da, diabetes in identical twins. a study of 200 pairs. diabetologia. 1981 feb [pubmed pmid: 7193616].

**10. File 7 - [An Insight on Diabetes Mellitus_extracted.pdf] - file_7_chunk_7_level_0**
6. britannica, t. editors of encyclopaedia (2024, july 16). diabetes mellitus. encyclopedia britannica. 7. britannica, t. editors of encyclopaedia (2024, july 26). diabetes mellitus. encyclopedia britannica. 8. carl, heneghan., mary, thompson., rafael, perera prevention of diabetes. bmj, doi: 10.1136/bmj.38996.709340.be 9. christine, march., ingrid, libman., dorothy, j., becker., lynne, l., levitsky from antiquity to modern times: a history of diabetes mellitus and its treatments. hormone research in paediatrics, doi: 10.1159/000526441 10. devajit, mohajan., haradhan, mohajan historical view of diabetics mellitus: from ancient egyptian polyuria to discovery of insulin. doi: 10.56397/sssh.2023.07.05. international journal for multidisciplinary research (ijfmr) e-issn: 2582-2160 * website: * email: ijfmr240529100 volume 6, issue 5, september-october 2024 9 11. e., bhavya., goyal, sanjay diabetes and the importance of insulin. international journal of health sciences (ijhs), doi: 10.53730/ijhs.v6ns1.6844 12. fengxiu, ouyang., fumin, shen., feng, jiang., haiqin, hu., mingming, pan risk factors in women with gestational diabetes mellitus. chinese journal of preventive medicine, 13. geremia, b., bolli., francesca, porcellati., paola, lucidi., carmine, g., fanelli the physiological basis of insulin therapy in people with diabetes mellitus. diabetes research and clinical practice, doi: 10.1016/j.diabres.2021.108839 14. goyal r, singhal m, jialal i. type 2 diabetes. [updated 2023 jun 23]. in: statpearls [internet]. treasure island (fl): statpearls publishing; 2024 jan-. available from: 15. gregory, justin & moore, daniel & simmons, jill type 1 diabetes mellitus. pediatrics in review / american academy of pediatrics. 34.203-15.10.1542/pir.34-5-203.16. i., a., kuzina., elena, goncharova., n., s., martirosian., m., e., telnova., ludmila, v., nedosugova., a., a., tulsky., nina, petunina [historical aspects of diagnosis and control of diabetes mellitus]. terapevticheskii arkhiv, doi: 10.26442/00403660.2022.10.201890 17. jaakko, tuomilehto., eva, wolf primary prevention of diabetes mellitus. diabetes care, doi: 10.2337/diacare.10.2.238 18. javeria, saeed., ghazala, yasmeen., anjumara, hasan., ahmed, raheem, bakhsh assessment of gestational diabetes mellitus risk factors in the local population. doi: 10.29052/ijehsr.v4.i4.2016.19-27 19. jinli, liu., zhen, hu, ren., hua, qiang., jine, wu., mingwang, shen., lei, zhang., jun, lyu., jun, lyu trends in the incidence of diabetes mellitus: results from the global burden of disease study 2017 and implications for diabetes mellitus prevention. bmc public health, doi: 10.1186/s12889-020-09502-x 20. jonathan, yuet, han, tan., chirk, jenn, ng prevalence and burden of diabetes mellitus-related symptoms in patients with type 2 diabetes mellitus: a cross-sectional study. malaysian family physician, doi: 10.51866/oa.416.21. kinga, przyborowska., beata, getka., michal, lata., katarzyna, wiejak., mateusz, rukat., justyna, kwiecien osteoarticular complications in diabetes-literature review."
